consent,screening_age_18,screening_real_trader,screening_6_months,D1,D2,D3,D4,D5,D6,D8,D9,D10,A01,A02,A03,A04,A05,A06,A07,A08,A09,A10,A11,A12,A13,A14,A15,A16,A17,A18,A19,A20,S01,S02,S03,S04,S05,S06,S07,S08,S09,S10,S11,S12,S13,S14,S15,S16,S17,S18,S19,S20,S21,S22,S23,S24,S25,S26,S27,S28,S29,S30,S31,S32,S33,S34,S35,S36,S37,S38,S39,S40,S41,S42,S43,S44,S45,S46,S47,S48,S49,S50,S51,S52,S53,S54,S55,S56,S57,S58,S59,S60,S61,S62,S63,S64,S65,S66,S67,S68,S69,S70,S71,S72,S73,S74,S75,R01,R02,R03,R04,R05,R06,R07,R08,R09,R10,R11,R12,R13,duration_seconds
1.0,1.0,1.0,1.0,50.0,مرد,مجرد,فوق لیسانس,کارمند,فارکس,41.0,۵۰ به بالا,۵۰ تا ۲۰۰ میلیون تومان,4.0,2.0,1.0,2.0,1.0,3.0,4.0,3.0,2.0,3.0,3.0,3.0,2.0,4.0,2.0,1.0,2.0,3.0,4.0,1.0,5.0,5.0,3.0,3.0,4.0,2.0,1.0,1.0,6.0,2.0,2.0,3.0,2.0,1.0,1.0,3.0,1.0,3.0,6.0,3.0,3.0,3.0,5.0,3.0,2.0,4.0,5.0,4.0,1.0,3.0,5.0,4.0,6.0,4.0,4.0,2.0,2.0,1.0,1.0,2.0,2.0,3.0,2.0,6.0,2.0,2.0,3.0,3.0,1.0,4.0,4.0,4.0,4.0,3.0,5.0,5.0,3.0,3.0,3.0,2.0,5.0,2.0,5.0,2.0,3.0,3.0,6.0,5.0,3.0,5.0,4.0,3.0,2.0,2.0,2.0,1.0,3.0,3.0,1.0,1.0,1.0,4.0,3.0,3.0,2.0,2.0,3.0,4.0,852.0
1.0,1.0,1.0,1.0,45.0,مرد,متاهل,لیسانس,کارمند,فارکس,24.0,۱ الی ۱۰ معامله,۲۰۰ تا ۵۰۰ میلیون تومان,4.0,1.0,2.0,2.0,3.0,3.0,2.0,2.0,1.0,3.0,2.0,3.0,2.0,3.0,2.0,3.0,2.0,1.0,2.0,1.0,1.0,2.0,4.0,1.0,5.0,4.0,5.0,2.0,1.0,2.0,1.0,2.0,3.0,4.0,1.0,2.0,3.0,1.0,1.0,1.0,1.0,4.0,3.0,2.0,2.0,4.0,5.0,1.0,1.0,1.0,1.0,2.0,2.0,3.0,1.0,4.0,1.0,3.0,2.0,1.0,2.0,4.0,2.0,1.0,1.0,4.0,4.0,3.0,2.0,4.0,1.0,1.0,1.0,1.0,1.0,1.0,5.0,2.0,2.0,2.0,3.0,4.0,6.0,4.0,5.0,4.0,4.0,4.0,2.0,1.0,3.0,2.0,2.0,2.0,2.0,3.0,3.0,1.0,4.0,3.0,4.0,1.0,4.0,2.0,3.0,2.0,3.0,3.0,861.0
1.0,1.0,1.0,1.0,29.0,مرد,متاهل,دیپلم,کارمند,فارکس,15.0,۱۰ الی ۵۰,۵۰۰ میلیون تا ۱ میلیارد تومان,2.0,2.0,4.0,3.0,3.0,2.0,1.0,3.0,4.0,1.0,1.0,3.0,2.0,1.0,2.0,1.0,4.0,4.0,2.0,4.0,2.0,5.0,4.0,4.0,5.0,5.0,4.0,3.0,4.0,5.0,6.0,5.0,6.0,5.0,6.0,4.0,5.0,3.0,3.0,3.0,5.0,6.0,5.0,3.0,4.0,4.0,2.0,4.0,1.0,3.0,3.0,2.0,4.0,3.0,4.0,6.0,4.0,2.0,3.0,2.0,6.0,3.0,5.0,2.0,5.0,6.0,4.0,4.0,4.0,4.0,4.0,3.0,2.0,2.0,6.0,4.0,1.0,2.0,4.0,3.0,5.0,3.0,2.0,6.0,3.0,6.0,5.0,6.0,5.0,5.0,4.0,6.0,6.0,5.0,6.0,1.0,4.0,3.0,4.0,4.0,4.0,4.0,3.0,2.0,4.0,4.0,4.0,4.0,598.0
1.0,1.0,1.0,1.0,30.0,مرد,متاهل,لیسانس,کارمند,بورس,30.0,۱۰ الی ۵۰,۵۰ تا ۲۰۰ میلیون تومان,3.0,2.0,2.0,1.0,3.0,3.0,3.0,4.0,4.0,3.0,3.0,3.0,3.0,2.0,2.0,4.0,2.0,4.0,2.0,3.0,3.0,3.0,4.0,4.0,3.0,4.0,4.0,3.0,6.0,4.0,4.0,3.0,3.0,2.0,5.0,6.0,4.0,5.0,3.0,3.0,3.0,4.0,3.0,3.0,2.0,5.0,5.0,5.0,3.0,5.0,4.0,6.0,6.0,6.0,6.0,1.0,1.0,2.0,2.0,1.0,5.0,6.0,6.0,6.0,6.0,2.0,5.0,4.0,6.0,3.0,3.0,3.0,4.0,4.0,2.0,5.0,4.0,1.0,3.0,3.0,2.0,5.0,6.0,6.0,4.0,4.0,2.0,3.0,4.0,4.0,4.0,6.0,5.0,4.0,4.0,2.0,3.0,3.0,2.0,2.0,1.0,3.0,2.0,1.0,3.0,2.0,3.0,4.0,970.0
1.0,1.0,1.0,1.0,31.0,زن,مجرد,فوق لیسانس,سایر,بورس,17.0,۱۰ الی ۵۰,کمتر از ۵۰ میلیون تومان,3.0,2.0,2.0,4.0,1.0,2.0,4.0,2.0,2.0,4.0,2.0,2.0,3.0,3.0,3.0,2.0,2.0,3.0,3.0,1.0,4.0,3.0,5.0,2.0,1.0,1.0,2.0,2.0,5.0,4.0,5.0,2.0,4.0,3.0,2.0,2.0,2.0,2.0,3.0,1.0,1.0,4.0,5.0,5.0,2.0,5.0,4.0,4.0,3.0,6.0,4.0,2.0,2.0,5.0,2.0,2.0,3.0,2.0,1.0,1.0,1.0,2.0,5.0,1.0,2.0,5.0,4.0,3.0,2.0,2.0,1.0,4.0,3.0,1.0,4.0,4.0,1.0,1.0,2.0,4.0,1.0,4.0,6.0,3.0,2.0,1.0,1.0,1.0,1.0,2.0,4.0,3.0,2.0,4.0,1.0,1.0,2.0,4.0,2.0,2.0,4.0,4.0,4.0,2.0,2.0,3.0,4.0,1.0,1829.0
1.0,1.0,1.0,1.0,43.0,مرد,مجرد,لیسانس,کارمند,بورس,70.0,۵۰ به بالا,۲۰۰ تا ۵۰۰ میلیون تومان,4.0,1.0,2.0,1.0,2.0,4.0,2.0,2.0,1.0,2.0,3.0,2.0,3.0,4.0,3.0,3.0,2.0,1.0,4.0,1.0,2.0,1.0,1.0,1.0,1.0,3.0,1.0,4.0,3.0,4.0,4.0,2.0,3.0,4.0,1.0,5.0,2.0,3.0,4.0,6.0,2.0,1.0,2.0,4.0,3.0,3.0,3.0,1.0,2.0,1.0,3.0,3.0,3.0,3.0,6.0,1.0,4.0,2.0,1.0,3.0,3.0,5.0,3.0,3.0,2.0,2.0,2.0,3.0,1.0,1.0,1.0,3.0,2.0,3.0,3.0,2.0,4.0,1.0,1.0,2.0,3.0,3.0,2.0,3.0,3.0,1.0,3.0,2.0,1.0,4.0,3.0,3.0,3.0,4.0,4.0,3.0,2.0,2.0,2.0,4.0,4.0,2.0,3.0,2.0,1.0,1.0,3.0,2.0,983.0
1.0,1.0,1.0,1.0,26.0,زن,مجرد,فوق لیسانس,کارمند,بورس,75.0,۱۰ الی ۵۰,کمتر از ۵۰ میلیون تومان,4.0,2.0,3.0,2.0,3.0,4.0,2.0,3.0,4.0,1.0,2.0,3.0,1.0,1.0,1.0,4.0,2.0,3.0,2.0,3.0,2.0,3.0,3.0,3.0,3.0,4.0,4.0,4.0,4.0,3.0,3.0,2.0,2.0,2.0,2.0,5.0,1.0,2.0,3.0,2.0,4.0,2.0,3.0,1.0,4.0,3.0,2.0,5.0,3.0,1.0,3.0,6.0,5.0,2.0,2.0,2.0,1.0,4.0,3.0,2.0,2.0,3.0,2.0,2.0,4.0,4.0,4.0,4.0,2.0,1.0,1.0,3.0,1.0,4.0,5.0,3.0,3.0,4.0,3.0,3.0,3.0,1.0,3.0,4.0,1.0,4.0,5.0,3.0,3.0,3.0,2.0,1.0,1.0,2.0,1.0,3.0,2.0,2.0,1.0,3.0,3.0,2.0,2.0,1.0,2.0,3.0,3.0,3.0,1696.0
1.0,1.0,1.0,1.0,28.0,مرد,متاهل,فوق لیسانس,مشاغل آزاد,رمزارز,39.0,۱۰ الی ۵۰,بیش از ۱ میلیارد تومان,3.0,3.0,2.0,4.0,1.0,3.0,2.0,1.0,1.0,4.0,2.0,2.0,4.0,3.0,2.0,3.0,1.0,1.0,4.0,1.0,6.0,4.0,4.0,4.0,2.0,2.0,1.0,2.0,1.0,4.0,3.0,2.0,3.0,3.0,1.0,3.0,2.0,1.0,1.0,3.0,2.0,5.0,3.0,4.0,4.0,4.0,1.0,1.0,1.0,2.0,1.0,1.0,3.0,5.0,3.0,1.0,3.0,1.0,1.0,1.0,3.0,3.0,1.0,4.0,2.0,5.0,3.0,2.0,1.0,2.0,1.0,1.0,1.0,2.0,2.0,1.0,1.0,3.0,2.0,1.0,1.0,1.0,4.0,2.0,2.0,4.0,2.0,5.0,1.0,1.0,1.0,1.0,2.0,3.0,1.0,3.0,2.0,1.0,2.0,3.0,1.0,2.0,1.0,2.0,1.0,1.0,3.0,2.0,1074.0
1.0,1.0,1.0,1.0,25.0,زن,مجرد,لیسانس,کارمند,بورس,85.0,۱ الی ۱۰ معامله,۲۰۰ تا ۵۰۰ میلیون تومان,2.0,4.0,3.0,4.0,3.0,4.0,4.0,2.0,3.0,3.0,1.0,1.0,2.0,1.0,3.0,1.0,4.0,2.0,2.0,3.0,2.0,3.0,4.0,4.0,5.0,1.0,3.0,2.0,2.0,2.0,1.0,3.0,3.0,4.0,4.0,5.0,4.0,2.0,2.0,5.0,4.0,2.0,5.0,4.0,4.0,2.0,2.0,2.0,5.0,5.0,3.0,3.0,5.0,2.0,3.0,4.0,2.0,3.0,3.0,2.0,5.0,6.0,3.0,4.0,5.0,1.0,2.0,4.0,2.0,1.0,3.0,2.0,5.0,2.0,3.0,3.0,2.0,3.0,4.0,4.0,4.0,6.0,4.0,1.0,4.0,1.0,5.0,4.0,5.0,5.0,5.0,4.0,5.0,5.0,4.0,1.0,3.0,2.0,3.0,4.0,3.0,4.0,3.0,4.0,4.0,3.0,4.0,3.0,1075.0
1.0,1.0,1.0,1.0,29.0,زن,مطلقه/سایر,دیپلم,مشاغل آزاد,رمزارز,80.0,۱۰ الی ۵۰,بیش از ۱ میلیارد تومان,1.0,2.0,2.0,3.0,2.0,1.0,3.0,1.0,3.0,2.0,1.0,2.0,3.0,1.0,4.0,1.0,3.0,3.0,3.0,3.0,3.0,3.0,4.0,2.0,3.0,2.0,3.0,4.0,3.0,2.0,2.0,2.0,1.0,2.0,3.0,5.0,3.0,2.0,3.0,4.0,4.0,4.0,5.0,3.0,4.0,4.0,3.0,2.0,4.0,4.0,6.0,5.0,5.0,6.0,3.0,6.0,5.0,4.0,6.0,4.0,3.0,4.0,5.0,6.0,5.0,3.0,1.0,4.0,6.0,3.0,1.0,5.0,2.0,6.0,1.0,2.0,2.0,3.0,2.0,1.0,1.0,4.0,3.0,5.0,2.0,1.0,1.0,3.0,4.0,2.0,3.0,4.0,2.0,5.0,6.0,3.0,3.0,1.0,2.0,3.0,1.0,2.0,1.0,3.0,3.0,1.0,1.0,3.0,1383.0
1.0,1.0,1.0,1.0,53.0,مرد,مجرد,فوق لیسانس,سایر,رمزارز,58.0,۱۰ الی ۵۰,کمتر از ۵۰ میلیون تومان,3.0,4.0,2.0,3.0,3.0,1.0,2.0,3.0,4.0,1.0,2.0,3.0,2.0,1.0,4.0,2.0,2.0,2.0,3.0,3.0,3.0,3.0,2.0,3.0,4.0,1.0,1.0,2.0,1.0,2.0,3.0,6.0,6.0,3.0,1.0,5.0,4.0,6.0,5.0,3.0,4.0,4.0,4.0,5.0,4.0,3.0,1.0,6.0,3.0,3.0,3.0,2.0,3.0,1.0,1.0,6.0,4.0,4.0,4.0,6.0,3.0,4.0,2.0,3.0,6.0,4.0,3.0,3.0,4.0,4.0,3.0,4.0,2.0,4.0,4.0,2.0,3.0,3.0,3.0,3.0,4.0,4.0,4.0,2.0,5.0,6.0,6.0,6.0,6.0,5.0,2.0,4.0,1.0,2.0,2.0,2.0,4.0,3.0,4.0,2.0,3.0,2.0,2.0,3.0,2.0,4.0,4.0,4.0,1337.0
1.0,1.0,1.0,1.0,29.0,زن,متاهل,دکتری,مشاغل آزاد,فارکس,33.0,۱۰ الی ۵۰,کمتر از ۵۰ میلیون تومان,3.0,2.0,2.0,1.0,2.0,3.0,3.0,2.0,1.0,4.0,2.0,4.0,3.0,3.0,2.0,3.0,3.0,1.0,3.0,3.0,1.0,3.0,5.0,1.0,4.0,1.0,2.0,1.0,1.0,2.0,1.0,3.0,2.0,1.0,1.0,1.0,5.0,1.0,1.0,1.0,1.0,1.0,1.0,2.0,4.0,1.0,1.0,1.0,4.0,3.0,2.0,1.0,1.0,1.0,2.0,1.0,1.0,1.0,1.0,1.0,3.0,1.0,4.0,4.0,4.0,1.0,1.0,1.0,2.0,1.0,1.0,2.0,2.0,1.0,2.0,4.0,1.0,1.0,1.0,1.0,3.0,3.0,4.0,4.0,3.0,3.0,1.0,1.0,1.0,2.0,1.0,1.0,1.0,2.0,2.0,3.0,1.0,4.0,2.0,4.0,3.0,1.0,3.0,1.0,4.0,4.0,4.0,1.0,476.0
1.0,1.0,1.0,1.0,44.0,مرد,متاهل,فوق لیسانس,کارمند,بورس,23.0,۵۰ به بالا,کمتر از ۵۰ میلیون تومان,3.0,3.0,3.0,3.0,4.0,1.0,3.0,3.0,3.0,3.0,1.0,4.0,3.0,2.0,2.0,3.0,2.0,2.0,1.0,4.0,3.0,5.0,5.0,2.0,4.0,1.0,2.0,1.0,1.0,1.0,1.0,1.0,2.0,4.0,3.0,2.0,2.0,3.0,3.0,4.0,1.0,3.0,3.0,2.0,2.0,4.0,1.0,2.0,4.0,3.0,4.0,3.0,2.0,3.0,5.0,2.0,1.0,3.0,2.0,3.0,5.0,3.0,5.0,4.0,4.0,1.0,4.0,4.0,4.0,4.0,4.0,4.0,1.0,2.0,3.0,3.0,3.0,6.0,1.0,3.0,2.0,4.0,1.0,4.0,3.0,2.0,2.0,4.0,3.0,4.0,2.0,4.0,2.0,4.0,5.0,2.0,3.0,3.0,3.0,3.0,3.0,2.0,4.0,1.0,2.0,1.0,3.0,3.0,419.0
1.0,1.0,1.0,1.0,44.0,مرد,مجرد,فوق دیپلم,کارمند,بورس,36.0,۱ الی ۱۰ معامله,کمتر از ۵۰ میلیون تومان,3.0,1.0,3.0,2.0,2.0,4.0,1.0,1.0,1.0,1.0,1.0,3.0,2.0,1.0,3.0,4.0,4.0,2.0,2.0,3.0,6.0,3.0,6.0,3.0,5.0,1.0,2.0,2.0,4.0,3.0,4.0,3.0,4.0,2.0,2.0,3.0,2.0,5.0,2.0,4.0,1.0,2.0,2.0,1.0,3.0,4.0,4.0,4.0,5.0,2.0,4.0,4.0,1.0,2.0,1.0,3.0,1.0,4.0,4.0,4.0,2.0,1.0,1.0,3.0,2.0,1.0,1.0,1.0,2.0,1.0,3.0,3.0,4.0,2.0,2.0,3.0,3.0,3.0,3.0,3.0,3.0,3.0,3.0,4.0,2.0,4.0,2.0,2.0,3.0,2.0,6.0,5.0,6.0,6.0,6.0,4.0,3.0,3.0,2.0,2.0,2.0,1.0,4.0,3.0,3.0,3.0,4.0,4.0,591.0
1.0,1.0,1.0,1.0,46.0,زن,مجرد,لیسانس,کارمند,فارکس,99.0,۵۰ به بالا,۲۰۰ تا ۵۰۰ میلیون تومان,3.0,2.0,1.0,1.0,4.0,1.0,2.0,4.0,4.0,2.0,1.0,4.0,2.0,3.0,4.0,3.0,2.0,4.0,2.0,4.0,6.0,2.0,6.0,1.0,3.0,2.0,2.0,2.0,1.0,4.0,4.0,1.0,4.0,1.0,1.0,4.0,3.0,3.0,2.0,1.0,2.0,3.0,4.0,3.0,3.0,4.0,3.0,5.0,2.0,1.0,2.0,1.0,1.0,1.0,1.0,4.0,1.0,3.0,4.0,2.0,5.0,4.0,1.0,1.0,2.0,2.0,2.0,1.0,5.0,3.0,3.0,2.0,2.0,2.0,2.0,5.0,1.0,1.0,1.0,2.0,4.0,5.0,4.0,5.0,5.0,3.0,1.0,1.0,3.0,2.0,1.0,4.0,2.0,1.0,3.0,3.0,4.0,2.0,4.0,2.0,4.0,3.0,4.0,4.0,3.0,2.0,3.0,4.0,988.0
1.0,1.0,1.0,1.0,50.0,مرد,مجرد,دیپلم,مشاغل آزاد,بورس,21.0,۱۰ الی ۵۰,۵۰ تا ۲۰۰ میلیون تومان,2.0,3.0,2.0,2.0,3.0,2.0,4.0,1.0,3.0,4.0,3.0,3.0,2.0,2.0,4.0,3.0,2.0,2.0,3.0,1.0,1.0,4.0,2.0,3.0,2.0,2.0,1.0,2.0,1.0,3.0,3.0,3.0,5.0,3.0,1.0,2.0,3.0,1.0,3.0,2.0,2.0,2.0,1.0,2.0,3.0,3.0,2.0,3.0,3.0,2.0,3.0,2.0,3.0,4.0,3.0,1.0,2.0,1.0,3.0,1.0,4.0,4.0,4.0,2.0,1.0,4.0,2.0,5.0,4.0,3.0,2.0,5.0,2.0,2.0,2.0,1.0,1.0,1.0,1.0,2.0,2.0,4.0,5.0,4.0,5.0,4.0,2.0,3.0,2.0,2.0,4.0,2.0,3.0,3.0,2.0,3.0,4.0,3.0,3.0,3.0,4.0,3.0,1.0,2.0,1.0,3.0,2.0,1.0,918.0
1.0,1.0,1.0,1.0,36.0,مرد,متاهل,فوق لیسانس,کارمند,بورس,24.0,۵۰ به بالا,ترجیح می‌دهم پاسخ ندهم,3.0,4.0,3.0,2.0,4.0,4.0,2.0,4.0,3.0,2.0,1.0,3.0,1.0,1.0,2.0,3.0,4.0,4.0,1.0,4.0,3.0,2.0,2.0,6.0,2.0,3.0,2.0,3.0,5.0,3.0,3.0,4.0,6.0,5.0,2.0,2.0,1.0,2.0,2.0,1.0,1.0,1.0,5.0,1.0,3.0,4.0,3.0,2.0,2.0,5.0,2.0,2.0,3.0,4.0,3.0,4.0,4.0,4.0,5.0,4.0,4.0,5.0,4.0,5.0,4.0,5.0,5.0,3.0,5.0,4.0,2.0,4.0,5.0,5.0,6.0,3.0,3.0,4.0,5.0,3.0,5.0,5.0,3.0,5.0,4.0,4.0,3.0,1.0,3.0,3.0,2.0,4.0,4.0,2.0,1.0,4.0,1.0,2.0,1.0,1.0,2.0,1.0,1.0,1.0,1.0,2.0,1.0,2.0,681.0
1.0,1.0,1.0,1.0,32.0,زن,متاهل,زیر دیپلم,مشاغل آزاد,رمزارز,20.0,۱۰ الی ۵۰,۵۰ تا ۲۰۰ میلیون تومان,3.0,1.0,2.0,3.0,1.0,3.0,1.0,2.0,1.0,3.0,1.0,2.0,3.0,4.0,1.0,4.0,2.0,1.0,3.0,1.0,2.0,3.0,2.0,4.0,1.0,2.0,4.0,2.0,3.0,4.0,3.0,3.0,4.0,2.0,2.0,4.0,3.0,1.0,2.0,2.0,5.0,4.0,5.0,3.0,3.0,4.0,5.0,5.0,6.0,2.0,3.0,3.0,1.0,4.0,1.0,4.0,2.0,6.0,4.0,2.0,3.0,6.0,2.0,1.0,4.0,3.0,2.0,2.0,3.0,3.0,4.0,2.0,2.0,3.0,1.0,1.0,1.0,4.0,1.0,2.0,2.0,1.0,5.0,2.0,2.0,1.0,2.0,1.0,1.0,2.0,1.0,1.0,1.0,1.0,1.0,4.0,2.0,1.0,1.0,1.0,1.0,3.0,1.0,2.0,1.0,3.0,1.0,2.0,905.0
1.0,1.0,1.0,1.0,38.0,مرد,متاهل,لیسانس,کارمند,فارکس,115.0,۱۰ الی ۵۰,۲۰۰ تا ۵۰۰ میلیون تومان,3.0,4.0,3.0,3.0,3.0,3.0,2.0,3.0,3.0,4.0,4.0,3.0,1.0,3.0,3.0,3.0,1.0,2.0,3.0,3.0,3.0,4.0,2.0,2.0,4.0,1.0,1.0,2.0,2.0,1.0,2.0,5.0,2.0,3.0,2.0,2.0,1.0,3.0,3.0,1.0,2.0,2.0,1.0,2.0,2.0,2.0,1.0,1.0,3.0,3.0,3.0,2.0,2.0,1.0,2.0,3.0,2.0,1.0,4.0,3.0,2.0,2.0,2.0,2.0,1.0,3.0,2.0,1.0,4.0,1.0,4.0,2.0,2.0,3.0,3.0,3.0,2.0,1.0,1.0,1.0,1.0,3.0,2.0,4.0,4.0,4.0,3.0,5.0,2.0,4.0,3.0,3.0,2.0,3.0,2.0,3.0,1.0,1.0,2.0,2.0,1.0,3.0,1.0,1.0,1.0,1.0,2.0,3.0,755.0
1.0,1.0,1.0,1.0,47.0,زن,متاهل,لیسانس,کارمند,بورس,63.0,۵۰ به بالا,۲۰۰ تا ۵۰۰ میلیون تومان,2.0,4.0,4.0,4.0,2.0,3.0,1.0,4.0,4.0,1.0,3.0,4.0,1.0,1.0,4.0,1.0,4.0,2.0,1.0,4.0,3.0,3.0,2.0,2.0,4.0,5.0,2.0,3.0,4.0,6.0,4.0,1.0,4.0,4.0,4.0,5.0,4.0,2.0,3.0,4.0,6.0,6.0,4.0,5.0,5.0,3.0,2.0,2.0,4.0,3.0,1.0,4.0,3.0,4.0,1.0,6.0,5.0,6.0,4.0,4.0,3.0,2.0,4.0,6.0,4.0,6.0,6.0,6.0,3.0,3.0,2.0,3.0,5.0,4.0,3.0,2.0,1.0,5.0,6.0,5.0,2.0,5.0,3.0,4.0,4.0,5.0,6.0,6.0,4.0,5.0,2.0,5.0,1.0,2.0,1.0,1.0,4.0,4.0,4.0,4.0,2.0,4.0,4.0,4.0,4.0,4.0,4.0,3.0,870.0
1.0,1.0,1.0,1.0,28.0,مرد,مجرد,دیپلم,مشاغل آزاد,بورس,23.0,۱۰ الی ۵۰,۲۰۰ تا ۵۰۰ میلیون تومان,3.0,2.0,2.0,4.0,3.0,2.0,1.0,4.0,3.0,1.0,3.0,3.0,1.0,2.0,4.0,3.0,2.0,4.0,4.0,2.0,3.0,4.0,5.0,5.0,5.0,1.0,3.0,3.0,2.0,3.0,4.0,6.0,1.0,3.0,2.0,4.0,2.0,4.0,2.0,3.0,4.0,2.0,1.0,6.0,3.0,5.0,6.0,6.0,5.0,3.0,4.0,5.0,2.0,5.0,5.0,2.0,4.0,2.0,3.0,5.0,3.0,3.0,3.0,4.0,3.0,6.0,2.0,4.0,4.0,4.0,3.0,4.0,3.0,4.0,4.0,3.0,3.0,4.0,2.0,2.0,4.0,2.0,2.0,3.0,4.0,2.0,3.0,5.0,4.0,4.0,3.0,3.0,3.0,4.0,1.0,2.0,3.0,2.0,4.0,4.0,2.0,3.0,2.0,2.0,3.0,3.0,2.0,3.0,1505.0
1.0,1.0,1.0,1.0,43.0,مرد,مجرد,لیسانس,کارمند,رمزارز,47.0,۱ الی ۱۰ معامله,۵۰۰ میلیون تا ۱ میلیارد تومان,3.0,2.0,3.0,3.0,3.0,2.0,4.0,2.0,2.0,2.0,2.0,2.0,2.0,1.0,4.0,2.0,3.0,2.0,1.0,2.0,1.0,3.0,4.0,1.0,3.0,1.0,4.0,3.0,3.0,2.0,1.0,1.0,2.0,1.0,2.0,1.0,2.0,5.0,2.0,2.0,5.0,1.0,1.0,4.0,1.0,1.0,4.0,2.0,3.0,1.0,2.0,1.0,3.0,2.0,2.0,2.0,2.0,2.0,2.0,2.0,1.0,1.0,2.0,4.0,1.0,4.0,2.0,3.0,2.0,1.0,2.0,4.0,3.0,2.0,4.0,3.0,2.0,3.0,1.0,4.0,1.0,3.0,1.0,3.0,2.0,3.0,2.0,4.0,4.0,2.0,1.0,1.0,1.0,1.0,1.0,1.0,4.0,2.0,3.0,3.0,3.0,3.0,4.0,4.0,3.0,4.0,3.0,3.0,649.0
1.0,1.0,1.0,1.0,23.0,مرد,متاهل,دکتری,مشاغل آزاد,رمزارز,26.0,۱ الی ۱۰ معامله,کمتر از ۵۰ میلیون تومان,3.0,3.0,3.0,1.0,4.0,2.0,1.0,4.0,2.0,2.0,3.0,4.0,1.0,2.0,3.0,1.0,3.0,3.0,1.0,2.0,4.0,3.0,2.0,3.0,2.0,4.0,3.0,2.0,2.0,1.0,2.0,3.0,4.0,1.0,2.0,3.0,1.0,1.0,2.0,3.0,6.0,3.0,2.0,4.0,5.0,1.0,1.0,2.0,1.0,1.0,3.0,1.0,1.0,1.0,2.0,5.0,2.0,5.0,2.0,3.0,3.0,3.0,3.0,4.0,4.0,2.0,3.0,1.0,3.0,2.0,1.0,6.0,3.0,4.0,4.0,5.0,3.0,2.0,2.0,2.0,3.0,1.0,1.0,1.0,3.0,3.0,2.0,3.0,3.0,5.0,1.0,1.0,1.0,1.0,2.0,2.0,2.0,2.0,2.0,2.0,3.0,3.0,3.0,2.0,3.0,3.0,4.0,4.0,737.0
1.0,1.0,1.0,1.0,52.0,مرد,مجرد,دکتری,کارمند,کالا,32.0,۱۰ الی ۵۰,۵۰۰ میلیون تا ۱ میلیارد تومان,2.0,4.0,2.0,3.0,2.0,2.0,2.0,3.0,3.0,1.0,4.0,4.0,3.0,2.0,4.0,1.0,2.0,3.0,1.0,3.0,1.0,2.0,1.0,2.0,2.0,2.0,2.0,2.0,2.0,3.0,3.0,2.0,3.0,1.0,3.0,4.0,2.0,5.0,4.0,3.0,3.0,4.0,6.0,5.0,3.0,4.0,4.0,5.0,3.0,4.0,5.0,1.0,6.0,3.0,3.0,4.0,5.0,5.0,3.0,4.0,3.0,5.0,6.0,4.0,6.0,4.0,3.0,2.0,3.0,6.0,3.0,4.0,3.0,3.0,2.0,2.0,3.0,1.0,2.0,3.0,2.0,4.0,1.0,2.0,3.0,1.0,2.0,1.0,3.0,4.0,2.0,2.0,2.0,3.0,4.0,3.0,2.0,4.0,4.0,4.0,4.0,4.0,4.0,3.0,4.0,4.0,3.0,1.0,1064.0
1.0,1.0,1.0,1.0,42.0,زن,مجرد,فوق لیسانس,کارمند,بورس,13.0,۱ الی ۱۰ معامله,۵۰ تا ۲۰۰ میلیون تومان,3.0,1.0,4.0,3.0,3.0,2.0,4.0,2.0,2.0,4.0,4.0,3.0,1.0,4.0,1.0,2.0,3.0,3.0,2.0,4.0,3.0,3.0,3.0,3.0,1.0,1.0,1.0,1.0,2.0,4.0,1.0,2.0,3.0,2.0,2.0,2.0,3.0,4.0,3.0,1.0,6.0,4.0,3.0,2.0,3.0,3.0,3.0,1.0,1.0,6.0,1.0,4.0,2.0,3.0,2.0,1.0,1.0,3.0,1.0,2.0,2.0,4.0,3.0,1.0,3.0,4.0,3.0,5.0,3.0,2.0,1.0,1.0,1.0,2.0,1.0,1.0,2.0,1.0,3.0,1.0,1.0,2.0,1.0,1.0,1.0,6.0,3.0,2.0,4.0,1.0,3.0,1.0,3.0,3.0,2.0,3.0,1.0,1.0,1.0,2.0,2.0,3.0,2.0,1.0,1.0,2.0,1.0,2.0,842.0
1.0,1.0,1.0,1.0,53.0,زن,مجرد,فوق دیپلم,کارمند,بورس,37.0,۱۰ الی ۵۰,۵۰ تا ۲۰۰ میلیون تومان,4.0,1.0,2.0,3.0,3.0,3.0,4.0,1.0,1.0,1.0,2.0,2.0,3.0,3.0,1.0,4.0,2.0,1.0,3.0,1.0,5.0,2.0,5.0,3.0,4.0,6.0,3.0,3.0,5.0,5.0,4.0,4.0,2.0,1.0,2.0,5.0,4.0,3.0,2.0,4.0,3.0,6.0,4.0,2.0,4.0,2.0,2.0,1.0,2.0,1.0,3.0,5.0,5.0,4.0,5.0,4.0,3.0,3.0,1.0,1.0,2.0,4.0,5.0,3.0,5.0,3.0,3.0,4.0,1.0,2.0,4.0,5.0,5.0,3.0,3.0,5.0,4.0,4.0,3.0,4.0,4.0,3.0,6.0,2.0,4.0,5.0,3.0,5.0,3.0,5.0,4.0,2.0,6.0,4.0,5.0,3.0,3.0,1.0,2.0,2.0,3.0,3.0,4.0,3.0,2.0,3.0,4.0,4.0,1194.0
1.0,1.0,1.0,1.0,40.0,مرد,مجرد,لیسانس,سایر,بورس,54.0,۱۰ الی ۵۰,کمتر از ۵۰ میلیون تومان,2.0,3.0,1.0,1.0,2.0,3.0,4.0,2.0,3.0,4.0,1.0,1.0,4.0,4.0,1.0,4.0,2.0,2.0,4.0,2.0,2.0,1.0,3.0,3.0,4.0,3.0,1.0,1.0,1.0,1.0,2.0,1.0,2.0,2.0,1.0,2.0,2.0,4.0,5.0,3.0,6.0,3.0,3.0,1.0,3.0,3.0,1.0,1.0,5.0,1.0,4.0,2.0,3.0,3.0,3.0,3.0,2.0,5.0,2.0,3.0,5.0,5.0,2.0,1.0,3.0,1.0,2.0,1.0,1.0,1.0,2.0,1.0,3.0,6.0,2.0,2.0,3.0,1.0,5.0,4.0,2.0,4.0,2.0,2.0,3.0,2.0,4.0,5.0,1.0,4.0,5.0,2.0,1.0,2.0,5.0,3.0,1.0,3.0,2.0,4.0,3.0,3.0,2.0,4.0,2.0,3.0,1.0,2.0,715.0
1.0,1.0,1.0,1.0,38.0,مرد,متاهل,دیپلم,کارمند,سایر,24.0,۱ الی ۱۰ معامله,۵۰ تا ۲۰۰ میلیون تومان,3.0,3.0,3.0,1.0,2.0,3.0,2.0,2.0,2.0,2.0,4.0,3.0,1.0,3.0,3.0,3.0,3.0,3.0,3.0,3.0,3.0,2.0,4.0,3.0,4.0,4.0,3.0,4.0,4.0,3.0,5.0,5.0,4.0,5.0,5.0,3.0,2.0,2.0,1.0,3.0,2.0,3.0,3.0,6.0,5.0,1.0,3.0,4.0,3.0,3.0,6.0,5.0,5.0,5.0,5.0,3.0,2.0,4.0,1.0,2.0,2.0,1.0,1.0,3.0,3.0,1.0,2.0,2.0,3.0,3.0,6.0,2.0,2.0,1.0,2.0,4.0,5.0,3.0,3.0,3.0,3.0,4.0,4.0,3.0,5.0,2.0,1.0,4.0,4.0,4.0,1.0,3.0,4.0,5.0,4.0,4.0,3.0,2.0,1.0,2.0,2.0,3.0,4.0,3.0,2.0,2.0,2.0,4.0,543.0
1.0,1.0,1.0,1.0,31.0,مرد,متاهل,لیسانس,کارمند,بورس,35.0,۱ الی ۱۰ معامله,۲۰۰ تا ۵۰۰ میلیون تومان,2.0,3.0,3.0,2.0,3.0,2.0,2.0,4.0,3.0,1.0,3.0,3.0,2.0,3.0,2.0,1.0,4.0,2.0,2.0,2.0,1.0,3.0,1.0,1.0,1.0,4.0,4.0,3.0,4.0,2.0,5.0,4.0,3.0,4.0,4.0,3.0,3.0,2.0,2.0,2.0,5.0,2.0,2.0,2.0,5.0,5.0,5.0,6.0,2.0,4.0,2.0,1.0,4.0,3.0,2.0,3.0,4.0,4.0,4.0,3.0,4.0,2.0,2.0,2.0,3.0,5.0,4.0,3.0,5.0,4.0,3.0,5.0,5.0,3.0,4.0,1.0,1.0,3.0,3.0,3.0,2.0,1.0,5.0,5.0,4.0,3.0,3.0,2.0,6.0,2.0,3.0,4.0,6.0,4.0,4.0,3.0,4.0,3.0,1.0,4.0,3.0,4.0,3.0,4.0,4.0,3.0,2.0,4.0,972.0
1.0,1.0,1.0,1.0,40.0,زن,مطلقه/سایر,فوق لیسانس,کارمند,طلا و ارز,24.0,۱ الی ۱۰ معامله,۵۰۰ میلیون تا ۱ میلیارد تومان,1.0,4.0,3.0,3.0,3.0,4.0,1.0,3.0,2.0,3.0,2.0,3.0,3.0,2.0,3.0,2.0,4.0,4.0,2.0,2.0,1.0,1.0,3.0,1.0,4.0,3.0,1.0,3.0,4.0,1.0,2.0,1.0,2.0,1.0,2.0,5.0,2.0,4.0,1.0,1.0,1.0,1.0,4.0,5.0,2.0,1.0,1.0,2.0,5.0,3.0,2.0,3.0,5.0,6.0,1.0,1.0,4.0,4.0,2.0,3.0,4.0,3.0,4.0,4.0,3.0,6.0,1.0,4.0,2.0,4.0,4.0,3.0,2.0,3.0,3.0,5.0,2.0,1.0,2.0,2.0,3.0,2.0,4.0,2.0,3.0,5.0,5.0,5.0,3.0,3.0,1.0,1.0,1.0,1.0,3.0,1.0,4.0,3.0,4.0,3.0,3.0,3.0,3.0,4.0,4.0,3.0,4.0,1.0,330.0
1.0,1.0,1.0,1.0,56.0,مرد,مجرد,لیسانس,کارمند,بورس,78.0,۱ الی ۱۰ معامله,۵۰۰ میلیون تا ۱ میلیارد تومان,4.0,3.0,2.0,2.0,3.0,4.0,4.0,1.0,1.0,2.0,2.0,1.0,4.0,4.0,2.0,1.0,2.0,2.0,2.0,2.0,3.0,2.0,2.0,5.0,1.0,3.0,4.0,4.0,3.0,3.0,1.0,2.0,1.0,1.0,2.0,2.0,2.0,1.0,4.0,2.0,2.0,3.0,3.0,2.0,3.0,1.0,2.0,4.0,2.0,2.0,2.0,4.0,5.0,1.0,2.0,2.0,1.0,3.0,1.0,3.0,2.0,5.0,2.0,4.0,3.0,3.0,4.0,1.0,1.0,2.0,2.0,2.0,3.0,2.0,3.0,1.0,1.0,1.0,1.0,2.0,2.0,5.0,2.0,4.0,1.0,4.0,3.0,1.0,3.0,2.0,3.0,6.0,4.0,4.0,6.0,2.0,2.0,1.0,3.0,2.0,4.0,1.0,2.0,3.0,4.0,1.0,1.0,4.0,789.0
1.0,1.0,1.0,1.0,38.0,مرد,مجرد,دیپلم,سایر,بورس,71.0,۱ الی ۱۰ معامله,۲۰۰ تا ۵۰۰ میلیون تومان,4.0,3.0,3.0,2.0,3.0,2.0,3.0,2.0,1.0,3.0,4.0,4.0,4.0,4.0,3.0,3.0,3.0,2.0,3.0,2.0,3.0,4.0,4.0,2.0,2.0,2.0,1.0,3.0,5.0,2.0,2.0,1.0,2.0,2.0,5.0,4.0,2.0,3.0,4.0,3.0,1.0,4.0,2.0,2.0,4.0,4.0,5.0,1.0,3.0,2.0,2.0,2.0,5.0,2.0,5.0,2.0,2.0,4.0,2.0,3.0,2.0,2.0,1.0,3.0,1.0,2.0,2.0,1.0,2.0,1.0,1.0,6.0,2.0,4.0,2.0,4.0,3.0,4.0,1.0,3.0,2.0,3.0,3.0,1.0,3.0,4.0,5.0,1.0,4.0,4.0,2.0,5.0,2.0,4.0,1.0,1.0,1.0,4.0,4.0,3.0,4.0,3.0,3.0,3.0,4.0,1.0,3.0,3.0,1723.0
1.0,1.0,1.0,1.0,30.0,مرد,مجرد,فوق لیسانس,سایر,بورس,52.0,۱۰ الی ۵۰,کمتر از ۵۰ میلیون تومان,4.0,1.0,1.0,1.0,1.0,3.0,4.0,1.0,1.0,4.0,2.0,3.0,4.0,4.0,2.0,4.0,3.0,1.0,4.0,1.0,1.0,3.0,3.0,3.0,3.0,1.0,3.0,4.0,3.0,1.0,2.0,1.0,2.0,1.0,2.0,4.0,3.0,3.0,5.0,2.0,5.0,2.0,4.0,1.0,2.0,2.0,3.0,5.0,2.0,4.0,5.0,4.0,1.0,6.0,4.0,4.0,3.0,2.0,5.0,2.0,1.0,1.0,3.0,1.0,4.0,2.0,2.0,3.0,2.0,4.0,2.0,3.0,3.0,3.0,3.0,1.0,2.0,2.0,3.0,3.0,3.0,4.0,4.0,5.0,1.0,4.0,4.0,4.0,6.0,3.0,3.0,1.0,5.0,3.0,3.0,4.0,2.0,1.0,2.0,1.0,2.0,4.0,1.0,3.0,1.0,1.0,4.0,4.0,653.0
1.0,1.0,1.0,1.0,36.0,مرد,مجرد,لیسانس,خانه‌دار,بورس,62.0,۱۰ الی ۵۰,۵۰۰ میلیون تا ۱ میلیارد تومان,1.0,3.0,4.0,3.0,3.0,1.0,3.0,4.0,4.0,2.0,3.0,4.0,2.0,1.0,3.0,1.0,2.0,4.0,1.0,4.0,1.0,2.0,5.0,3.0,5.0,2.0,3.0,2.0,1.0,2.0,3.0,3.0,1.0,5.0,2.0,1.0,4.0,1.0,1.0,1.0,4.0,4.0,5.0,2.0,3.0,2.0,1.0,4.0,2.0,2.0,5.0,5.0,3.0,5.0,5.0,1.0,2.0,4.0,1.0,1.0,6.0,5.0,3.0,1.0,2.0,4.0,2.0,3.0,4.0,3.0,2.0,4.0,2.0,3.0,4.0,3.0,3.0,4.0,3.0,2.0,1.0,1.0,4.0,1.0,2.0,1.0,3.0,1.0,1.0,2.0,4.0,2.0,3.0,3.0,2.0,2.0,2.0,4.0,3.0,2.0,3.0,3.0,3.0,3.0,2.0,4.0,3.0,2.0,1676.0
1.0,1.0,1.0,1.0,31.0,مرد,مجرد,دیپلم,کارمند,فارکس,13.0,۱۰ الی ۵۰,۵۰۰ میلیون تا ۱ میلیارد تومان,4.0,1.0,1.0,4.0,1.0,3.0,4.0,2.0,3.0,4.0,3.0,2.0,4.0,4.0,1.0,4.0,1.0,4.0,4.0,3.0,3.0,1.0,4.0,2.0,2.0,1.0,4.0,1.0,2.0,2.0,4.0,5.0,3.0,6.0,4.0,3.0,2.0,4.0,4.0,2.0,3.0,2.0,1.0,3.0,1.0,3.0,2.0,3.0,4.0,3.0,2.0,1.0,2.0,2.0,1.0,2.0,1.0,1.0,3.0,2.0,2.0,4.0,1.0,3.0,2.0,2.0,3.0,3.0,3.0,4.0,2.0,1.0,2.0,2.0,3.0,2.0,2.0,4.0,3.0,3.0,4.0,6.0,2.0,3.0,1.0,5.0,5.0,4.0,6.0,4.0,2.0,3.0,3.0,3.0,4.0,1.0,4.0,2.0,2.0,2.0,2.0,3.0,3.0,4.0,4.0,3.0,4.0,3.0,814.0
1.0,1.0,1.0,1.0,45.0,مرد,متاهل,دیپلم,کارمند,رمزارز,55.0,۵۰ به بالا,۵۰ تا ۲۰۰ میلیون تومان,3.0,3.0,2.0,1.0,2.0,3.0,2.0,1.0,4.0,1.0,3.0,2.0,3.0,3.0,3.0,1.0,3.0,3.0,3.0,3.0,4.0,3.0,2.0,3.0,4.0,3.0,1.0,5.0,4.0,4.0,4.0,2.0,4.0,5.0,5.0,5.0,6.0,5.0,6.0,4.0,4.0,6.0,4.0,4.0,6.0,2.0,6.0,5.0,2.0,2.0,3.0,3.0,3.0,4.0,4.0,6.0,5.0,4.0,4.0,4.0,4.0,5.0,5.0,2.0,2.0,6.0,6.0,6.0,6.0,6.0,2.0,1.0,2.0,2.0,2.0,1.0,2.0,3.0,2.0,5.0,4.0,4.0,1.0,2.0,1.0,6.0,1.0,4.0,6.0,4.0,5.0,2.0,6.0,4.0,4.0,1.0,4.0,3.0,4.0,3.0,3.0,3.0,4.0,1.0,1.0,4.0,2.0,3.0,2666.0
1.0,1.0,1.0,1.0,28.0,مرد,متاهل,لیسانس,کارمند,بورس,51.0,۱۰ الی ۵۰,بیش از ۱ میلیارد تومان,3.0,4.0,1.0,2.0,2.0,3.0,3.0,2.0,3.0,2.0,3.0,2.0,2.0,3.0,1.0,3.0,1.0,2.0,2.0,2.0,3.0,5.0,4.0,4.0,5.0,1.0,4.0,1.0,4.0,3.0,1.0,3.0,6.0,2.0,6.0,4.0,2.0,5.0,4.0,5.0,4.0,2.0,2.0,1.0,3.0,3.0,1.0,2.0,2.0,2.0,3.0,1.0,4.0,4.0,4.0,3.0,6.0,3.0,2.0,3.0,3.0,2.0,4.0,3.0,3.0,3.0,4.0,5.0,4.0,2.0,1.0,3.0,1.0,5.0,1.0,5.0,6.0,3.0,6.0,5.0,1.0,2.0,3.0,1.0,2.0,4.0,3.0,2.0,1.0,4.0,2.0,3.0,2.0,1.0,4.0,1.0,2.0,2.0,2.0,2.0,3.0,4.0,1.0,2.0,1.0,3.0,2.0,3.0,823.0
1.0,1.0,1.0,1.0,29.0,زن,مجرد,فوق لیسانس,کارمند,سایر,26.0,۱۰ الی ۵۰,۵۰ تا ۲۰۰ میلیون تومان,3.0,3.0,2.0,3.0,3.0,2.0,3.0,2.0,4.0,3.0,2.0,1.0,1.0,3.0,2.0,3.0,2.0,2.0,2.0,1.0,1.0,4.0,2.0,6.0,2.0,1.0,3.0,2.0,1.0,1.0,1.0,1.0,3.0,2.0,1.0,1.0,1.0,1.0,1.0,3.0,1.0,3.0,3.0,2.0,1.0,2.0,1.0,2.0,3.0,4.0,2.0,3.0,2.0,4.0,6.0,3.0,2.0,3.0,5.0,1.0,3.0,4.0,4.0,3.0,3.0,2.0,3.0,1.0,3.0,3.0,1.0,1.0,1.0,1.0,1.0,2.0,3.0,6.0,2.0,2.0,2.0,3.0,1.0,2.0,3.0,1.0,3.0,3.0,3.0,6.0,1.0,1.0,1.0,1.0,1.0,4.0,3.0,2.0,1.0,2.0,1.0,2.0,2.0,3.0,1.0,1.0,1.0,3.0,1452.0
1.0,1.0,1.0,1.0,31.0,زن,مجرد,دکتری,کارمند,فارکس,17.0,۱ الی ۱۰ معامله,۵۰ تا ۲۰۰ میلیون تومان,3.0,2.0,1.0,1.0,2.0,4.0,4.0,2.0,1.0,4.0,3.0,4.0,2.0,4.0,1.0,4.0,1.0,1.0,3.0,1.0,5.0,1.0,1.0,2.0,1.0,2.0,1.0,1.0,1.0,1.0,4.0,1.0,4.0,1.0,1.0,1.0,1.0,2.0,2.0,1.0,2.0,1.0,1.0,1.0,1.0,2.0,1.0,2.0,3.0,2.0,5.0,1.0,5.0,4.0,5.0,2.0,1.0,2.0,2.0,1.0,1.0,1.0,3.0,2.0,4.0,3.0,1.0,1.0,1.0,1.0,1.0,1.0,2.0,3.0,1.0,1.0,4.0,1.0,2.0,1.0,1.0,3.0,4.0,4.0,3.0,1.0,2.0,2.0,2.0,2.0,3.0,3.0,4.0,2.0,6.0,2.0,4.0,3.0,2.0,3.0,2.0,4.0,1.0,2.0,3.0,3.0,3.0,4.0,547.0
1.0,1.0,1.0,1.0,44.0,مرد,مجرد,فوق لیسانس,کارمند,بورس,23.0,۵۰ به بالا,۲۰۰ تا ۵۰۰ میلیون تومان,2.0,3.0,2.0,2.0,2.0,2.0,4.0,3.0,3.0,3.0,3.0,3.0,2.0,2.0,2.0,4.0,3.0,3.0,4.0,2.0,2.0,2.0,2.0,1.0,2.0,1.0,2.0,1.0,4.0,2.0,3.0,4.0,2.0,3.0,2.0,3.0,4.0,4.0,3.0,3.0,1.0,1.0,2.0,2.0,3.0,2.0,6.0,4.0,2.0,3.0,2.0,4.0,1.0,1.0,2.0,4.0,3.0,4.0,4.0,2.0,3.0,1.0,3.0,3.0,4.0,3.0,1.0,1.0,3.0,2.0,1.0,1.0,5.0,2.0,3.0,2.0,1.0,2.0,1.0,3.0,2.0,3.0,2.0,2.0,1.0,1.0,2.0,4.0,1.0,2.0,2.0,3.0,4.0,1.0,1.0,4.0,1.0,1.0,2.0,1.0,3.0,3.0,2.0,2.0,3.0,2.0,2.0,2.0,636.0
1.0,1.0,1.0,1.0,33.0,زن,متاهل,لیسانس,مشاغل آزاد,بورس,27.0,۵۰ به بالا,کمتر از ۵۰ میلیون تومان,3.0,4.0,3.0,1.0,3.0,2.0,2.0,3.0,2.0,3.0,3.0,3.0,3.0,3.0,2.0,2.0,2.0,3.0,2.0,1.0,2.0,2.0,5.0,6.0,5.0,5.0,4.0,2.0,3.0,5.0,3.0,2.0,3.0,5.0,3.0,4.0,5.0,2.0,5.0,6.0,3.0,5.0,5.0,2.0,6.0,5.0,3.0,2.0,1.0,3.0,2.0,2.0,2.0,3.0,3.0,2.0,1.0,3.0,2.0,4.0,2.0,2.0,2.0,1.0,1.0,4.0,2.0,2.0,4.0,5.0,2.0,3.0,1.0,1.0,3.0,2.0,3.0,5.0,2.0,5.0,3.0,1.0,1.0,1.0,1.0,4.0,2.0,3.0,4.0,4.0,5.0,4.0,4.0,4.0,5.0,3.0,3.0,3.0,4.0,3.0,4.0,4.0,3.0,4.0,2.0,2.0,3.0,1.0,987.0
1.0,1.0,1.0,1.0,28.0,ترجیح می‌دهم پاسخ ندهم,مجرد,دیپلم,کارمند,بورس,69.0,۱۰ الی ۵۰,کمتر از ۵۰ میلیون تومان,1.0,2.0,4.0,4.0,4.0,2.0,2.0,4.0,4.0,4.0,2.0,1.0,1.0,1.0,3.0,1.0,3.0,4.0,1.0,3.0,3.0,4.0,3.0,4.0,6.0,1.0,1.0,2.0,2.0,2.0,4.0,1.0,2.0,2.0,3.0,1.0,1.0,1.0,2.0,1.0,3.0,4.0,4.0,6.0,1.0,2.0,3.0,3.0,2.0,4.0,2.0,4.0,4.0,5.0,5.0,1.0,2.0,3.0,4.0,3.0,2.0,3.0,2.0,2.0,2.0,2.0,1.0,1.0,2.0,3.0,2.0,1.0,2.0,2.0,1.0,4.0,2.0,3.0,4.0,4.0,6.0,6.0,4.0,5.0,4.0,1.0,5.0,4.0,3.0,4.0,3.0,4.0,4.0,1.0,3.0,3.0,2.0,3.0,2.0,4.0,4.0,4.0,4.0,4.0,3.0,2.0,3.0,1.0,901.0
1.0,1.0,1.0,1.0,32.0,مرد,مطلقه/سایر,دیپلم,کارمند,بورس,56.0,۱ الی ۱۰ معامله,۵۰ تا ۲۰۰ میلیون تومان,3.0,3.0,2.0,2.0,4.0,4.0,4.0,3.0,3.0,3.0,2.0,2.0,1.0,3.0,1.0,1.0,2.0,2.0,1.0,1.0,4.0,1.0,3.0,3.0,3.0,2.0,2.0,1.0,2.0,2.0,3.0,2.0,4.0,3.0,1.0,3.0,3.0,3.0,5.0,3.0,1.0,3.0,2.0,2.0,4.0,4.0,3.0,1.0,2.0,2.0,5.0,6.0,5.0,6.0,4.0,1.0,3.0,1.0,2.0,1.0,2.0,2.0,4.0,2.0,1.0,3.0,2.0,4.0,2.0,1.0,2.0,2.0,4.0,2.0,3.0,4.0,3.0,3.0,2.0,1.0,1.0,4.0,4.0,2.0,2.0,1.0,3.0,4.0,3.0,2.0,2.0,2.0,4.0,2.0,2.0,2.0,2.0,4.0,4.0,1.0,1.0,4.0,2.0,1.0,3.0,3.0,3.0,1.0,448.0
1.0,1.0,1.0,1.0,51.0,زن,مجرد,فوق لیسانس,کارمند,بورس,69.0,۱ الی ۱۰ معامله,۵۰ تا ۲۰۰ میلیون تومان,4.0,2.0,2.0,2.0,1.0,3.0,4.0,2.0,4.0,3.0,1.0,2.0,4.0,4.0,3.0,3.0,2.0,2.0,4.0,1.0,1.0,3.0,1.0,2.0,2.0,2.0,1.0,1.0,2.0,1.0,1.0,1.0,3.0,3.0,4.0,1.0,3.0,1.0,2.0,2.0,1.0,4.0,2.0,2.0,1.0,1.0,1.0,2.0,2.0,3.0,2.0,3.0,4.0,1.0,2.0,1.0,2.0,2.0,1.0,1.0,1.0,2.0,2.0,5.0,1.0,1.0,2.0,2.0,1.0,1.0,1.0,2.0,1.0,1.0,1.0,1.0,3.0,1.0,2.0,1.0,3.0,3.0,4.0,3.0,2.0,6.0,1.0,3.0,4.0,4.0,2.0,1.0,2.0,4.0,2.0,2.0,1.0,2.0,2.0,2.0,2.0,1.0,3.0,3.0,2.0,3.0,2.0,2.0,661.0
1.0,1.0,1.0,1.0,44.0,مرد,متاهل,دیپلم,کارمند,رمزارز,67.0,۱ الی ۱۰ معامله,۵۰ تا ۲۰۰ میلیون تومان,3.0,3.0,2.0,3.0,3.0,2.0,1.0,2.0,3.0,3.0,4.0,3.0,1.0,2.0,4.0,3.0,4.0,4.0,4.0,1.0,6.0,4.0,5.0,3.0,5.0,4.0,5.0,4.0,5.0,5.0,4.0,6.0,5.0,5.0,4.0,2.0,3.0,2.0,5.0,3.0,4.0,2.0,6.0,2.0,6.0,2.0,3.0,3.0,5.0,6.0,6.0,6.0,5.0,6.0,2.0,2.0,5.0,4.0,3.0,5.0,6.0,5.0,3.0,5.0,4.0,3.0,3.0,3.0,1.0,4.0,6.0,5.0,5.0,4.0,6.0,6.0,3.0,6.0,4.0,5.0,3.0,5.0,5.0,5.0,4.0,4.0,3.0,3.0,3.0,5.0,6.0,5.0,5.0,4.0,6.0,4.0,2.0,1.0,1.0,2.0,1.0,1.0,1.0,1.0,1.0,2.0,2.0,2.0,1210.0
1.0,1.0,1.0,1.0,46.0,مرد,مجرد,لیسانس,کارمند,طلا و ارز,49.0,۱ الی ۱۰ معامله,کمتر از ۵۰ میلیون تومان,3.0,3.0,2.0,3.0,2.0,3.0,4.0,4.0,3.0,4.0,4.0,3.0,3.0,1.0,3.0,3.0,3.0,3.0,2.0,4.0,2.0,2.0,1.0,2.0,2.0,3.0,5.0,2.0,2.0,3.0,3.0,3.0,4.0,2.0,5.0,2.0,1.0,2.0,2.0,3.0,2.0,3.0,1.0,2.0,4.0,1.0,2.0,1.0,1.0,3.0,3.0,2.0,2.0,1.0,3.0,1.0,2.0,3.0,3.0,4.0,3.0,2.0,4.0,3.0,2.0,1.0,3.0,1.0,3.0,3.0,5.0,3.0,3.0,6.0,2.0,4.0,3.0,5.0,1.0,1.0,3.0,2.0,1.0,6.0,3.0,3.0,5.0,5.0,5.0,2.0,3.0,1.0,2.0,1.0,1.0,3.0,1.0,4.0,2.0,3.0,2.0,2.0,4.0,3.0,4.0,3.0,2.0,1.0,830.0
1.0,1.0,1.0,1.0,25.0,مرد,متاهل,لیسانس,مشاغل آزاد,بورس,71.0,۵۰ به بالا,کمتر از ۵۰ میلیون تومان,4.0,1.0,3.0,4.0,2.0,2.0,3.0,2.0,2.0,3.0,3.0,1.0,4.0,4.0,4.0,3.0,3.0,2.0,4.0,3.0,3.0,4.0,3.0,3.0,5.0,1.0,3.0,2.0,2.0,1.0,5.0,6.0,1.0,5.0,3.0,1.0,2.0,2.0,1.0,2.0,5.0,6.0,5.0,5.0,6.0,4.0,5.0,6.0,3.0,5.0,3.0,3.0,1.0,1.0,2.0,1.0,1.0,3.0,1.0,1.0,1.0,3.0,2.0,3.0,5.0,3.0,4.0,1.0,2.0,3.0,2.0,1.0,3.0,4.0,3.0,1.0,2.0,3.0,1.0,2.0,2.0,4.0,2.0,4.0,4.0,1.0,3.0,2.0,3.0,2.0,3.0,4.0,3.0,4.0,2.0,4.0,3.0,1.0,1.0,1.0,2.0,2.0,1.0,3.0,3.0,1.0,1.0,3.0,832.0
1.0,1.0,1.0,1.0,41.0,مرد,مطلقه/سایر,فوق لیسانس,مشاغل آزاد,بورس,45.0,۵۰ به بالا,۵۰ تا ۲۰۰ میلیون تومان,3.0,2.0,4.0,3.0,4.0,1.0,3.0,4.0,2.0,1.0,3.0,2.0,2.0,1.0,4.0,2.0,3.0,3.0,2.0,4.0,2.0,1.0,4.0,2.0,3.0,1.0,1.0,2.0,3.0,1.0,6.0,3.0,6.0,3.0,3.0,1.0,1.0,2.0,4.0,3.0,1.0,4.0,2.0,2.0,2.0,4.0,6.0,3.0,3.0,6.0,3.0,2.0,1.0,2.0,4.0,6.0,3.0,5.0,4.0,4.0,4.0,2.0,4.0,2.0,2.0,3.0,5.0,1.0,2.0,5.0,4.0,2.0,5.0,3.0,1.0,2.0,1.0,1.0,2.0,2.0,3.0,1.0,6.0,1.0,4.0,3.0,3.0,3.0,2.0,2.0,4.0,6.0,3.0,5.0,4.0,3.0,3.0,1.0,1.0,3.0,4.0,3.0,3.0,1.0,4.0,3.0,2.0,3.0,1669.0
1.0,1.0,1.0,1.0,31.0,مرد,متاهل,لیسانس,کارمند,رمزارز,13.0,۱۰ الی ۵۰,۵۰۰ میلیون تا ۱ میلیارد تومان,3.0,2.0,2.0,3.0,1.0,4.0,2.0,4.0,1.0,2.0,2.0,3.0,3.0,1.0,2.0,3.0,1.0,2.0,4.0,2.0,4.0,1.0,3.0,1.0,2.0,1.0,3.0,1.0,3.0,1.0,4.0,5.0,2.0,1.0,2.0,2.0,2.0,3.0,2.0,3.0,3.0,5.0,2.0,1.0,3.0,1.0,3.0,2.0,3.0,3.0,6.0,4.0,3.0,4.0,3.0,3.0,4.0,3.0,1.0,2.0,2.0,4.0,2.0,4.0,2.0,2.0,1.0,1.0,1.0,1.0,4.0,1.0,3.0,1.0,1.0,2.0,4.0,2.0,4.0,2.0,2.0,3.0,2.0,3.0,2.0,1.0,1.0,1.0,2.0,3.0,2.0,2.0,2.0,3.0,1.0,3.0,2.0,2.0,1.0,2.0,2.0,3.0,3.0,3.0,3.0,2.0,2.0,3.0,1471.0
1.0,1.0,1.0,1.0,30.0,مرد,مجرد,فوق دیپلم,مشاغل آزاد,بورس,22.0,۱۰ الی ۵۰,کمتر از ۵۰ میلیون تومان,2.0,2.0,4.0,4.0,3.0,2.0,4.0,4.0,4.0,2.0,3.0,2.0,2.0,2.0,2.0,2.0,1.0,2.0,4.0,4.0,5.0,5.0,2.0,4.0,2.0,1.0,2.0,5.0,2.0,3.0,3.0,1.0,2.0,3.0,6.0,2.0,1.0,3.0,2.0,3.0,3.0,3.0,3.0,5.0,4.0,2.0,1.0,2.0,2.0,5.0,6.0,3.0,5.0,6.0,5.0,4.0,4.0,3.0,4.0,3.0,4.0,4.0,4.0,3.0,3.0,1.0,3.0,1.0,3.0,2.0,4.0,2.0,3.0,5.0,3.0,4.0,5.0,3.0,6.0,4.0,5.0,3.0,2.0,2.0,2.0,1.0,2.0,2.0,1.0,1.0,3.0,3.0,2.0,2.0,5.0,1.0,4.0,3.0,4.0,4.0,2.0,2.0,4.0,3.0,3.0,2.0,2.0,3.0,436.0
1.0,1.0,1.0,1.0,43.0,زن,مطلقه/سایر,لیسانس,مشاغل آزاد,رمزارز,26.0,۵۰ به بالا,کمتر از ۵۰ میلیون تومان,3.0,1.0,1.0,2.0,1.0,4.0,4.0,2.0,3.0,4.0,2.0,2.0,3.0,4.0,1.0,2.0,2.0,2.0,4.0,1.0,6.0,3.0,6.0,3.0,4.0,4.0,4.0,3.0,4.0,4.0,2.0,5.0,1.0,3.0,3.0,1.0,2.0,5.0,4.0,1.0,2.0,6.0,2.0,3.0,3.0,2.0,2.0,1.0,2.0,5.0,6.0,6.0,6.0,5.0,5.0,2.0,4.0,3.0,3.0,5.0,3.0,6.0,3.0,4.0,5.0,1.0,2.0,1.0,1.0,5.0,4.0,5.0,4.0,4.0,3.0,3.0,2.0,5.0,4.0,3.0,2.0,3.0,3.0,4.0,3.0,2.0,5.0,5.0,3.0,2.0,2.0,2.0,5.0,5.0,5.0,4.0,3.0,3.0,4.0,2.0,1.0,4.0,2.0,4.0,2.0,2.0,3.0,4.0,821.0
1.0,1.0,1.0,1.0,38.0,مرد,مجرد,فوق دیپلم,کارمند,کالا,53.0,۱ الی ۱۰ معامله,کمتر از ۵۰ میلیون تومان,4.0,1.0,1.0,2.0,1.0,3.0,4.0,1.0,2.0,3.0,1.0,1.0,3.0,2.0,2.0,3.0,1.0,1.0,3.0,3.0,3.0,1.0,2.0,1.0,1.0,1.0,1.0,2.0,1.0,1.0,2.0,3.0,4.0,2.0,2.0,1.0,2.0,2.0,1.0,2.0,1.0,1.0,1.0,1.0,1.0,2.0,1.0,1.0,1.0,1.0,1.0,2.0,1.0,2.0,1.0,1.0,1.0,1.0,1.0,1.0,3.0,1.0,3.0,3.0,1.0,2.0,1.0,2.0,3.0,3.0,1.0,2.0,2.0,1.0,2.0,2.0,2.0,2.0,1.0,1.0,2.0,3.0,4.0,2.0,1.0,2.0,1.0,3.0,2.0,1.0,1.0,2.0,3.0,5.0,1.0,1.0,3.0,4.0,3.0,4.0,2.0,3.0,4.0,2.0,2.0,3.0,3.0,4.0,1405.0
1.0,1.0,1.0,1.0,31.0,زن,متاهل,فوق دیپلم,کارمند,رمزارز,43.0,۱ الی ۱۰ معامله,۵۰ تا ۲۰۰ میلیون تومان,3.0,1.0,4.0,1.0,3.0,4.0,2.0,3.0,3.0,1.0,2.0,2.0,3.0,2.0,2.0,3.0,3.0,3.0,4.0,4.0,1.0,4.0,1.0,1.0,2.0,3.0,1.0,3.0,4.0,3.0,2.0,4.0,5.0,3.0,3.0,1.0,3.0,4.0,2.0,1.0,5.0,2.0,3.0,3.0,3.0,3.0,3.0,4.0,2.0,2.0,2.0,1.0,1.0,2.0,1.0,1.0,2.0,1.0,3.0,2.0,3.0,5.0,6.0,4.0,2.0,3.0,2.0,3.0,6.0,4.0,1.0,2.0,1.0,5.0,1.0,1.0,2.0,2.0,4.0,2.0,2.0,2.0,2.0,1.0,1.0,1.0,1.0,3.0,3.0,1.0,3.0,3.0,1.0,4.0,2.0,4.0,1.0,4.0,2.0,3.0,3.0,1.0,2.0,2.0,3.0,3.0,1.0,3.0,666.0
1.0,1.0,1.0,1.0,36.0,مرد,متاهل,دکتری,کارمند,فارکس,42.0,۱۰ الی ۵۰,۵۰۰ میلیون تا ۱ میلیارد تومان,4.0,3.0,4.0,4.0,4.0,2.0,1.0,4.0,3.0,2.0,3.0,2.0,2.0,2.0,3.0,1.0,4.0,2.0,2.0,3.0,6.0,3.0,6.0,6.0,4.0,6.0,5.0,4.0,5.0,4.0,4.0,6.0,4.0,4.0,5.0,6.0,3.0,1.0,3.0,2.0,2.0,3.0,2.0,2.0,4.0,5.0,5.0,4.0,4.0,2.0,3.0,3.0,4.0,3.0,5.0,4.0,1.0,2.0,2.0,4.0,3.0,3.0,2.0,5.0,4.0,4.0,4.0,6.0,3.0,6.0,2.0,4.0,3.0,3.0,3.0,3.0,2.0,1.0,6.0,2.0,3.0,3.0,3.0,3.0,3.0,4.0,2.0,3.0,2.0,4.0,3.0,4.0,4.0,2.0,2.0,1.0,3.0,4.0,4.0,4.0,1.0,3.0,4.0,3.0,3.0,4.0,3.0,4.0,1434.0
1.0,1.0,1.0,1.0,28.0,مرد,مجرد,لیسانس,مشاغل آزاد,بورس,16.0,۱۰ الی ۵۰,۲۰۰ تا ۵۰۰ میلیون تومان,1.0,2.0,3.0,3.0,4.0,2.0,1.0,2.0,2.0,2.0,2.0,3.0,2.0,1.0,4.0,2.0,3.0,3.0,4.0,3.0,5.0,5.0,3.0,6.0,3.0,4.0,5.0,6.0,5.0,5.0,4.0,2.0,1.0,2.0,2.0,3.0,3.0,3.0,4.0,6.0,6.0,1.0,4.0,4.0,2.0,3.0,4.0,4.0,5.0,6.0,1.0,3.0,2.0,3.0,1.0,4.0,2.0,1.0,5.0,2.0,3.0,4.0,4.0,4.0,3.0,5.0,3.0,4.0,4.0,6.0,3.0,2.0,1.0,3.0,4.0,4.0,3.0,4.0,4.0,6.0,2.0,3.0,4.0,5.0,2.0,5.0,4.0,4.0,2.0,4.0,2.0,2.0,2.0,4.0,2.0,3.0,3.0,2.0,2.0,1.0,2.0,1.0,4.0,1.0,3.0,4.0,2.0,3.0,1080.0
1.0,1.0,1.0,1.0,27.0,مرد,مجرد,فوق دیپلم,کارمند,سایر,28.0,۱ الی ۱۰ معامله,کمتر از ۵۰ میلیون تومان,2.0,3.0,2.0,2.0,4.0,4.0,2.0,3.0,3.0,2.0,3.0,2.0,2.0,2.0,2.0,3.0,2.0,4.0,1.0,2.0,4.0,6.0,3.0,2.0,4.0,1.0,4.0,4.0,3.0,4.0,3.0,4.0,3.0,1.0,2.0,4.0,6.0,2.0,2.0,5.0,4.0,3.0,5.0,4.0,4.0,2.0,4.0,2.0,4.0,5.0,3.0,2.0,1.0,2.0,2.0,5.0,5.0,5.0,2.0,4.0,4.0,3.0,3.0,3.0,5.0,5.0,4.0,6.0,5.0,5.0,3.0,4.0,2.0,4.0,3.0,4.0,1.0,2.0,2.0,1.0,4.0,3.0,3.0,4.0,4.0,3.0,3.0,1.0,4.0,2.0,5.0,5.0,5.0,3.0,4.0,2.0,2.0,4.0,2.0,4.0,3.0,2.0,3.0,3.0,2.0,4.0,3.0,1.0,724.0
1.0,1.0,1.0,1.0,48.0,مرد,مجرد,لیسانس,کارمند,فارکس,40.0,۱۰ الی ۵۰,۵۰۰ میلیون تا ۱ میلیارد تومان,1.0,2.0,4.0,3.0,3.0,2.0,1.0,2.0,2.0,3.0,2.0,3.0,2.0,2.0,2.0,2.0,4.0,2.0,2.0,3.0,4.0,2.0,4.0,5.0,3.0,4.0,5.0,3.0,3.0,2.0,3.0,2.0,3.0,4.0,1.0,2.0,1.0,2.0,5.0,3.0,4.0,3.0,3.0,4.0,3.0,4.0,2.0,4.0,4.0,4.0,4.0,4.0,3.0,4.0,5.0,3.0,2.0,3.0,2.0,4.0,4.0,3.0,1.0,3.0,2.0,3.0,2.0,4.0,3.0,1.0,3.0,4.0,2.0,2.0,3.0,3.0,4.0,3.0,4.0,3.0,2.0,3.0,5.0,3.0,4.0,3.0,3.0,2.0,2.0,4.0,4.0,2.0,4.0,3.0,4.0,1.0,4.0,3.0,2.0,4.0,4.0,2.0,2.0,3.0,3.0,3.0,3.0,1.0,1123.0
1.0,1.0,1.0,1.0,38.0,مرد,مجرد,فوق لیسانس,سایر,رمزارز,144.0,۵۰ به بالا,کمتر از ۵۰ میلیون تومان,4.0,1.0,3.0,1.0,1.0,4.0,3.0,1.0,3.0,3.0,1.0,2.0,4.0,4.0,2.0,4.0,3.0,1.0,4.0,1.0,3.0,1.0,1.0,1.0,1.0,1.0,3.0,3.0,3.0,2.0,2.0,2.0,2.0,2.0,2.0,1.0,4.0,3.0,1.0,3.0,5.0,2.0,4.0,2.0,4.0,2.0,3.0,3.0,4.0,2.0,5.0,3.0,1.0,1.0,1.0,4.0,4.0,2.0,2.0,5.0,2.0,3.0,4.0,5.0,4.0,3.0,2.0,2.0,6.0,3.0,2.0,4.0,1.0,2.0,2.0,3.0,2.0,2.0,4.0,4.0,4.0,2.0,3.0,4.0,5.0,3.0,3.0,1.0,1.0,2.0,4.0,1.0,4.0,6.0,4.0,4.0,4.0,3.0,1.0,2.0,2.0,3.0,1.0,2.0,2.0,2.0,2.0,3.0,1244.0
1.0,1.0,1.0,1.0,31.0,زن,مجرد,لیسانس,کارمند,فارکس,84.0,۱ الی ۱۰ معامله,۲۰۰ تا ۵۰۰ میلیون تومان,2.0,3.0,3.0,3.0,1.0,3.0,3.0,3.0,2.0,3.0,2.0,2.0,3.0,2.0,3.0,4.0,2.0,3.0,2.0,1.0,1.0,5.0,2.0,5.0,4.0,2.0,1.0,2.0,3.0,3.0,1.0,1.0,2.0,1.0,1.0,2.0,2.0,1.0,3.0,1.0,3.0,3.0,2.0,4.0,1.0,3.0,3.0,2.0,2.0,2.0,2.0,3.0,2.0,5.0,4.0,2.0,3.0,1.0,4.0,3.0,3.0,2.0,2.0,1.0,1.0,4.0,1.0,3.0,4.0,3.0,3.0,4.0,2.0,1.0,1.0,3.0,1.0,1.0,1.0,1.0,4.0,2.0,3.0,3.0,2.0,4.0,2.0,1.0,3.0,1.0,6.0,2.0,4.0,1.0,1.0,3.0,2.0,4.0,2.0,3.0,3.0,2.0,1.0,1.0,3.0,3.0,1.0,3.0,1339.0
1.0,1.0,1.0,1.0,51.0,مرد,متاهل,لیسانس,کارمند,بورس,34.0,۵۰ به بالا,۵۰۰ میلیون تا ۱ میلیارد تومان,3.0,4.0,4.0,4.0,2.0,4.0,2.0,4.0,3.0,1.0,3.0,4.0,3.0,2.0,4.0,4.0,3.0,3.0,1.0,4.0,2.0,3.0,3.0,3.0,2.0,2.0,4.0,2.0,2.0,3.0,1.0,3.0,2.0,1.0,2.0,6.0,3.0,3.0,5.0,4.0,4.0,5.0,2.0,5.0,6.0,6.0,5.0,5.0,3.0,3.0,3.0,3.0,6.0,4.0,2.0,2.0,5.0,6.0,1.0,2.0,5.0,4.0,4.0,5.0,2.0,2.0,2.0,3.0,4.0,3.0,3.0,3.0,3.0,5.0,2.0,3.0,1.0,1.0,1.0,4.0,4.0,5.0,6.0,5.0,2.0,4.0,4.0,6.0,4.0,5.0,6.0,5.0,6.0,6.0,6.0,3.0,2.0,2.0,4.0,3.0,3.0,4.0,3.0,1.0,1.0,2.0,3.0,4.0,1512.0
1.0,1.0,1.0,1.0,52.0,مرد,متاهل,فوق دیپلم,کارمند,فارکس,23.0,۱۰ الی ۵۰,۲۰۰ تا ۵۰۰ میلیون تومان,2.0,3.0,4.0,3.0,2.0,1.0,2.0,2.0,3.0,1.0,4.0,2.0,1.0,2.0,1.0,3.0,4.0,2.0,2.0,2.0,3.0,2.0,4.0,1.0,4.0,4.0,2.0,5.0,2.0,6.0,2.0,3.0,2.0,1.0,1.0,3.0,3.0,3.0,2.0,1.0,1.0,1.0,1.0,4.0,3.0,6.0,3.0,4.0,4.0,2.0,4.0,2.0,3.0,3.0,2.0,3.0,4.0,4.0,3.0,1.0,5.0,6.0,3.0,4.0,5.0,1.0,3.0,1.0,1.0,2.0,3.0,3.0,3.0,3.0,3.0,2.0,2.0,1.0,1.0,2.0,6.0,3.0,3.0,5.0,4.0,5.0,4.0,3.0,4.0,5.0,1.0,3.0,4.0,1.0,2.0,2.0,4.0,2.0,2.0,3.0,3.0,3.0,4.0,4.0,4.0,4.0,3.0,3.0,967.0
1.0,1.0,1.0,1.0,26.0,مرد,متاهل,فوق لیسانس,کارمند,رمزارز,55.0,۱۰ الی ۵۰,۵۰ تا ۲۰۰ میلیون تومان,1.0,1.0,1.0,1.0,2.0,3.0,4.0,1.0,1.0,3.0,1.0,1.0,4.0,1.0,3.0,4.0,2.0,2.0,4.0,1.0,2.0,2.0,3.0,1.0,2.0,2.0,2.0,1.0,5.0,2.0,2.0,5.0,3.0,3.0,3.0,2.0,5.0,5.0,1.0,2.0,1.0,1.0,3.0,5.0,1.0,4.0,2.0,2.0,1.0,2.0,2.0,4.0,4.0,1.0,5.0,2.0,2.0,3.0,1.0,3.0,3.0,3.0,2.0,3.0,2.0,3.0,3.0,2.0,1.0,4.0,1.0,1.0,1.0,2.0,2.0,4.0,1.0,2.0,4.0,3.0,2.0,5.0,2.0,3.0,2.0,2.0,3.0,4.0,4.0,3.0,4.0,2.0,3.0,1.0,5.0,4.0,1.0,3.0,1.0,1.0,1.0,1.0,1.0,1.0,3.0,1.0,1.0,2.0,945.0
1.0,1.0,1.0,1.0,25.0,زن,متاهل,لیسانس,مشاغل آزاد,بورس,74.0,۱۰ الی ۵۰,۲۰۰ تا ۵۰۰ میلیون تومان,4.0,1.0,2.0,1.0,2.0,2.0,4.0,3.0,2.0,2.0,3.0,1.0,4.0,3.0,1.0,2.0,1.0,2.0,4.0,1.0,1.0,2.0,2.0,4.0,3.0,5.0,2.0,2.0,4.0,3.0,1.0,3.0,4.0,4.0,4.0,3.0,2.0,2.0,1.0,2.0,4.0,3.0,5.0,2.0,2.0,2.0,4.0,1.0,1.0,2.0,1.0,3.0,2.0,2.0,3.0,1.0,3.0,2.0,3.0,4.0,4.0,3.0,2.0,3.0,4.0,3.0,6.0,3.0,3.0,5.0,3.0,3.0,4.0,4.0,3.0,1.0,2.0,2.0,3.0,3.0,5.0,1.0,3.0,3.0,4.0,4.0,4.0,2.0,2.0,5.0,4.0,1.0,1.0,1.0,2.0,2.0,2.0,3.0,2.0,2.0,2.0,2.0,1.0,2.0,2.0,2.0,2.0,3.0,831.0
1.0,1.0,1.0,1.0,39.0,مرد,متاهل,لیسانس,کارمند,بورس,63.0,۱ الی ۱۰ معامله,۲۰۰ تا ۵۰۰ میلیون تومان,2.0,3.0,2.0,2.0,2.0,2.0,2.0,2.0,2.0,2.0,4.0,2.0,4.0,3.0,1.0,1.0,3.0,1.0,2.0,3.0,5.0,1.0,1.0,2.0,1.0,2.0,1.0,1.0,1.0,2.0,1.0,1.0,2.0,2.0,6.0,2.0,3.0,1.0,5.0,2.0,5.0,3.0,3.0,4.0,2.0,1.0,1.0,1.0,1.0,3.0,4.0,2.0,5.0,3.0,2.0,3.0,4.0,3.0,3.0,4.0,2.0,1.0,3.0,3.0,1.0,3.0,2.0,1.0,2.0,2.0,4.0,1.0,1.0,2.0,2.0,4.0,1.0,1.0,2.0,5.0,2.0,1.0,3.0,2.0,1.0,2.0,3.0,2.0,1.0,4.0,3.0,1.0,2.0,4.0,2.0,2.0,2.0,2.0,2.0,1.0,2.0,2.0,2.0,1.0,3.0,2.0,2.0,3.0,1081.0
1.0,1.0,1.0,1.0,35.0,زن,مجرد,دیپلم,سایر,طلا و ارز,11.0,۱۰ الی ۵۰,۵۰۰ میلیون تا ۱ میلیارد تومان,3.0,3.0,2.0,1.0,4.0,1.0,2.0,4.0,3.0,2.0,2.0,3.0,1.0,2.0,4.0,3.0,4.0,4.0,1.0,3.0,6.0,3.0,3.0,6.0,6.0,2.0,4.0,1.0,3.0,4.0,4.0,2.0,3.0,6.0,5.0,6.0,6.0,6.0,6.0,6.0,4.0,5.0,6.0,4.0,6.0,5.0,5.0,5.0,5.0,5.0,5.0,6.0,6.0,6.0,5.0,4.0,1.0,1.0,3.0,5.0,4.0,2.0,1.0,3.0,4.0,3.0,4.0,2.0,3.0,2.0,2.0,3.0,3.0,5.0,2.0,4.0,6.0,1.0,4.0,6.0,4.0,4.0,5.0,5.0,2.0,6.0,3.0,5.0,5.0,5.0,2.0,3.0,5.0,3.0,5.0,3.0,2.0,2.0,3.0,3.0,2.0,4.0,2.0,3.0,3.0,3.0,4.0,4.0,799.0
1.0,1.0,1.0,1.0,28.0,مرد,مجرد,دیپلم,کارمند,بورس,49.0,۱ الی ۱۰ معامله,۵۰۰ میلیون تا ۱ میلیارد تومان,2.0,1.0,2.0,3.0,2.0,2.0,3.0,1.0,2.0,3.0,2.0,1.0,3.0,2.0,3.0,4.0,3.0,1.0,4.0,2.0,3.0,3.0,3.0,2.0,3.0,4.0,2.0,1.0,2.0,2.0,3.0,2.0,2.0,4.0,2.0,3.0,2.0,2.0,3.0,2.0,5.0,3.0,2.0,2.0,1.0,5.0,2.0,5.0,4.0,6.0,2.0,5.0,4.0,4.0,4.0,3.0,5.0,2.0,3.0,2.0,4.0,3.0,3.0,3.0,5.0,3.0,4.0,4.0,3.0,3.0,1.0,3.0,1.0,2.0,2.0,1.0,1.0,3.0,5.0,6.0,5.0,5.0,4.0,5.0,4.0,2.0,3.0,2.0,2.0,2.0,6.0,5.0,5.0,3.0,3.0,2.0,1.0,3.0,3.0,4.0,2.0,4.0,4.0,2.0,3.0,3.0,3.0,4.0,1849.0
1.0,1.0,1.0,1.0,35.0,مرد,مجرد,فوق لیسانس,کارمند,رمزارز,46.0,۱۰ الی ۵۰,ترجیح می‌دهم پاسخ ندهم,1.0,2.0,3.0,3.0,3.0,4.0,4.0,4.0,3.0,2.0,2.0,3.0,2.0,1.0,2.0,3.0,3.0,2.0,2.0,3.0,4.0,5.0,2.0,3.0,2.0,2.0,4.0,3.0,6.0,5.0,6.0,4.0,4.0,4.0,4.0,4.0,2.0,4.0,5.0,5.0,5.0,3.0,2.0,1.0,5.0,5.0,6.0,3.0,3.0,5.0,2.0,6.0,3.0,6.0,4.0,3.0,5.0,5.0,3.0,2.0,5.0,2.0,4.0,4.0,5.0,1.0,3.0,2.0,1.0,6.0,3.0,3.0,3.0,2.0,4.0,4.0,4.0,3.0,2.0,3.0,6.0,5.0,4.0,5.0,4.0,6.0,6.0,6.0,4.0,6.0,4.0,3.0,4.0,3.0,2.0,4.0,2.0,4.0,2.0,4.0,3.0,1.0,2.0,3.0,3.0,3.0,4.0,4.0,822.0
1.0,1.0,1.0,1.0,31.0,مرد,مطلقه/سایر,دیپلم,مشاغل آزاد,رمزارز,34.0,۱ الی ۱۰ معامله,۵۰ تا ۲۰۰ میلیون تومان,3.0,1.0,1.0,2.0,1.0,3.0,1.0,1.0,1.0,3.0,1.0,2.0,4.0,4.0,1.0,4.0,2.0,2.0,3.0,1.0,1.0,2.0,3.0,1.0,2.0,2.0,2.0,2.0,1.0,2.0,2.0,3.0,2.0,1.0,1.0,1.0,3.0,2.0,2.0,4.0,1.0,2.0,1.0,1.0,3.0,2.0,1.0,1.0,2.0,2.0,4.0,4.0,4.0,3.0,4.0,2.0,2.0,3.0,1.0,2.0,1.0,3.0,3.0,4.0,4.0,4.0,5.0,2.0,2.0,2.0,2.0,1.0,2.0,1.0,3.0,2.0,4.0,1.0,1.0,1.0,2.0,1.0,1.0,3.0,2.0,2.0,3.0,2.0,3.0,2.0,1.0,1.0,1.0,1.0,2.0,4.0,1.0,1.0,1.0,2.0,3.0,1.0,1.0,1.0,3.0,1.0,2.0,2.0,559.0
1.0,1.0,1.0,1.0,23.0,مرد,مجرد,لیسانس,کارمند,رمزارز,80.0,۱۰ الی ۵۰,بیش از ۱ میلیارد تومان,4.0,1.0,2.0,1.0,1.0,2.0,2.0,1.0,1.0,4.0,2.0,1.0,4.0,4.0,2.0,4.0,1.0,1.0,4.0,2.0,2.0,2.0,1.0,3.0,3.0,1.0,2.0,2.0,3.0,3.0,5.0,2.0,1.0,2.0,1.0,1.0,3.0,1.0,1.0,2.0,5.0,1.0,1.0,3.0,1.0,2.0,6.0,3.0,3.0,2.0,2.0,2.0,1.0,1.0,3.0,3.0,3.0,5.0,4.0,4.0,4.0,4.0,4.0,4.0,4.0,5.0,2.0,4.0,4.0,1.0,3.0,2.0,2.0,3.0,2.0,2.0,3.0,1.0,2.0,1.0,4.0,1.0,2.0,1.0,3.0,3.0,5.0,4.0,4.0,4.0,3.0,1.0,2.0,2.0,6.0,1.0,1.0,2.0,1.0,3.0,1.0,1.0,2.0,3.0,3.0,2.0,2.0,4.0,620.0
1.0,1.0,1.0,1.0,54.0,زن,متاهل,دیپلم,خانه‌دار,فارکس,31.0,۱ الی ۱۰ معامله,بیش از ۱ میلیارد تومان,1.0,3.0,2.0,3.0,1.0,4.0,2.0,1.0,3.0,3.0,3.0,1.0,1.0,4.0,1.0,3.0,2.0,1.0,2.0,3.0,2.0,2.0,1.0,4.0,4.0,2.0,1.0,2.0,3.0,1.0,3.0,3.0,3.0,3.0,2.0,3.0,3.0,1.0,2.0,1.0,6.0,1.0,4.0,2.0,2.0,1.0,5.0,3.0,1.0,4.0,1.0,1.0,5.0,2.0,2.0,4.0,2.0,1.0,1.0,3.0,3.0,4.0,3.0,4.0,4.0,2.0,1.0,2.0,1.0,1.0,3.0,2.0,2.0,3.0,3.0,1.0,2.0,1.0,2.0,1.0,6.0,2.0,3.0,3.0,4.0,6.0,1.0,4.0,3.0,4.0,1.0,2.0,4.0,2.0,2.0,2.0,1.0,2.0,1.0,2.0,3.0,2.0,3.0,1.0,3.0,1.0,2.0,3.0,820.0
1.0,1.0,1.0,1.0,30.0,مرد,متاهل,فوق لیسانس,کارمند,رمزارز,13.0,۱ الی ۱۰ معامله,۵۰ تا ۲۰۰ میلیون تومان,4.0,2.0,1.0,3.0,2.0,3.0,4.0,1.0,1.0,3.0,1.0,2.0,3.0,4.0,3.0,2.0,2.0,4.0,4.0,2.0,1.0,2.0,2.0,1.0,1.0,1.0,2.0,4.0,1.0,1.0,2.0,1.0,2.0,3.0,2.0,1.0,1.0,2.0,2.0,1.0,1.0,3.0,2.0,3.0,3.0,2.0,2.0,1.0,5.0,5.0,2.0,2.0,1.0,2.0,1.0,1.0,2.0,1.0,2.0,3.0,5.0,2.0,4.0,3.0,2.0,1.0,2.0,1.0,3.0,4.0,4.0,2.0,4.0,3.0,4.0,2.0,1.0,1.0,3.0,2.0,3.0,5.0,6.0,3.0,4.0,5.0,4.0,1.0,6.0,1.0,3.0,3.0,1.0,3.0,4.0,2.0,2.0,2.0,1.0,2.0,1.0,1.0,3.0,3.0,3.0,4.0,2.0,2.0,1822.0
1.0,1.0,1.0,1.0,31.0,مرد,متاهل,لیسانس,کارمند,بورس,55.0,۵۰ به بالا,ترجیح می‌دهم پاسخ ندهم,2.0,1.0,2.0,4.0,1.0,1.0,1.0,1.0,3.0,3.0,4.0,2.0,2.0,2.0,1.0,1.0,2.0,4.0,4.0,3.0,5.0,1.0,1.0,1.0,5.0,4.0,1.0,1.0,2.0,1.0,1.0,1.0,1.0,2.0,1.0,1.0,4.0,2.0,1.0,2.0,1.0,1.0,3.0,1.0,2.0,2.0,1.0,1.0,2.0,2.0,3.0,3.0,2.0,3.0,3.0,1.0,1.0,3.0,1.0,5.0,3.0,6.0,2.0,2.0,5.0,1.0,3.0,3.0,2.0,1.0,2.0,2.0,4.0,1.0,3.0,1.0,2.0,2.0,3.0,1.0,4.0,3.0,2.0,3.0,3.0,2.0,4.0,1.0,2.0,2.0,2.0,5.0,3.0,4.0,3.0,3.0,2.0,4.0,4.0,2.0,4.0,2.0,2.0,4.0,2.0,4.0,3.0,4.0,1543.0
1.0,1.0,1.0,1.0,31.0,زن,مطلقه/سایر,فوق دیپلم,کارمند,سایر,33.0,۱ الی ۱۰ معامله,۵۰ تا ۲۰۰ میلیون تومان,3.0,1.0,1.0,2.0,1.0,4.0,3.0,1.0,1.0,3.0,1.0,1.0,2.0,4.0,3.0,4.0,1.0,2.0,4.0,1.0,3.0,2.0,2.0,4.0,2.0,1.0,1.0,1.0,1.0,1.0,2.0,3.0,2.0,2.0,2.0,2.0,2.0,4.0,3.0,2.0,3.0,5.0,3.0,3.0,2.0,2.0,2.0,4.0,2.0,3.0,4.0,1.0,3.0,2.0,2.0,4.0,2.0,2.0,3.0,2.0,5.0,3.0,3.0,4.0,4.0,2.0,4.0,1.0,1.0,2.0,3.0,5.0,6.0,4.0,2.0,3.0,1.0,4.0,3.0,1.0,4.0,4.0,2.0,4.0,4.0,1.0,3.0,3.0,5.0,1.0,2.0,3.0,2.0,1.0,1.0,1.0,3.0,2.0,4.0,2.0,3.0,1.0,3.0,2.0,2.0,4.0,3.0,4.0,1083.0
1.0,1.0,1.0,1.0,31.0,مرد,مجرد,لیسانس,مشاغل آزاد,بورس,20.0,۵۰ به بالا,بیش از ۱ میلیارد تومان,3.0,1.0,2.0,2.0,2.0,2.0,2.0,2.0,2.0,2.0,1.0,2.0,4.0,3.0,4.0,4.0,3.0,2.0,4.0,2.0,5.0,2.0,3.0,5.0,5.0,5.0,3.0,5.0,6.0,5.0,2.0,3.0,4.0,5.0,2.0,1.0,2.0,1.0,1.0,4.0,1.0,2.0,3.0,1.0,4.0,4.0,3.0,2.0,3.0,2.0,3.0,5.0,2.0,3.0,4.0,1.0,1.0,3.0,1.0,2.0,5.0,6.0,4.0,5.0,4.0,4.0,3.0,2.0,3.0,1.0,3.0,5.0,2.0,5.0,3.0,1.0,2.0,4.0,1.0,4.0,6.0,6.0,6.0,6.0,5.0,1.0,1.0,1.0,2.0,2.0,3.0,6.0,4.0,4.0,4.0,4.0,3.0,4.0,2.0,1.0,1.0,1.0,1.0,2.0,1.0,2.0,4.0,2.0,563.0
1.0,1.0,1.0,1.0,23.0,مرد,مجرد,لیسانس,مشاغل آزاد,بورس,84.0,۱۰ الی ۵۰,۵۰۰ میلیون تا ۱ میلیارد تومان,2.0,2.0,2.0,2.0,2.0,3.0,2.0,2.0,1.0,3.0,1.0,4.0,3.0,2.0,1.0,4.0,3.0,2.0,1.0,1.0,2.0,2.0,3.0,4.0,2.0,3.0,1.0,3.0,4.0,4.0,4.0,3.0,4.0,6.0,4.0,3.0,2.0,5.0,4.0,3.0,4.0,3.0,3.0,2.0,2.0,2.0,3.0,1.0,1.0,5.0,3.0,2.0,5.0,5.0,2.0,2.0,1.0,4.0,3.0,1.0,3.0,3.0,2.0,4.0,3.0,4.0,4.0,1.0,2.0,2.0,2.0,2.0,3.0,3.0,2.0,1.0,3.0,3.0,1.0,2.0,3.0,3.0,1.0,5.0,3.0,4.0,3.0,5.0,3.0,4.0,3.0,3.0,5.0,2.0,2.0,4.0,4.0,2.0,3.0,2.0,1.0,3.0,2.0,1.0,3.0,2.0,2.0,3.0,1632.0
1.0,1.0,1.0,1.0,40.0,زن,مجرد,لیسانس,کارمند,رمزارز,34.0,۱۰ الی ۵۰,کمتر از ۵۰ میلیون تومان,4.0,1.0,1.0,1.0,1.0,4.0,3.0,2.0,2.0,4.0,1.0,1.0,4.0,3.0,2.0,4.0,1.0,1.0,4.0,1.0,3.0,4.0,2.0,2.0,4.0,5.0,4.0,4.0,2.0,1.0,1.0,1.0,3.0,3.0,3.0,2.0,3.0,1.0,2.0,3.0,3.0,3.0,2.0,2.0,2.0,4.0,3.0,2.0,3.0,5.0,2.0,1.0,1.0,2.0,2.0,4.0,1.0,5.0,3.0,3.0,1.0,2.0,1.0,1.0,3.0,2.0,1.0,2.0,2.0,2.0,2.0,2.0,2.0,2.0,2.0,3.0,4.0,1.0,2.0,1.0,6.0,4.0,4.0,5.0,4.0,4.0,3.0,3.0,5.0,1.0,4.0,6.0,1.0,3.0,3.0,2.0,1.0,3.0,2.0,1.0,2.0,1.0,3.0,3.0,2.0,2.0,1.0,2.0,1143.0
1.0,1.0,1.0,1.0,24.0,مرد,مجرد,لیسانس,مشاغل آزاد,فارکس,29.0,۱ الی ۱۰ معامله,۵۰۰ میلیون تا ۱ میلیارد تومان,2.0,1.0,2.0,2.0,2.0,1.0,2.0,3.0,1.0,2.0,3.0,1.0,1.0,4.0,3.0,3.0,3.0,2.0,3.0,2.0,2.0,6.0,4.0,5.0,4.0,3.0,2.0,2.0,2.0,2.0,1.0,1.0,1.0,2.0,1.0,2.0,1.0,1.0,3.0,1.0,3.0,1.0,3.0,3.0,1.0,2.0,4.0,3.0,1.0,3.0,1.0,2.0,3.0,2.0,3.0,2.0,1.0,2.0,1.0,4.0,1.0,1.0,2.0,5.0,1.0,4.0,4.0,1.0,3.0,1.0,1.0,2.0,1.0,3.0,1.0,1.0,1.0,1.0,2.0,3.0,3.0,2.0,1.0,1.0,5.0,1.0,3.0,2.0,2.0,2.0,1.0,1.0,3.0,1.0,4.0,3.0,3.0,1.0,1.0,1.0,2.0,1.0,1.0,2.0,1.0,1.0,4.0,2.0,1910.0
1.0,1.0,1.0,1.0,34.0,مرد,مجرد,لیسانس,کارمند,رمزارز,9.0,۵۰ به بالا,۵۰ تا ۲۰۰ میلیون تومان,2.0,2.0,2.0,1.0,4.0,4.0,1.0,3.0,2.0,2.0,4.0,3.0,3.0,3.0,2.0,1.0,2.0,2.0,3.0,3.0,2.0,4.0,4.0,6.0,4.0,3.0,5.0,4.0,5.0,3.0,4.0,5.0,3.0,4.0,4.0,2.0,4.0,2.0,4.0,1.0,3.0,5.0,6.0,5.0,1.0,6.0,4.0,5.0,5.0,5.0,3.0,5.0,3.0,4.0,1.0,2.0,1.0,4.0,2.0,3.0,1.0,4.0,3.0,1.0,2.0,4.0,3.0,4.0,2.0,3.0,6.0,3.0,4.0,5.0,5.0,3.0,2.0,2.0,5.0,2.0,6.0,6.0,4.0,5.0,5.0,5.0,4.0,6.0,4.0,5.0,3.0,3.0,4.0,2.0,2.0,4.0,2.0,1.0,2.0,1.0,2.0,2.0,2.0,1.0,2.0,3.0,1.0,3.0,1374.0
1.0,1.0,1.0,1.0,39.0,مرد,متاهل,فوق لیسانس,کارمند,فارکس,41.0,۱۰ الی ۵۰,کمتر از ۵۰ میلیون تومان,4.0,2.0,1.0,2.0,1.0,3.0,4.0,1.0,1.0,3.0,1.0,1.0,4.0,4.0,1.0,4.0,1.0,1.0,4.0,1.0,2.0,1.0,2.0,4.0,4.0,1.0,3.0,2.0,3.0,3.0,3.0,2.0,4.0,1.0,1.0,1.0,1.0,4.0,2.0,3.0,1.0,1.0,1.0,4.0,1.0,2.0,2.0,3.0,3.0,1.0,4.0,4.0,2.0,3.0,3.0,1.0,1.0,2.0,1.0,1.0,3.0,4.0,1.0,3.0,4.0,2.0,4.0,4.0,3.0,4.0,3.0,1.0,3.0,1.0,2.0,1.0,1.0,3.0,4.0,2.0,3.0,1.0,2.0,4.0,3.0,2.0,4.0,4.0,3.0,5.0,1.0,3.0,3.0,1.0,1.0,2.0,2.0,1.0,2.0,2.0,3.0,1.0,1.0,2.0,2.0,2.0,3.0,4.0,1727.0
1.0,1.0,1.0,1.0,27.0,زن,مجرد,لیسانس,خانه‌دار,بورس,17.0,۱ الی ۱۰ معامله,کمتر از ۵۰ میلیون تومان,2.0,3.0,3.0,4.0,3.0,1.0,4.0,2.0,1.0,3.0,4.0,2.0,2.0,3.0,3.0,2.0,4.0,3.0,4.0,3.0,1.0,4.0,2.0,1.0,2.0,2.0,6.0,4.0,6.0,4.0,3.0,2.0,3.0,5.0,2.0,4.0,1.0,3.0,2.0,1.0,2.0,2.0,3.0,5.0,2.0,4.0,1.0,3.0,3.0,3.0,6.0,5.0,5.0,5.0,6.0,3.0,2.0,1.0,2.0,2.0,4.0,5.0,3.0,5.0,2.0,5.0,3.0,4.0,4.0,2.0,2.0,1.0,1.0,5.0,3.0,3.0,1.0,2.0,5.0,2.0,2.0,2.0,2.0,2.0,1.0,3.0,4.0,4.0,4.0,1.0,3.0,5.0,5.0,5.0,3.0,2.0,2.0,2.0,1.0,3.0,2.0,2.0,3.0,3.0,4.0,1.0,2.0,1.0,724.0
1.0,1.0,1.0,1.0,32.0,مرد,مطلقه/سایر,دیپلم,کارمند,طلا و ارز,20.0,۱ الی ۱۰ معامله,۲۰۰ تا ۵۰۰ میلیون تومان,2.0,1.0,4.0,3.0,2.0,4.0,2.0,3.0,3.0,4.0,2.0,1.0,4.0,4.0,3.0,3.0,2.0,3.0,4.0,1.0,4.0,4.0,3.0,5.0,5.0,2.0,5.0,4.0,3.0,4.0,3.0,3.0,5.0,5.0,5.0,5.0,2.0,2.0,3.0,4.0,3.0,4.0,2.0,4.0,2.0,3.0,2.0,2.0,3.0,2.0,2.0,5.0,5.0,4.0,3.0,3.0,5.0,5.0,1.0,3.0,6.0,5.0,4.0,3.0,4.0,2.0,3.0,2.0,1.0,3.0,4.0,2.0,3.0,1.0,4.0,3.0,3.0,3.0,1.0,2.0,4.0,5.0,4.0,2.0,3.0,3.0,5.0,3.0,4.0,4.0,3.0,2.0,1.0,5.0,5.0,3.0,2.0,1.0,1.0,3.0,4.0,4.0,4.0,3.0,1.0,3.0,3.0,3.0,952.0
1.0,1.0,1.0,1.0,48.0,زن,متاهل,فوق دیپلم,مشاغل آزاد,فارکس,55.0,۱ الی ۱۰ معامله,۵۰۰ میلیون تا ۱ میلیارد تومان,3.0,1.0,4.0,4.0,2.0,4.0,4.0,2.0,4.0,4.0,3.0,2.0,3.0,4.0,1.0,3.0,2.0,2.0,2.0,3.0,3.0,2.0,4.0,3.0,5.0,2.0,2.0,1.0,1.0,1.0,2.0,3.0,2.0,1.0,1.0,3.0,1.0,5.0,4.0,4.0,1.0,3.0,2.0,4.0,1.0,4.0,1.0,5.0,2.0,2.0,3.0,1.0,4.0,3.0,4.0,4.0,2.0,6.0,4.0,1.0,3.0,3.0,2.0,3.0,4.0,2.0,2.0,1.0,4.0,3.0,1.0,3.0,5.0,3.0,3.0,2.0,4.0,5.0,3.0,6.0,2.0,1.0,2.0,3.0,2.0,4.0,5.0,3.0,2.0,2.0,2.0,2.0,2.0,4.0,1.0,3.0,1.0,3.0,1.0,2.0,2.0,4.0,4.0,2.0,1.0,3.0,3.0,1.0,1066.0
1.0,1.0,1.0,1.0,27.0,زن,متاهل,لیسانس,کارمند,رمزارز,36.0,۱ الی ۱۰ معامله,۵۰۰ میلیون تا ۱ میلیارد تومان,3.0,3.0,3.0,4.0,1.0,3.0,1.0,2.0,2.0,3.0,2.0,3.0,3.0,2.0,3.0,2.0,2.0,1.0,1.0,3.0,4.0,4.0,3.0,4.0,5.0,1.0,3.0,3.0,6.0,4.0,5.0,5.0,3.0,3.0,4.0,4.0,2.0,4.0,5.0,3.0,5.0,4.0,6.0,5.0,5.0,2.0,5.0,1.0,3.0,3.0,5.0,5.0,5.0,6.0,4.0,5.0,2.0,4.0,2.0,3.0,6.0,5.0,6.0,6.0,5.0,6.0,3.0,5.0,6.0,5.0,5.0,2.0,3.0,4.0,6.0,5.0,6.0,3.0,5.0,5.0,6.0,5.0,6.0,5.0,5.0,5.0,4.0,4.0,5.0,6.0,3.0,2.0,5.0,4.0,4.0,3.0,2.0,4.0,2.0,2.0,2.0,2.0,2.0,3.0,2.0,2.0,3.0,2.0,676.0
1.0,1.0,1.0,1.0,33.0,مرد,متاهل,لیسانس,کارمند,فارکس,16.0,۱ الی ۱۰ معامله,کمتر از ۵۰ میلیون تومان,4.0,3.0,4.0,3.0,2.0,4.0,1.0,3.0,2.0,3.0,2.0,4.0,4.0,1.0,1.0,3.0,2.0,1.0,4.0,2.0,4.0,2.0,3.0,2.0,4.0,4.0,3.0,3.0,1.0,3.0,5.0,1.0,1.0,4.0,4.0,2.0,3.0,2.0,2.0,2.0,2.0,1.0,1.0,1.0,3.0,1.0,2.0,2.0,1.0,2.0,2.0,2.0,3.0,2.0,2.0,2.0,2.0,1.0,1.0,2.0,3.0,1.0,5.0,4.0,3.0,2.0,4.0,1.0,1.0,4.0,3.0,4.0,3.0,3.0,4.0,2.0,1.0,1.0,1.0,1.0,2.0,3.0,1.0,2.0,3.0,3.0,5.0,6.0,3.0,6.0,3.0,1.0,4.0,3.0,1.0,4.0,2.0,2.0,3.0,2.0,2.0,1.0,1.0,2.0,1.0,2.0,3.0,3.0,1392.0
1.0,1.0,1.0,1.0,44.0,مرد,متاهل,لیسانس,کارمند,بورس,23.0,۵۰ به بالا,۲۰۰ تا ۵۰۰ میلیون تومان,3.0,1.0,2.0,1.0,1.0,4.0,4.0,1.0,2.0,4.0,1.0,1.0,3.0,2.0,2.0,4.0,1.0,1.0,3.0,1.0,4.0,5.0,5.0,3.0,4.0,4.0,2.0,2.0,2.0,1.0,2.0,1.0,1.0,1.0,3.0,1.0,1.0,2.0,2.0,3.0,1.0,1.0,1.0,3.0,4.0,1.0,2.0,1.0,3.0,2.0,4.0,2.0,1.0,1.0,2.0,2.0,4.0,2.0,1.0,2.0,4.0,2.0,4.0,6.0,4.0,3.0,3.0,5.0,1.0,4.0,3.0,3.0,3.0,2.0,4.0,4.0,1.0,3.0,2.0,3.0,4.0,2.0,6.0,3.0,5.0,3.0,5.0,3.0,4.0,1.0,2.0,2.0,3.0,1.0,3.0,4.0,3.0,1.0,1.0,1.0,2.0,1.0,1.0,1.0,1.0,1.0,2.0,3.0,1581.0
1.0,1.0,1.0,1.0,40.0,مرد,مجرد,فوق لیسانس,مشاغل آزاد,بورس,81.0,۵۰ به بالا,ترجیح می‌دهم پاسخ ندهم,3.0,2.0,1.0,1.0,1.0,3.0,3.0,3.0,1.0,3.0,2.0,1.0,3.0,4.0,1.0,3.0,3.0,2.0,3.0,1.0,5.0,3.0,5.0,4.0,5.0,3.0,2.0,2.0,2.0,1.0,4.0,5.0,1.0,1.0,6.0,2.0,3.0,1.0,1.0,4.0,4.0,3.0,3.0,2.0,4.0,3.0,3.0,6.0,4.0,3.0,3.0,5.0,5.0,5.0,4.0,5.0,5.0,2.0,5.0,6.0,2.0,2.0,5.0,1.0,2.0,3.0,5.0,3.0,3.0,4.0,5.0,4.0,5.0,2.0,3.0,1.0,1.0,4.0,3.0,1.0,1.0,4.0,2.0,1.0,2.0,1.0,1.0,3.0,1.0,2.0,1.0,2.0,2.0,3.0,3.0,4.0,1.0,3.0,3.0,3.0,3.0,2.0,1.0,2.0,3.0,3.0,4.0,1.0,2135.0
1.0,1.0,1.0,1.0,36.0,مرد,مجرد,فوق لیسانس,کارمند,فارکس,173.0,۱۰ الی ۵۰,بیش از ۱ میلیارد تومان,2.0,1.0,3.0,2.0,2.0,1.0,4.0,3.0,1.0,3.0,3.0,1.0,3.0,3.0,2.0,3.0,1.0,1.0,3.0,3.0,3.0,2.0,3.0,4.0,1.0,3.0,2.0,1.0,2.0,1.0,5.0,3.0,3.0,3.0,3.0,1.0,4.0,1.0,1.0,1.0,3.0,5.0,2.0,3.0,2.0,3.0,1.0,3.0,4.0,2.0,5.0,2.0,3.0,2.0,3.0,1.0,1.0,2.0,1.0,1.0,2.0,1.0,1.0,1.0,3.0,1.0,2.0,3.0,1.0,1.0,2.0,3.0,2.0,1.0,3.0,2.0,1.0,3.0,2.0,2.0,3.0,2.0,4.0,5.0,2.0,4.0,4.0,2.0,4.0,3.0,5.0,5.0,3.0,3.0,1.0,2.0,4.0,1.0,2.0,2.0,2.0,2.0,1.0,2.0,3.0,2.0,4.0,3.0,633.0
1.0,1.0,1.0,1.0,38.0,زن,متاهل,لیسانس,مشاغل آزاد,رمزارز,76.0,۱ الی ۱۰ معامله,۵۰ تا ۲۰۰ میلیون تومان,4.0,3.0,2.0,1.0,2.0,4.0,3.0,4.0,4.0,3.0,3.0,3.0,3.0,1.0,3.0,2.0,4.0,3.0,2.0,3.0,2.0,2.0,2.0,2.0,1.0,1.0,1.0,2.0,1.0,3.0,4.0,3.0,2.0,2.0,5.0,3.0,2.0,3.0,1.0,3.0,2.0,3.0,5.0,3.0,3.0,5.0,1.0,5.0,3.0,3.0,3.0,5.0,3.0,2.0,4.0,2.0,4.0,1.0,2.0,3.0,1.0,1.0,4.0,3.0,3.0,3.0,2.0,5.0,2.0,3.0,4.0,2.0,2.0,4.0,1.0,5.0,2.0,5.0,1.0,2.0,6.0,3.0,6.0,4.0,5.0,2.0,3.0,3.0,1.0,2.0,3.0,2.0,2.0,2.0,2.0,1.0,3.0,1.0,2.0,2.0,2.0,2.0,2.0,4.0,2.0,2.0,1.0,4.0,988.0
1.0,1.0,1.0,1.0,28.0,زن,مجرد,فوق لیسانس,مشاغل آزاد,رمزارز,92.0,۱ الی ۱۰ معامله,۵۰ تا ۲۰۰ میلیون تومان,1.0,1.0,2.0,3.0,4.0,2.0,2.0,2.0,4.0,4.0,3.0,2.0,3.0,2.0,3.0,3.0,3.0,2.0,3.0,2.0,3.0,5.0,3.0,2.0,2.0,2.0,5.0,4.0,1.0,1.0,1.0,5.0,3.0,2.0,5.0,4.0,2.0,1.0,3.0,2.0,6.0,6.0,6.0,6.0,5.0,4.0,3.0,6.0,3.0,1.0,3.0,1.0,2.0,3.0,3.0,5.0,4.0,3.0,2.0,5.0,5.0,2.0,3.0,2.0,4.0,6.0,5.0,6.0,6.0,4.0,3.0,2.0,3.0,2.0,1.0,2.0,2.0,3.0,4.0,6.0,3.0,1.0,3.0,3.0,3.0,4.0,2.0,3.0,4.0,3.0,2.0,2.0,4.0,2.0,2.0,3.0,1.0,2.0,1.0,4.0,2.0,3.0,2.0,2.0,2.0,1.0,3.0,2.0,1596.0
1.0,1.0,1.0,1.0,28.0,مرد,متاهل,دیپلم,کارمند,بورس,27.0,۱۰ الی ۵۰,کمتر از ۵۰ میلیون تومان,4.0,1.0,2.0,2.0,1.0,4.0,2.0,1.0,1.0,4.0,2.0,1.0,2.0,4.0,1.0,4.0,1.0,1.0,3.0,1.0,4.0,3.0,2.0,2.0,3.0,2.0,1.0,2.0,2.0,1.0,1.0,1.0,1.0,2.0,2.0,1.0,2.0,2.0,3.0,3.0,3.0,5.0,1.0,4.0,5.0,4.0,5.0,3.0,4.0,3.0,1.0,4.0,2.0,3.0,2.0,1.0,1.0,1.0,1.0,2.0,2.0,2.0,1.0,5.0,2.0,2.0,3.0,2.0,2.0,3.0,1.0,1.0,1.0,1.0,1.0,2.0,3.0,2.0,4.0,2.0,3.0,3.0,3.0,2.0,2.0,2.0,4.0,2.0,2.0,1.0,5.0,2.0,3.0,1.0,4.0,4.0,2.0,1.0,1.0,1.0,1.0,1.0,3.0,2.0,1.0,1.0,1.0,2.0,996.0
1.0,1.0,1.0,1.0,29.0,زن,مجرد,فوق دیپلم,کارمند,بورس,40.0,۱ الی ۱۰ معامله,۵۰ تا ۲۰۰ میلیون تومان,4.0,2.0,1.0,2.0,2.0,3.0,4.0,2.0,4.0,3.0,3.0,1.0,3.0,4.0,2.0,4.0,3.0,1.0,4.0,4.0,4.0,4.0,3.0,6.0,6.0,1.0,2.0,2.0,2.0,1.0,3.0,2.0,2.0,1.0,4.0,3.0,3.0,3.0,5.0,4.0,4.0,4.0,4.0,5.0,4.0,4.0,4.0,6.0,3.0,6.0,5.0,2.0,6.0,6.0,4.0,1.0,2.0,5.0,1.0,3.0,5.0,1.0,1.0,2.0,2.0,2.0,2.0,3.0,3.0,4.0,4.0,4.0,3.0,2.0,5.0,3.0,6.0,4.0,4.0,6.0,6.0,4.0,4.0,3.0,3.0,2.0,3.0,5.0,2.0,1.0,2.0,5.0,2.0,3.0,1.0,4.0,2.0,2.0,2.0,2.0,1.0,4.0,1.0,3.0,2.0,2.0,3.0,2.0,963.0
1.0,1.0,1.0,1.0,35.0,مرد,متاهل,فوق لیسانس,کارمند,بورس,60.0,۱۰ الی ۵۰,۵۰ تا ۲۰۰ میلیون تومان,1.0,1.0,4.0,2.0,2.0,4.0,3.0,1.0,4.0,2.0,1.0,3.0,2.0,1.0,2.0,2.0,3.0,3.0,2.0,4.0,4.0,3.0,6.0,5.0,6.0,3.0,3.0,3.0,4.0,1.0,6.0,6.0,5.0,5.0,5.0,5.0,3.0,2.0,3.0,5.0,3.0,4.0,2.0,2.0,2.0,2.0,5.0,4.0,4.0,3.0,6.0,4.0,3.0,5.0,4.0,2.0,6.0,3.0,4.0,1.0,4.0,3.0,3.0,5.0,4.0,1.0,3.0,2.0,5.0,1.0,1.0,4.0,1.0,5.0,2.0,5.0,3.0,6.0,5.0,6.0,4.0,6.0,4.0,3.0,4.0,2.0,4.0,2.0,3.0,1.0,2.0,3.0,2.0,2.0,3.0,3.0,1.0,2.0,3.0,4.0,1.0,1.0,2.0,2.0,1.0,4.0,2.0,2.0,1565.0
1.0,1.0,1.0,1.0,37.0,مرد,مطلقه/سایر,لیسانس,مشاغل آزاد,رمزارز,33.0,۱ الی ۱۰ معامله,۵۰ تا ۲۰۰ میلیون تومان,4.0,3.0,3.0,1.0,1.0,2.0,2.0,2.0,2.0,2.0,3.0,3.0,4.0,2.0,2.0,3.0,2.0,2.0,3.0,1.0,1.0,1.0,1.0,4.0,3.0,2.0,3.0,4.0,4.0,2.0,3.0,1.0,1.0,1.0,4.0,3.0,3.0,4.0,1.0,3.0,2.0,3.0,1.0,2.0,2.0,4.0,4.0,5.0,5.0,2.0,3.0,4.0,3.0,4.0,3.0,1.0,1.0,1.0,2.0,2.0,2.0,5.0,3.0,4.0,2.0,4.0,3.0,4.0,2.0,2.0,6.0,3.0,4.0,4.0,2.0,2.0,3.0,3.0,1.0,2.0,6.0,6.0,6.0,6.0,3.0,1.0,6.0,5.0,3.0,3.0,3.0,1.0,2.0,2.0,2.0,1.0,4.0,3.0,4.0,3.0,2.0,3.0,2.0,4.0,4.0,4.0,4.0,4.0,1148.0
1.0,1.0,1.0,1.0,45.0,مرد,مجرد,دکتری,کارمند,بورس,71.0,۱ الی ۱۰ معامله,کمتر از ۵۰ میلیون تومان,3.0,2.0,1.0,1.0,2.0,4.0,4.0,1.0,1.0,4.0,1.0,1.0,3.0,3.0,1.0,4.0,1.0,1.0,4.0,1.0,5.0,3.0,5.0,3.0,3.0,1.0,1.0,2.0,2.0,1.0,2.0,3.0,2.0,2.0,2.0,4.0,3.0,3.0,5.0,2.0,2.0,1.0,2.0,1.0,1.0,3.0,2.0,4.0,3.0,2.0,6.0,1.0,2.0,3.0,3.0,3.0,1.0,4.0,4.0,1.0,3.0,3.0,3.0,3.0,2.0,3.0,1.0,2.0,2.0,1.0,3.0,3.0,1.0,1.0,2.0,2.0,2.0,1.0,1.0,4.0,2.0,2.0,2.0,4.0,3.0,6.0,5.0,1.0,1.0,1.0,2.0,1.0,2.0,1.0,1.0,2.0,4.0,2.0,4.0,1.0,3.0,1.0,3.0,1.0,2.0,2.0,2.0,4.0,1169.0
1.0,1.0,1.0,1.0,40.0,مرد,مجرد,لیسانس,مشاغل آزاد,طلا و ارز,19.0,۱۰ الی ۵۰,کمتر از ۵۰ میلیون تومان,2.0,2.0,2.0,1.0,2.0,2.0,4.0,1.0,2.0,3.0,4.0,1.0,3.0,3.0,2.0,2.0,1.0,3.0,3.0,3.0,4.0,5.0,3.0,2.0,2.0,1.0,1.0,2.0,1.0,3.0,3.0,3.0,4.0,1.0,1.0,3.0,2.0,2.0,2.0,3.0,3.0,1.0,4.0,2.0,3.0,2.0,4.0,1.0,1.0,1.0,3.0,3.0,1.0,4.0,2.0,4.0,3.0,3.0,3.0,3.0,1.0,3.0,1.0,2.0,2.0,1.0,2.0,3.0,1.0,2.0,1.0,1.0,5.0,5.0,2.0,5.0,1.0,2.0,2.0,1.0,4.0,3.0,4.0,4.0,6.0,3.0,1.0,2.0,3.0,1.0,3.0,2.0,2.0,1.0,3.0,1.0,2.0,4.0,4.0,4.0,2.0,4.0,3.0,3.0,4.0,3.0,4.0,1.0,849.0
1.0,1.0,1.0,1.0,40.0,مرد,متاهل,لیسانس,مشاغل آزاد,فارکس,56.0,۵۰ به بالا,۵۰ تا ۲۰۰ میلیون تومان,4.0,1.0,1.0,1.0,1.0,3.0,4.0,1.0,1.0,4.0,1.0,2.0,4.0,4.0,1.0,3.0,1.0,1.0,3.0,1.0,4.0,3.0,3.0,2.0,3.0,3.0,3.0,5.0,4.0,2.0,3.0,3.0,3.0,2.0,2.0,4.0,2.0,2.0,2.0,3.0,1.0,4.0,4.0,4.0,1.0,3.0,3.0,6.0,2.0,4.0,3.0,5.0,3.0,5.0,4.0,5.0,5.0,3.0,3.0,1.0,2.0,2.0,4.0,2.0,3.0,2.0,1.0,4.0,2.0,3.0,1.0,3.0,1.0,3.0,1.0,3.0,2.0,2.0,3.0,2.0,5.0,3.0,1.0,3.0,2.0,5.0,4.0,4.0,4.0,4.0,2.0,1.0,1.0,2.0,1.0,1.0,2.0,2.0,1.0,3.0,1.0,3.0,2.0,3.0,3.0,3.0,4.0,3.0,2166.0
1.0,1.0,1.0,1.0,22.0,زن,مجرد,فوق لیسانس,کارمند,طلا و ارز,40.0,۱۰ الی ۵۰,بیش از ۱ میلیارد تومان,3.0,2.0,2.0,2.0,3.0,3.0,4.0,1.0,2.0,4.0,2.0,1.0,4.0,2.0,3.0,3.0,1.0,2.0,2.0,1.0,1.0,4.0,4.0,4.0,3.0,1.0,1.0,1.0,1.0,1.0,3.0,1.0,2.0,3.0,1.0,1.0,4.0,1.0,2.0,1.0,4.0,3.0,1.0,1.0,1.0,3.0,4.0,1.0,2.0,4.0,1.0,2.0,1.0,1.0,2.0,2.0,2.0,4.0,3.0,2.0,1.0,3.0,2.0,4.0,1.0,1.0,1.0,2.0,1.0,3.0,4.0,3.0,4.0,5.0,3.0,3.0,2.0,4.0,1.0,4.0,6.0,4.0,2.0,2.0,4.0,1.0,2.0,1.0,2.0,2.0,6.0,3.0,3.0,4.0,3.0,3.0,2.0,4.0,2.0,2.0,2.0,3.0,2.0,2.0,3.0,2.0,2.0,2.0,482.0
1.0,1.0,1.0,1.0,33.0,زن,مطلقه/سایر,فوق دیپلم,کارمند,رمزارز,59.0,۱۰ الی ۵۰,کمتر از ۵۰ میلیون تومان,2.0,2.0,3.0,1.0,1.0,2.0,3.0,1.0,1.0,4.0,3.0,2.0,4.0,3.0,1.0,3.0,2.0,1.0,4.0,2.0,4.0,3.0,2.0,2.0,5.0,1.0,2.0,1.0,1.0,1.0,1.0,4.0,1.0,3.0,3.0,2.0,2.0,2.0,2.0,3.0,5.0,3.0,2.0,2.0,3.0,5.0,5.0,2.0,3.0,5.0,2.0,6.0,4.0,3.0,2.0,3.0,2.0,1.0,3.0,4.0,2.0,1.0,2.0,3.0,1.0,5.0,2.0,2.0,4.0,2.0,2.0,2.0,2.0,3.0,2.0,5.0,4.0,4.0,5.0,4.0,5.0,3.0,5.0,4.0,2.0,2.0,2.0,4.0,4.0,5.0,2.0,1.0,1.0,1.0,3.0,2.0,2.0,1.0,4.0,2.0,2.0,2.0,3.0,3.0,4.0,4.0,2.0,2.0,1314.0
1.0,1.0,1.0,1.0,55.0,زن,متاهل,دیپلم,کارمند,بورس,40.0,۱۰ الی ۵۰,کمتر از ۵۰ میلیون تومان,3.0,3.0,3.0,4.0,3.0,2.0,2.0,3.0,2.0,2.0,3.0,1.0,1.0,3.0,2.0,1.0,2.0,3.0,4.0,4.0,5.0,5.0,2.0,5.0,5.0,4.0,2.0,3.0,4.0,3.0,3.0,3.0,4.0,4.0,3.0,1.0,5.0,2.0,4.0,4.0,3.0,3.0,2.0,2.0,2.0,4.0,2.0,3.0,6.0,2.0,5.0,6.0,5.0,4.0,4.0,2.0,2.0,3.0,3.0,4.0,4.0,5.0,5.0,4.0,5.0,3.0,2.0,2.0,4.0,2.0,5.0,4.0,1.0,3.0,3.0,2.0,1.0,4.0,1.0,2.0,5.0,4.0,2.0,6.0,5.0,5.0,1.0,3.0,6.0,5.0,1.0,4.0,3.0,2.0,2.0,3.0,1.0,2.0,3.0,1.0,2.0,2.0,2.0,2.0,3.0,1.0,1.0,4.0,1705.0
1.0,1.0,1.0,1.0,34.0,زن,متاهل,فوق دیپلم,کارمند,رمزارز,27.0,۱ الی ۱۰ معامله,۲۰۰ تا ۵۰۰ میلیون تومان,4.0,2.0,2.0,1.0,1.0,3.0,2.0,2.0,1.0,1.0,2.0,1.0,3.0,3.0,2.0,3.0,2.0,2.0,2.0,1.0,2.0,1.0,1.0,3.0,1.0,2.0,3.0,1.0,1.0,3.0,1.0,4.0,3.0,3.0,3.0,2.0,2.0,1.0,5.0,3.0,3.0,5.0,3.0,4.0,2.0,5.0,1.0,6.0,4.0,4.0,1.0,1.0,6.0,2.0,2.0,1.0,1.0,1.0,1.0,1.0,4.0,2.0,3.0,1.0,3.0,1.0,1.0,2.0,1.0,4.0,5.0,3.0,1.0,4.0,1.0,4.0,3.0,2.0,2.0,4.0,1.0,1.0,2.0,4.0,1.0,1.0,3.0,2.0,1.0,1.0,2.0,2.0,2.0,2.0,1.0,4.0,1.0,1.0,3.0,1.0,3.0,1.0,3.0,1.0,1.0,1.0,1.0,2.0,754.0
1.0,1.0,1.0,1.0,27.0,زن,مجرد,لیسانس,مشاغل آزاد,رمزارز,22.0,۵۰ به بالا,کمتر از ۵۰ میلیون تومان,3.0,3.0,3.0,2.0,1.0,2.0,4.0,4.0,2.0,4.0,2.0,2.0,3.0,4.0,2.0,3.0,2.0,1.0,4.0,2.0,2.0,4.0,1.0,1.0,3.0,3.0,5.0,3.0,4.0,5.0,5.0,1.0,2.0,3.0,1.0,1.0,1.0,2.0,3.0,3.0,3.0,3.0,1.0,3.0,2.0,2.0,3.0,1.0,1.0,4.0,5.0,5.0,4.0,3.0,4.0,2.0,3.0,1.0,4.0,5.0,2.0,3.0,1.0,2.0,1.0,3.0,1.0,2.0,2.0,3.0,1.0,3.0,4.0,3.0,5.0,3.0,2.0,3.0,3.0,2.0,3.0,5.0,6.0,2.0,3.0,2.0,1.0,3.0,3.0,1.0,4.0,2.0,5.0,1.0,2.0,4.0,2.0,1.0,3.0,2.0,2.0,3.0,3.0,3.0,3.0,3.0,3.0,2.0,1260.0
1.0,1.0,1.0,1.0,43.0,مرد,متاهل,لیسانس,مشاغل آزاد,کالا,48.0,۵۰ به بالا,کمتر از ۵۰ میلیون تومان,3.0,1.0,3.0,2.0,4.0,2.0,1.0,2.0,1.0,2.0,2.0,4.0,3.0,2.0,3.0,2.0,1.0,4.0,3.0,3.0,2.0,3.0,3.0,4.0,5.0,1.0,4.0,2.0,1.0,2.0,3.0,1.0,3.0,1.0,1.0,4.0,1.0,1.0,2.0,2.0,5.0,1.0,1.0,2.0,2.0,4.0,6.0,1.0,6.0,3.0,4.0,4.0,4.0,4.0,5.0,4.0,1.0,2.0,2.0,1.0,6.0,6.0,6.0,6.0,5.0,1.0,1.0,3.0,2.0,1.0,4.0,2.0,1.0,1.0,2.0,1.0,2.0,2.0,2.0,2.0,1.0,2.0,2.0,2.0,1.0,4.0,5.0,6.0,6.0,1.0,6.0,1.0,3.0,3.0,2.0,2.0,1.0,3.0,1.0,2.0,2.0,3.0,2.0,2.0,2.0,2.0,1.0,3.0,848.0
1.0,1.0,1.0,1.0,25.0,زن,متاهل,فوق لیسانس,کارمند,رمزارز,27.0,۵۰ به بالا,کمتر از ۵۰ میلیون تومان,4.0,3.0,4.0,3.0,3.0,3.0,2.0,3.0,1.0,2.0,4.0,2.0,2.0,2.0,2.0,2.0,2.0,2.0,2.0,2.0,4.0,3.0,3.0,2.0,4.0,3.0,1.0,1.0,1.0,1.0,5.0,4.0,2.0,2.0,2.0,2.0,3.0,3.0,4.0,4.0,1.0,4.0,2.0,5.0,2.0,6.0,3.0,3.0,4.0,3.0,5.0,3.0,4.0,5.0,3.0,6.0,4.0,2.0,1.0,1.0,4.0,5.0,6.0,4.0,6.0,4.0,3.0,6.0,3.0,3.0,2.0,1.0,2.0,3.0,2.0,3.0,3.0,3.0,2.0,3.0,4.0,4.0,2.0,4.0,4.0,5.0,3.0,5.0,4.0,2.0,3.0,2.0,4.0,6.0,3.0,2.0,2.0,2.0,4.0,3.0,4.0,3.0,3.0,3.0,2.0,2.0,2.0,3.0,866.0
1.0,1.0,1.0,1.0,57.0,زن,متاهل,دیپلم,مشاغل آزاد,بورس,83.0,۱ الی ۱۰ معامله,ترجیح می‌دهم پاسخ ندهم,3.0,3.0,4.0,2.0,4.0,1.0,2.0,3.0,2.0,2.0,3.0,3.0,3.0,2.0,3.0,1.0,1.0,2.0,1.0,2.0,6.0,4.0,3.0,6.0,2.0,4.0,2.0,5.0,1.0,5.0,5.0,4.0,6.0,6.0,2.0,2.0,2.0,2.0,6.0,4.0,5.0,5.0,4.0,6.0,4.0,2.0,2.0,3.0,5.0,4.0,2.0,2.0,3.0,3.0,2.0,3.0,2.0,1.0,1.0,1.0,4.0,2.0,1.0,2.0,2.0,1.0,2.0,4.0,3.0,3.0,4.0,4.0,2.0,3.0,6.0,3.0,3.0,4.0,4.0,3.0,4.0,2.0,2.0,4.0,4.0,3.0,1.0,4.0,5.0,2.0,4.0,3.0,2.0,4.0,1.0,3.0,2.0,1.0,2.0,3.0,4.0,4.0,4.0,2.0,4.0,2.0,4.0,4.0,1428.0
1.0,1.0,1.0,1.0,61.0,مرد,مطلقه/سایر,زیر دیپلم,کارمند,رمزارز,38.0,۱۰ الی ۵۰,۵۰۰ میلیون تا ۱ میلیارد تومان,2.0,3.0,2.0,3.0,2.0,2.0,1.0,1.0,4.0,4.0,3.0,4.0,2.0,1.0,3.0,4.0,2.0,2.0,1.0,2.0,4.0,5.0,3.0,3.0,3.0,2.0,3.0,4.0,4.0,2.0,4.0,3.0,6.0,2.0,5.0,4.0,6.0,2.0,3.0,4.0,3.0,2.0,1.0,3.0,2.0,3.0,2.0,2.0,5.0,5.0,3.0,3.0,5.0,4.0,5.0,3.0,3.0,1.0,3.0,1.0,5.0,5.0,4.0,4.0,4.0,1.0,4.0,2.0,3.0,3.0,1.0,3.0,4.0,2.0,2.0,2.0,4.0,4.0,2.0,4.0,3.0,2.0,5.0,4.0,6.0,6.0,6.0,5.0,6.0,5.0,3.0,5.0,4.0,3.0,5.0,4.0,3.0,2.0,4.0,4.0,1.0,1.0,2.0,1.0,1.0,3.0,2.0,3.0,989.0
1.0,1.0,1.0,1.0,59.0,مرد,مجرد,لیسانس,کارمند,بورس,34.0,۱ الی ۱۰ معامله,۵۰ تا ۲۰۰ میلیون تومان,2.0,3.0,1.0,1.0,2.0,2.0,2.0,1.0,1.0,3.0,1.0,1.0,3.0,1.0,4.0,3.0,1.0,1.0,3.0,1.0,4.0,2.0,4.0,5.0,2.0,6.0,4.0,5.0,3.0,3.0,1.0,1.0,1.0,1.0,3.0,1.0,3.0,2.0,2.0,3.0,4.0,5.0,3.0,3.0,4.0,4.0,2.0,3.0,4.0,4.0,4.0,2.0,1.0,4.0,3.0,3.0,4.0,5.0,4.0,4.0,2.0,3.0,3.0,1.0,3.0,2.0,4.0,2.0,1.0,2.0,3.0,3.0,6.0,4.0,3.0,2.0,1.0,2.0,2.0,3.0,5.0,3.0,3.0,3.0,5.0,4.0,4.0,6.0,1.0,2.0,3.0,2.0,3.0,6.0,5.0,3.0,3.0,4.0,3.0,2.0,3.0,2.0,3.0,3.0,2.0,2.0,3.0,2.0,1526.0
1.0,1.0,1.0,1.0,24.0,مرد,متاهل,زیر دیپلم,کارمند,طلا و ارز,26.0,۱۰ الی ۵۰,بیش از ۱ میلیارد تومان,4.0,4.0,1.0,1.0,1.0,3.0,2.0,3.0,1.0,4.0,2.0,1.0,4.0,4.0,2.0,3.0,1.0,1.0,3.0,2.0,1.0,2.0,5.0,1.0,5.0,5.0,3.0,1.0,5.0,1.0,3.0,1.0,1.0,1.0,1.0,1.0,3.0,1.0,3.0,1.0,3.0,4.0,3.0,3.0,3.0,3.0,2.0,1.0,1.0,2.0,2.0,1.0,2.0,3.0,4.0,2.0,1.0,2.0,2.0,4.0,2.0,2.0,3.0,1.0,3.0,2.0,3.0,4.0,2.0,2.0,1.0,1.0,5.0,1.0,3.0,1.0,2.0,1.0,1.0,2.0,2.0,1.0,4.0,2.0,1.0,2.0,3.0,2.0,5.0,3.0,2.0,1.0,2.0,2.0,2.0,4.0,1.0,1.0,2.0,2.0,1.0,2.0,1.0,1.0,1.0,1.0,2.0,3.0,770.0
1.0,1.0,1.0,1.0,58.0,ترجیح می‌دهم پاسخ ندهم,مطلقه/سایر,دکتری,سایر,طلا و ارز,52.0,۵۰ به بالا,۵۰ تا ۲۰۰ میلیون تومان,3.0,1.0,1.0,1.0,1.0,2.0,3.0,1.0,1.0,4.0,1.0,2.0,4.0,3.0,1.0,4.0,1.0,1.0,2.0,1.0,4.0,2.0,2.0,1.0,3.0,4.0,3.0,4.0,2.0,1.0,2.0,4.0,4.0,5.0,5.0,3.0,3.0,3.0,2.0,2.0,4.0,5.0,2.0,5.0,4.0,4.0,1.0,2.0,2.0,2.0,2.0,1.0,1.0,1.0,2.0,2.0,3.0,5.0,1.0,3.0,2.0,1.0,2.0,1.0,2.0,3.0,4.0,1.0,3.0,4.0,3.0,4.0,3.0,4.0,2.0,1.0,1.0,1.0,1.0,1.0,2.0,3.0,3.0,3.0,5.0,3.0,1.0,1.0,3.0,1.0,4.0,2.0,1.0,5.0,4.0,4.0,2.0,1.0,1.0,1.0,1.0,2.0,1.0,1.0,1.0,1.0,1.0,2.0,1531.0
1.0,1.0,1.0,1.0,21.0,زن,متاهل,لیسانس,خانه‌دار,بورس,26.0,۱ الی ۱۰ معامله,۵۰ تا ۲۰۰ میلیون تومان,4.0,1.0,2.0,1.0,1.0,4.0,4.0,1.0,1.0,4.0,1.0,1.0,4.0,4.0,1.0,4.0,1.0,1.0,4.0,1.0,3.0,1.0,2.0,4.0,2.0,2.0,1.0,4.0,2.0,2.0,3.0,2.0,4.0,2.0,5.0,3.0,2.0,3.0,3.0,4.0,5.0,5.0,1.0,2.0,1.0,1.0,2.0,4.0,3.0,1.0,1.0,2.0,3.0,3.0,1.0,4.0,1.0,1.0,1.0,3.0,2.0,5.0,4.0,2.0,3.0,1.0,1.0,1.0,1.0,2.0,5.0,3.0,4.0,2.0,1.0,2.0,2.0,1.0,1.0,1.0,1.0,1.0,2.0,1.0,1.0,5.0,2.0,2.0,3.0,3.0,3.0,2.0,1.0,2.0,4.0,4.0,2.0,1.0,2.0,3.0,1.0,1.0,1.0,1.0,1.0,2.0,3.0,3.0,728.0
1.0,1.0,1.0,1.0,22.0,مرد,مجرد,فوق لیسانس,مشاغل آزاد,طلا و ارز,20.0,۱۰ الی ۵۰,۵۰ تا ۲۰۰ میلیون تومان,3.0,1.0,2.0,1.0,1.0,3.0,3.0,1.0,2.0,4.0,3.0,1.0,3.0,3.0,2.0,3.0,1.0,1.0,4.0,2.0,5.0,3.0,2.0,3.0,1.0,1.0,2.0,1.0,1.0,2.0,3.0,4.0,3.0,1.0,1.0,1.0,1.0,2.0,3.0,1.0,3.0,3.0,3.0,4.0,2.0,1.0,3.0,1.0,2.0,1.0,1.0,2.0,2.0,3.0,2.0,4.0,3.0,3.0,2.0,2.0,1.0,6.0,5.0,4.0,5.0,1.0,3.0,2.0,4.0,1.0,1.0,3.0,2.0,2.0,1.0,4.0,3.0,2.0,3.0,2.0,3.0,2.0,3.0,1.0,1.0,3.0,2.0,1.0,2.0,1.0,2.0,3.0,1.0,2.0,1.0,3.0,2.0,1.0,2.0,2.0,2.0,2.0,4.0,2.0,2.0,2.0,3.0,4.0,640.0
1.0,1.0,1.0,1.0,33.0,مرد,متاهل,فوق لیسانس,مشاغل آزاد,بورس,13.0,۱ الی ۱۰ معامله,۲۰۰ تا ۵۰۰ میلیون تومان,1.0,4.0,2.0,4.0,2.0,1.0,2.0,1.0,1.0,1.0,2.0,2.0,2.0,3.0,1.0,3.0,2.0,2.0,1.0,4.0,3.0,1.0,2.0,1.0,1.0,3.0,3.0,2.0,1.0,2.0,3.0,2.0,1.0,2.0,1.0,3.0,3.0,1.0,3.0,1.0,3.0,4.0,4.0,3.0,5.0,1.0,3.0,3.0,1.0,1.0,1.0,4.0,6.0,4.0,6.0,3.0,2.0,3.0,2.0,3.0,1.0,6.0,2.0,1.0,5.0,2.0,1.0,3.0,3.0,4.0,3.0,2.0,2.0,2.0,3.0,2.0,1.0,3.0,2.0,5.0,3.0,4.0,2.0,4.0,3.0,4.0,4.0,2.0,3.0,4.0,4.0,3.0,2.0,1.0,2.0,2.0,4.0,2.0,3.0,4.0,2.0,2.0,2.0,2.0,2.0,3.0,2.0,2.0,646.0
1.0,1.0,1.0,1.0,42.0,مرد,متاهل,دیپلم,مشاغل آزاد,بورس,11.0,۱۰ الی ۵۰,۲۰۰ تا ۵۰۰ میلیون تومان,3.0,4.0,3.0,2.0,3.0,1.0,1.0,4.0,4.0,2.0,1.0,4.0,3.0,2.0,1.0,1.0,3.0,4.0,3.0,2.0,4.0,5.0,3.0,4.0,2.0,2.0,3.0,2.0,4.0,3.0,6.0,3.0,3.0,4.0,5.0,4.0,5.0,6.0,3.0,3.0,2.0,1.0,1.0,1.0,2.0,5.0,4.0,2.0,1.0,3.0,4.0,3.0,4.0,6.0,4.0,5.0,3.0,5.0,2.0,4.0,3.0,4.0,3.0,4.0,4.0,2.0,3.0,4.0,2.0,5.0,6.0,2.0,2.0,4.0,1.0,4.0,3.0,5.0,4.0,5.0,6.0,2.0,6.0,5.0,4.0,4.0,5.0,3.0,2.0,1.0,4.0,4.0,5.0,5.0,5.0,3.0,2.0,2.0,2.0,4.0,3.0,3.0,3.0,3.0,3.0,3.0,2.0,3.0,1027.0
1.0,1.0,1.0,1.0,43.0,مرد,مجرد,لیسانس,کارمند,رمزارز,12.0,۵۰ به بالا,۲۰۰ تا ۵۰۰ میلیون تومان,4.0,2.0,1.0,3.0,1.0,2.0,4.0,1.0,1.0,4.0,1.0,1.0,4.0,2.0,1.0,3.0,1.0,3.0,4.0,2.0,3.0,3.0,5.0,4.0,2.0,2.0,1.0,1.0,2.0,2.0,1.0,2.0,1.0,1.0,3.0,5.0,1.0,2.0,2.0,1.0,2.0,1.0,1.0,3.0,2.0,4.0,2.0,3.0,2.0,1.0,4.0,5.0,4.0,1.0,1.0,1.0,3.0,1.0,3.0,1.0,2.0,2.0,3.0,2.0,4.0,1.0,1.0,3.0,1.0,2.0,2.0,2.0,2.0,3.0,3.0,3.0,2.0,2.0,3.0,3.0,3.0,2.0,2.0,1.0,2.0,2.0,2.0,4.0,1.0,2.0,2.0,4.0,3.0,4.0,1.0,4.0,4.0,1.0,2.0,4.0,2.0,1.0,1.0,2.0,1.0,3.0,1.0,2.0,643.0
1.0,1.0,1.0,1.0,56.0,زن,مطلقه/سایر,لیسانس,مشاغل آزاد,بورس,27.0,۱۰ الی ۵۰,۲۰۰ تا ۵۰۰ میلیون تومان,4.0,2.0,1.0,3.0,2.0,1.0,4.0,3.0,4.0,2.0,1.0,2.0,3.0,2.0,1.0,3.0,4.0,3.0,1.0,4.0,1.0,3.0,3.0,1.0,5.0,3.0,2.0,3.0,1.0,2.0,2.0,3.0,5.0,3.0,3.0,4.0,5.0,5.0,1.0,5.0,2.0,5.0,4.0,1.0,3.0,5.0,3.0,3.0,2.0,5.0,4.0,5.0,4.0,4.0,4.0,2.0,3.0,4.0,2.0,2.0,2.0,3.0,2.0,5.0,5.0,3.0,3.0,3.0,5.0,6.0,3.0,5.0,1.0,3.0,5.0,5.0,5.0,6.0,4.0,4.0,2.0,2.0,2.0,4.0,2.0,1.0,5.0,3.0,2.0,1.0,2.0,3.0,2.0,1.0,2.0,4.0,2.0,1.0,1.0,2.0,3.0,1.0,3.0,1.0,3.0,1.0,1.0,2.0,909.0
1.0,1.0,1.0,1.0,42.0,مرد,متاهل,فوق لیسانس,مشاغل آزاد,رمزارز,18.0,۱۰ الی ۵۰,کمتر از ۵۰ میلیون تومان,2.0,2.0,2.0,3.0,2.0,3.0,2.0,3.0,2.0,4.0,3.0,4.0,1.0,2.0,3.0,2.0,3.0,2.0,2.0,2.0,2.0,2.0,3.0,2.0,3.0,2.0,1.0,2.0,2.0,1.0,3.0,2.0,5.0,2.0,2.0,4.0,1.0,2.0,3.0,1.0,2.0,3.0,3.0,4.0,1.0,4.0,1.0,2.0,1.0,4.0,2.0,3.0,2.0,3.0,2.0,1.0,1.0,3.0,5.0,1.0,3.0,1.0,1.0,1.0,1.0,3.0,3.0,1.0,6.0,4.0,1.0,3.0,1.0,2.0,1.0,3.0,4.0,2.0,4.0,1.0,1.0,3.0,3.0,4.0,3.0,3.0,4.0,1.0,3.0,3.0,1.0,1.0,1.0,1.0,1.0,4.0,1.0,1.0,1.0,2.0,1.0,1.0,1.0,1.0,1.0,1.0,1.0,2.0,855.0
1.0,1.0,1.0,1.0,54.0,مرد,مجرد,فوق لیسانس,مشاغل آزاد,رمزارز,40.0,۱۰ الی ۵۰,کمتر از ۵۰ میلیون تومان,3.0,4.0,3.0,3.0,2.0,3.0,1.0,3.0,2.0,3.0,4.0,4.0,3.0,2.0,2.0,1.0,4.0,2.0,2.0,3.0,6.0,6.0,3.0,3.0,6.0,5.0,2.0,4.0,3.0,5.0,6.0,2.0,4.0,4.0,3.0,2.0,4.0,4.0,2.0,2.0,6.0,5.0,4.0,2.0,5.0,5.0,3.0,4.0,4.0,3.0,5.0,5.0,6.0,3.0,4.0,5.0,1.0,2.0,1.0,3.0,5.0,5.0,6.0,5.0,4.0,4.0,6.0,4.0,4.0,5.0,4.0,2.0,3.0,6.0,2.0,6.0,5.0,4.0,5.0,5.0,6.0,5.0,6.0,6.0,5.0,6.0,1.0,5.0,2.0,6.0,5.0,6.0,6.0,5.0,5.0,1.0,4.0,4.0,3.0,2.0,2.0,3.0,4.0,4.0,4.0,2.0,3.0,1.0,839.0
1.0,1.0,1.0,1.0,39.0,زن,متاهل,دیپلم,کارمند,بورس,19.0,۱۰ الی ۵۰,۵۰ تا ۲۰۰ میلیون تومان,4.0,2.0,4.0,4.0,2.0,1.0,3.0,4.0,4.0,2.0,3.0,2.0,2.0,1.0,4.0,2.0,3.0,3.0,1.0,4.0,6.0,2.0,6.0,5.0,5.0,4.0,4.0,2.0,1.0,5.0,6.0,4.0,2.0,2.0,3.0,1.0,2.0,4.0,1.0,2.0,4.0,4.0,2.0,3.0,4.0,1.0,3.0,2.0,5.0,4.0,4.0,5.0,4.0,4.0,6.0,5.0,3.0,4.0,5.0,4.0,5.0,4.0,5.0,6.0,3.0,2.0,2.0,4.0,1.0,3.0,4.0,6.0,6.0,6.0,6.0,2.0,4.0,5.0,5.0,3.0,5.0,6.0,5.0,4.0,4.0,3.0,3.0,6.0,6.0,5.0,1.0,5.0,2.0,2.0,2.0,1.0,3.0,4.0,2.0,4.0,3.0,4.0,4.0,2.0,2.0,3.0,4.0,1.0,600.0
1.0,1.0,1.0,1.0,49.0,زن,مجرد,لیسانس,مشاغل آزاد,طلا و ارز,55.0,۱۰ الی ۵۰,۵۰ تا ۲۰۰ میلیون تومان,3.0,3.0,4.0,4.0,3.0,2.0,3.0,1.0,4.0,2.0,4.0,4.0,1.0,3.0,3.0,3.0,3.0,3.0,1.0,4.0,3.0,3.0,4.0,3.0,3.0,4.0,2.0,2.0,2.0,2.0,1.0,1.0,1.0,3.0,5.0,1.0,3.0,2.0,3.0,1.0,4.0,4.0,4.0,4.0,3.0,5.0,4.0,5.0,6.0,2.0,2.0,3.0,2.0,4.0,4.0,4.0,5.0,3.0,4.0,6.0,6.0,5.0,5.0,4.0,5.0,3.0,3.0,5.0,3.0,2.0,2.0,3.0,3.0,1.0,3.0,3.0,5.0,1.0,5.0,1.0,4.0,3.0,3.0,2.0,3.0,5.0,6.0,3.0,4.0,3.0,5.0,5.0,3.0,6.0,6.0,3.0,2.0,4.0,3.0,2.0,1.0,4.0,3.0,2.0,1.0,1.0,4.0,3.0,762.0
1.0,1.0,1.0,1.0,26.0,مرد,مجرد,دیپلم,مشاغل آزاد,رمزارز,27.0,۱ الی ۱۰ معامله,کمتر از ۵۰ میلیون تومان,4.0,3.0,2.0,1.0,1.0,3.0,1.0,1.0,1.0,2.0,4.0,2.0,3.0,4.0,2.0,3.0,3.0,2.0,1.0,2.0,2.0,2.0,1.0,2.0,3.0,3.0,1.0,1.0,2.0,2.0,2.0,4.0,4.0,3.0,2.0,1.0,6.0,1.0,2.0,2.0,3.0,3.0,3.0,2.0,3.0,2.0,1.0,3.0,3.0,4.0,3.0,1.0,4.0,1.0,2.0,5.0,2.0,2.0,2.0,3.0,2.0,4.0,2.0,2.0,2.0,4.0,3.0,3.0,3.0,3.0,5.0,6.0,4.0,3.0,4.0,3.0,2.0,2.0,3.0,4.0,6.0,2.0,2.0,2.0,4.0,2.0,4.0,2.0,2.0,3.0,3.0,3.0,3.0,2.0,4.0,2.0,1.0,3.0,2.0,1.0,2.0,1.0,2.0,1.0,4.0,3.0,3.0,3.0,1934.0
1.0,1.0,1.0,1.0,40.0,مرد,مجرد,لیسانس,سایر,رمزارز,63.0,۱ الی ۱۰ معامله,۵۰ تا ۲۰۰ میلیون تومان,4.0,3.0,3.0,3.0,2.0,2.0,4.0,2.0,2.0,2.0,2.0,3.0,2.0,3.0,2.0,1.0,2.0,4.0,1.0,1.0,2.0,6.0,5.0,5.0,1.0,4.0,4.0,4.0,4.0,4.0,1.0,5.0,5.0,2.0,2.0,2.0,1.0,1.0,2.0,2.0,1.0,2.0,4.0,6.0,2.0,5.0,1.0,3.0,2.0,4.0,2.0,6.0,2.0,3.0,2.0,4.0,4.0,1.0,1.0,2.0,4.0,6.0,4.0,6.0,3.0,4.0,2.0,4.0,2.0,6.0,3.0,5.0,4.0,6.0,6.0,3.0,4.0,2.0,4.0,3.0,3.0,4.0,3.0,1.0,3.0,3.0,1.0,2.0,2.0,3.0,2.0,4.0,3.0,2.0,3.0,3.0,1.0,3.0,4.0,1.0,1.0,4.0,4.0,2.0,2.0,4.0,3.0,3.0,1481.0
1.0,1.0,1.0,1.0,42.0,مرد,متاهل,دیپلم,سایر,بورس,56.0,۱۰ الی ۵۰,۲۰۰ تا ۵۰۰ میلیون تومان,3.0,1.0,2.0,2.0,2.0,4.0,3.0,2.0,2.0,2.0,1.0,2.0,3.0,4.0,1.0,2.0,1.0,1.0,3.0,1.0,3.0,3.0,2.0,2.0,1.0,1.0,3.0,1.0,3.0,1.0,3.0,2.0,2.0,2.0,3.0,1.0,3.0,1.0,1.0,2.0,1.0,3.0,1.0,2.0,3.0,3.0,4.0,2.0,4.0,5.0,1.0,1.0,2.0,2.0,4.0,3.0,1.0,2.0,4.0,2.0,1.0,1.0,1.0,1.0,2.0,2.0,1.0,2.0,1.0,2.0,1.0,2.0,1.0,1.0,2.0,2.0,3.0,3.0,6.0,4.0,3.0,4.0,3.0,4.0,1.0,2.0,5.0,2.0,6.0,1.0,4.0,3.0,2.0,1.0,3.0,4.0,3.0,2.0,1.0,1.0,2.0,3.0,1.0,3.0,1.0,1.0,2.0,2.0,1661.0
1.0,1.0,1.0,1.0,31.0,زن,متاهل,دکتری,مشاغل آزاد,رمزارز,86.0,۱ الی ۱۰ معامله,کمتر از ۵۰ میلیون تومان,3.0,1.0,3.0,4.0,1.0,3.0,3.0,2.0,3.0,3.0,2.0,3.0,2.0,3.0,3.0,3.0,2.0,2.0,3.0,1.0,3.0,5.0,4.0,4.0,3.0,5.0,4.0,3.0,3.0,3.0,1.0,5.0,4.0,4.0,3.0,4.0,6.0,5.0,6.0,6.0,1.0,2.0,3.0,3.0,1.0,6.0,4.0,5.0,2.0,2.0,3.0,4.0,4.0,5.0,3.0,5.0,4.0,3.0,6.0,3.0,4.0,6.0,4.0,6.0,5.0,5.0,1.0,5.0,2.0,3.0,2.0,3.0,2.0,1.0,4.0,2.0,4.0,2.0,1.0,2.0,6.0,4.0,4.0,5.0,5.0,5.0,4.0,3.0,4.0,5.0,4.0,4.0,3.0,3.0,4.0,2.0,3.0,3.0,3.0,4.0,4.0,3.0,2.0,3.0,3.0,4.0,2.0,1.0,690.0
1.0,1.0,1.0,1.0,36.0,مرد,مجرد,لیسانس,مشاغل آزاد,بورس,72.0,۱ الی ۱۰ معامله,۵۰ تا ۲۰۰ میلیون تومان,4.0,2.0,2.0,2.0,1.0,4.0,4.0,3.0,1.0,2.0,3.0,1.0,3.0,3.0,1.0,2.0,2.0,2.0,3.0,1.0,5.0,4.0,4.0,5.0,3.0,3.0,2.0,4.0,4.0,2.0,5.0,3.0,3.0,3.0,1.0,4.0,6.0,4.0,4.0,5.0,5.0,4.0,5.0,2.0,1.0,1.0,1.0,1.0,2.0,4.0,5.0,4.0,6.0,5.0,4.0,6.0,5.0,3.0,4.0,4.0,5.0,2.0,2.0,3.0,5.0,1.0,2.0,3.0,2.0,4.0,3.0,6.0,1.0,2.0,2.0,3.0,6.0,2.0,1.0,2.0,3.0,6.0,4.0,3.0,5.0,2.0,4.0,4.0,4.0,6.0,4.0,6.0,5.0,5.0,5.0,4.0,2.0,4.0,3.0,4.0,2.0,3.0,3.0,3.0,3.0,1.0,3.0,1.0,658.0
1.0,1.0,1.0,1.0,57.0,مرد,مجرد,لیسانس,مشاغل آزاد,بورس,21.0,۱۰ الی ۵۰,۵۰۰ میلیون تا ۱ میلیارد تومان,4.0,3.0,3.0,2.0,2.0,3.0,3.0,2.0,4.0,3.0,1.0,1.0,4.0,4.0,1.0,1.0,2.0,2.0,2.0,2.0,4.0,2.0,2.0,5.0,4.0,2.0,2.0,1.0,1.0,2.0,1.0,3.0,2.0,1.0,2.0,2.0,3.0,2.0,3.0,5.0,5.0,3.0,2.0,3.0,5.0,1.0,1.0,3.0,1.0,2.0,3.0,2.0,4.0,4.0,5.0,4.0,3.0,3.0,5.0,3.0,3.0,2.0,3.0,3.0,3.0,4.0,3.0,1.0,2.0,1.0,3.0,4.0,2.0,3.0,1.0,3.0,3.0,2.0,3.0,3.0,3.0,3.0,4.0,1.0,1.0,2.0,2.0,5.0,4.0,2.0,2.0,1.0,1.0,1.0,2.0,4.0,4.0,1.0,2.0,1.0,3.0,1.0,2.0,2.0,3.0,3.0,1.0,3.0,912.0
1.0,1.0,1.0,1.0,24.0,زن,مجرد,فوق لیسانس,کارمند,بورس,84.0,۱۰ الی ۵۰,بیش از ۱ میلیارد تومان,4.0,1.0,2.0,4.0,2.0,4.0,3.0,1.0,2.0,3.0,1.0,2.0,4.0,2.0,1.0,4.0,1.0,1.0,4.0,4.0,2.0,4.0,1.0,3.0,3.0,1.0,2.0,4.0,2.0,1.0,3.0,2.0,2.0,1.0,1.0,1.0,2.0,1.0,2.0,2.0,4.0,2.0,2.0,1.0,3.0,2.0,2.0,1.0,1.0,1.0,1.0,1.0,1.0,2.0,1.0,3.0,3.0,4.0,4.0,1.0,4.0,1.0,2.0,2.0,3.0,1.0,1.0,1.0,2.0,1.0,2.0,3.0,5.0,3.0,2.0,1.0,1.0,3.0,2.0,3.0,3.0,3.0,1.0,3.0,3.0,1.0,2.0,2.0,1.0,1.0,2.0,1.0,2.0,2.0,1.0,3.0,2.0,3.0,3.0,2.0,1.0,3.0,1.0,2.0,2.0,2.0,3.0,1.0,635.0
1.0,1.0,1.0,1.0,47.0,مرد,متاهل,لیسانس,مشاغل آزاد,رمزارز,41.0,۵۰ به بالا,کمتر از ۵۰ میلیون تومان,4.0,1.0,4.0,2.0,2.0,3.0,3.0,4.0,1.0,4.0,1.0,3.0,3.0,3.0,2.0,3.0,3.0,4.0,1.0,1.0,5.0,3.0,4.0,3.0,4.0,5.0,5.0,3.0,6.0,4.0,1.0,2.0,3.0,4.0,2.0,4.0,2.0,4.0,5.0,4.0,5.0,2.0,5.0,6.0,5.0,3.0,5.0,6.0,2.0,3.0,3.0,3.0,3.0,4.0,6.0,4.0,4.0,3.0,6.0,6.0,1.0,6.0,2.0,3.0,1.0,5.0,5.0,6.0,5.0,6.0,3.0,3.0,3.0,4.0,4.0,5.0,6.0,5.0,5.0,4.0,5.0,5.0,4.0,5.0,4.0,6.0,6.0,3.0,5.0,2.0,1.0,3.0,2.0,3.0,2.0,1.0,2.0,1.0,2.0,3.0,4.0,1.0,3.0,3.0,3.0,2.0,3.0,4.0,497.0
1.0,1.0,1.0,1.0,29.0,مرد,متاهل,دیپلم,کارمند,رمزارز,100.0,۱۰ الی ۵۰,۲۰۰ تا ۵۰۰ میلیون تومان,2.0,2.0,4.0,4.0,2.0,2.0,2.0,3.0,3.0,4.0,1.0,3.0,2.0,2.0,3.0,1.0,2.0,3.0,2.0,4.0,1.0,1.0,2.0,2.0,1.0,3.0,3.0,5.0,4.0,4.0,4.0,1.0,2.0,1.0,1.0,3.0,5.0,5.0,5.0,6.0,3.0,2.0,1.0,2.0,3.0,2.0,3.0,4.0,6.0,5.0,4.0,1.0,5.0,3.0,5.0,4.0,5.0,6.0,6.0,6.0,3.0,4.0,4.0,5.0,3.0,4.0,2.0,4.0,3.0,3.0,2.0,5.0,5.0,5.0,4.0,3.0,4.0,1.0,5.0,3.0,2.0,6.0,5.0,3.0,3.0,4.0,5.0,2.0,1.0,5.0,6.0,6.0,6.0,4.0,4.0,2.0,4.0,4.0,4.0,2.0,3.0,2.0,4.0,3.0,3.0,3.0,3.0,4.0,964.0
1.0,1.0,1.0,1.0,29.0,مرد,متاهل,لیسانس,کارمند,فارکس,50.0,۱ الی ۱۰ معامله,۲۰۰ تا ۵۰۰ میلیون تومان,3.0,3.0,2.0,3.0,1.0,3.0,2.0,1.0,3.0,4.0,1.0,3.0,4.0,3.0,1.0,3.0,1.0,1.0,4.0,3.0,1.0,1.0,3.0,3.0,3.0,4.0,4.0,6.0,5.0,4.0,1.0,2.0,2.0,1.0,2.0,1.0,2.0,4.0,2.0,4.0,2.0,2.0,6.0,1.0,2.0,5.0,2.0,2.0,4.0,3.0,2.0,5.0,2.0,1.0,2.0,6.0,1.0,3.0,2.0,2.0,6.0,1.0,3.0,5.0,3.0,1.0,1.0,1.0,1.0,2.0,4.0,4.0,4.0,3.0,3.0,1.0,1.0,2.0,1.0,4.0,6.0,4.0,3.0,4.0,6.0,1.0,6.0,4.0,2.0,3.0,2.0,5.0,4.0,3.0,1.0,3.0,2.0,3.0,3.0,4.0,4.0,4.0,2.0,3.0,1.0,4.0,1.0,4.0,1548.0
1.0,1.0,1.0,1.0,39.0,مرد,متاهل,دیپلم,کارمند,رمزارز,12.0,۱۰ الی ۵۰,بیش از ۱ میلیارد تومان,4.0,1.0,2.0,3.0,1.0,2.0,3.0,2.0,1.0,1.0,3.0,1.0,4.0,2.0,1.0,3.0,1.0,3.0,2.0,3.0,2.0,2.0,2.0,2.0,4.0,6.0,6.0,6.0,6.0,3.0,2.0,5.0,1.0,4.0,5.0,2.0,5.0,3.0,3.0,3.0,1.0,5.0,1.0,2.0,2.0,4.0,2.0,5.0,3.0,3.0,3.0,4.0,3.0,5.0,4.0,1.0,1.0,1.0,1.0,1.0,4.0,2.0,1.0,4.0,3.0,2.0,3.0,2.0,4.0,2.0,1.0,4.0,2.0,1.0,3.0,3.0,5.0,2.0,3.0,4.0,3.0,3.0,3.0,1.0,4.0,3.0,3.0,3.0,2.0,4.0,3.0,3.0,6.0,5.0,4.0,4.0,3.0,2.0,2.0,2.0,3.0,2.0,1.0,3.0,1.0,3.0,2.0,4.0,400.0
1.0,1.0,1.0,1.0,43.0,مرد,مطلقه/سایر,دیپلم,مشاغل آزاد,رمزارز,26.0,۱۰ الی ۵۰,۲۰۰ تا ۵۰۰ میلیون تومان,4.0,1.0,3.0,2.0,2.0,2.0,4.0,2.0,1.0,3.0,1.0,2.0,2.0,3.0,1.0,3.0,3.0,1.0,3.0,1.0,1.0,3.0,3.0,1.0,1.0,2.0,1.0,1.0,1.0,3.0,1.0,2.0,1.0,1.0,3.0,3.0,2.0,2.0,4.0,2.0,1.0,3.0,3.0,3.0,3.0,2.0,3.0,1.0,6.0,2.0,4.0,2.0,1.0,1.0,2.0,4.0,1.0,4.0,2.0,4.0,2.0,2.0,2.0,1.0,5.0,3.0,4.0,3.0,3.0,2.0,1.0,3.0,6.0,4.0,2.0,2.0,1.0,5.0,2.0,2.0,4.0,1.0,3.0,4.0,1.0,4.0,1.0,3.0,2.0,1.0,5.0,3.0,5.0,5.0,5.0,4.0,2.0,1.0,1.0,2.0,3.0,1.0,3.0,2.0,2.0,1.0,2.0,4.0,696.0
1.0,1.0,1.0,1.0,37.0,زن,مطلقه/سایر,فوق لیسانس,مشاغل آزاد,رمزارز,19.0,۵۰ به بالا,۲۰۰ تا ۵۰۰ میلیون تومان,1.0,1.0,1.0,2.0,2.0,1.0,3.0,4.0,1.0,1.0,2.0,1.0,4.0,3.0,3.0,2.0,2.0,1.0,3.0,1.0,4.0,2.0,2.0,4.0,5.0,1.0,1.0,2.0,3.0,1.0,1.0,1.0,1.0,1.0,2.0,1.0,3.0,2.0,2.0,3.0,1.0,1.0,2.0,3.0,3.0,1.0,1.0,1.0,1.0,1.0,2.0,1.0,3.0,1.0,2.0,3.0,4.0,2.0,5.0,4.0,3.0,1.0,1.0,1.0,2.0,3.0,2.0,1.0,1.0,4.0,3.0,2.0,2.0,2.0,2.0,1.0,1.0,1.0,1.0,1.0,2.0,4.0,1.0,4.0,1.0,2.0,5.0,2.0,2.0,4.0,2.0,2.0,2.0,2.0,3.0,4.0,1.0,4.0,3.0,1.0,1.0,2.0,1.0,3.0,1.0,1.0,2.0,3.0,1240.0
1.0,1.0,1.0,1.0,41.0,مرد,مطلقه/سایر,لیسانس,مشاغل آزاد,سایر,69.0,۱۰ الی ۵۰,بیش از ۱ میلیارد تومان,2.0,3.0,4.0,2.0,3.0,4.0,4.0,1.0,1.0,3.0,1.0,2.0,2.0,3.0,3.0,1.0,2.0,2.0,3.0,1.0,6.0,1.0,2.0,5.0,3.0,1.0,1.0,1.0,2.0,2.0,2.0,1.0,4.0,2.0,4.0,1.0,3.0,2.0,2.0,4.0,1.0,5.0,1.0,3.0,4.0,3.0,5.0,3.0,3.0,4.0,2.0,4.0,2.0,1.0,2.0,5.0,3.0,2.0,3.0,2.0,1.0,2.0,1.0,4.0,6.0,4.0,6.0,3.0,4.0,3.0,1.0,3.0,4.0,4.0,2.0,2.0,4.0,2.0,4.0,4.0,3.0,3.0,3.0,4.0,3.0,5.0,5.0,4.0,5.0,4.0,4.0,1.0,2.0,2.0,3.0,2.0,3.0,3.0,3.0,3.0,2.0,1.0,1.0,2.0,1.0,2.0,1.0,4.0,723.0
1.0,1.0,1.0,1.0,24.0,مرد,مجرد,فوق لیسانس,کارمند,بورس,14.0,۱۰ الی ۵۰,۵۰ تا ۲۰۰ میلیون تومان,3.0,4.0,3.0,4.0,3.0,2.0,3.0,3.0,1.0,3.0,4.0,2.0,1.0,1.0,2.0,2.0,2.0,4.0,3.0,2.0,4.0,3.0,2.0,3.0,6.0,2.0,3.0,2.0,2.0,3.0,4.0,6.0,5.0,2.0,2.0,1.0,3.0,4.0,5.0,3.0,2.0,4.0,4.0,3.0,3.0,3.0,2.0,4.0,3.0,6.0,6.0,3.0,6.0,5.0,4.0,4.0,4.0,2.0,4.0,2.0,5.0,5.0,3.0,4.0,2.0,3.0,2.0,3.0,3.0,3.0,3.0,1.0,1.0,2.0,3.0,2.0,3.0,5.0,3.0,4.0,5.0,4.0,5.0,3.0,4.0,4.0,3.0,3.0,4.0,3.0,5.0,3.0,4.0,5.0,3.0,1.0,3.0,4.0,2.0,2.0,2.0,3.0,4.0,3.0,1.0,2.0,2.0,1.0,893.0
1.0,1.0,1.0,1.0,29.0,مرد,متاهل,دیپلم,کارمند,بورس,27.0,۱۰ الی ۵۰,۵۰۰ میلیون تا ۱ میلیارد تومان,4.0,3.0,2.0,2.0,1.0,1.0,3.0,1.0,3.0,2.0,3.0,2.0,4.0,1.0,2.0,2.0,2.0,3.0,2.0,3.0,6.0,5.0,4.0,3.0,3.0,4.0,6.0,6.0,3.0,6.0,4.0,2.0,2.0,4.0,2.0,2.0,6.0,4.0,2.0,2.0,3.0,3.0,3.0,5.0,1.0,3.0,3.0,3.0,1.0,3.0,2.0,1.0,3.0,6.0,2.0,3.0,3.0,4.0,3.0,4.0,3.0,2.0,3.0,5.0,6.0,5.0,3.0,5.0,4.0,4.0,4.0,5.0,6.0,4.0,3.0,5.0,2.0,4.0,5.0,3.0,4.0,5.0,6.0,2.0,4.0,4.0,4.0,5.0,4.0,1.0,1.0,2.0,4.0,1.0,2.0,1.0,4.0,4.0,3.0,4.0,2.0,4.0,3.0,1.0,1.0,3.0,4.0,4.0,935.0
1.0,1.0,1.0,1.0,27.0,مرد,مطلقه/سایر,لیسانس,خانه‌دار,فارکس,102.0,۵۰ به بالا,کمتر از ۵۰ میلیون تومان,1.0,1.0,1.0,3.0,2.0,4.0,4.0,1.0,1.0,2.0,2.0,1.0,3.0,2.0,3.0,3.0,3.0,2.0,4.0,2.0,1.0,3.0,1.0,1.0,3.0,1.0,1.0,1.0,1.0,1.0,2.0,2.0,3.0,4.0,3.0,1.0,4.0,3.0,2.0,1.0,1.0,1.0,2.0,3.0,2.0,3.0,4.0,2.0,2.0,4.0,2.0,1.0,1.0,2.0,2.0,3.0,3.0,3.0,3.0,1.0,4.0,4.0,4.0,1.0,3.0,5.0,3.0,4.0,4.0,3.0,1.0,1.0,1.0,1.0,1.0,3.0,4.0,3.0,4.0,4.0,4.0,4.0,1.0,5.0,2.0,2.0,3.0,3.0,1.0,3.0,1.0,3.0,2.0,2.0,6.0,2.0,1.0,1.0,1.0,4.0,3.0,4.0,2.0,2.0,2.0,2.0,3.0,1.0,1179.0
1.0,1.0,1.0,1.0,37.0,مرد,مجرد,دیپلم,کارمند,رمزارز,48.0,۱ الی ۱۰ معامله,بیش از ۱ میلیارد تومان,4.0,1.0,3.0,2.0,2.0,2.0,4.0,1.0,1.0,3.0,3.0,2.0,4.0,4.0,3.0,4.0,1.0,1.0,4.0,1.0,3.0,3.0,3.0,5.0,4.0,1.0,1.0,1.0,1.0,3.0,2.0,1.0,2.0,2.0,1.0,2.0,2.0,4.0,2.0,2.0,1.0,2.0,3.0,1.0,4.0,3.0,1.0,2.0,1.0,6.0,1.0,1.0,4.0,1.0,1.0,1.0,1.0,2.0,6.0,3.0,1.0,1.0,2.0,3.0,2.0,4.0,5.0,3.0,3.0,6.0,1.0,3.0,3.0,1.0,3.0,1.0,1.0,1.0,1.0,2.0,4.0,4.0,3.0,2.0,2.0,6.0,2.0,1.0,3.0,3.0,3.0,1.0,2.0,5.0,1.0,4.0,2.0,2.0,1.0,2.0,1.0,1.0,1.0,1.0,1.0,2.0,2.0,2.0,960.0
1.0,1.0,1.0,1.0,29.0,مرد,متاهل,لیسانس,سایر,فارکس,43.0,۱ الی ۱۰ معامله,۲۰۰ تا ۵۰۰ میلیون تومان,2.0,3.0,4.0,3.0,3.0,1.0,2.0,3.0,3.0,4.0,2.0,3.0,1.0,3.0,3.0,1.0,3.0,3.0,2.0,3.0,1.0,2.0,3.0,2.0,3.0,3.0,3.0,3.0,4.0,3.0,6.0,4.0,6.0,5.0,5.0,2.0,4.0,3.0,2.0,2.0,2.0,2.0,5.0,3.0,2.0,5.0,6.0,4.0,3.0,4.0,2.0,2.0,5.0,1.0,3.0,2.0,3.0,3.0,4.0,3.0,3.0,5.0,3.0,3.0,3.0,2.0,3.0,1.0,4.0,2.0,1.0,5.0,3.0,3.0,2.0,2.0,3.0,1.0,3.0,2.0,2.0,5.0,2.0,5.0,4.0,1.0,1.0,3.0,6.0,4.0,2.0,5.0,1.0,3.0,4.0,4.0,2.0,1.0,2.0,3.0,3.0,3.0,1.0,2.0,2.0,2.0,3.0,2.0,696.0
1.0,1.0,1.0,1.0,23.0,مرد,مجرد,لیسانس,خانه‌دار,بورس,58.0,۱۰ الی ۵۰,۵۰ تا ۲۰۰ میلیون تومان,2.0,3.0,3.0,3.0,2.0,3.0,2.0,2.0,4.0,3.0,3.0,2.0,1.0,1.0,3.0,4.0,2.0,3.0,1.0,3.0,4.0,4.0,3.0,4.0,4.0,1.0,3.0,1.0,1.0,1.0,4.0,2.0,3.0,3.0,6.0,4.0,3.0,4.0,4.0,5.0,2.0,1.0,5.0,1.0,1.0,3.0,2.0,2.0,3.0,2.0,1.0,1.0,2.0,2.0,1.0,5.0,2.0,2.0,4.0,1.0,5.0,4.0,3.0,5.0,4.0,1.0,2.0,2.0,4.0,2.0,1.0,1.0,2.0,6.0,4.0,1.0,2.0,1.0,1.0,2.0,2.0,1.0,2.0,2.0,2.0,3.0,2.0,5.0,4.0,5.0,3.0,4.0,4.0,3.0,2.0,3.0,3.0,1.0,4.0,2.0,2.0,2.0,1.0,3.0,1.0,3.0,3.0,4.0,1331.0
1.0,1.0,1.0,1.0,24.0,زن,متاهل,لیسانس,مشاغل آزاد,رمزارز,35.0,۱ الی ۱۰ معامله,۵۰۰ میلیون تا ۱ میلیارد تومان,3.0,1.0,2.0,2.0,2.0,4.0,2.0,2.0,1.0,3.0,3.0,2.0,1.0,4.0,2.0,3.0,1.0,1.0,3.0,1.0,2.0,1.0,4.0,3.0,2.0,3.0,1.0,1.0,4.0,3.0,4.0,1.0,1.0,1.0,1.0,1.0,2.0,3.0,3.0,2.0,1.0,3.0,3.0,2.0,6.0,2.0,2.0,3.0,1.0,4.0,4.0,4.0,3.0,3.0,3.0,4.0,2.0,3.0,2.0,4.0,3.0,2.0,2.0,2.0,4.0,3.0,2.0,4.0,1.0,3.0,5.0,3.0,2.0,3.0,2.0,1.0,1.0,4.0,3.0,4.0,3.0,4.0,1.0,3.0,1.0,3.0,2.0,2.0,5.0,1.0,3.0,2.0,1.0,2.0,2.0,3.0,4.0,4.0,3.0,2.0,3.0,4.0,4.0,4.0,4.0,2.0,3.0,3.0,1158.0
1.0,1.0,1.0,1.0,32.0,مرد,مجرد,دکتری,کارمند,بورس,60.0,۱۰ الی ۵۰,۵۰۰ میلیون تا ۱ میلیارد تومان,2.0,3.0,2.0,2.0,2.0,3.0,4.0,2.0,1.0,3.0,2.0,2.0,4.0,3.0,1.0,2.0,4.0,1.0,3.0,2.0,2.0,2.0,3.0,1.0,1.0,1.0,2.0,4.0,1.0,3.0,1.0,1.0,5.0,1.0,1.0,1.0,1.0,4.0,3.0,1.0,4.0,3.0,4.0,2.0,4.0,1.0,2.0,1.0,2.0,3.0,5.0,5.0,2.0,5.0,2.0,1.0,1.0,2.0,4.0,2.0,2.0,2.0,4.0,5.0,4.0,3.0,3.0,2.0,2.0,3.0,1.0,1.0,1.0,1.0,2.0,4.0,2.0,4.0,6.0,3.0,4.0,4.0,1.0,4.0,3.0,2.0,3.0,3.0,2.0,2.0,1.0,1.0,2.0,1.0,2.0,4.0,4.0,2.0,3.0,2.0,1.0,3.0,2.0,4.0,2.0,1.0,2.0,3.0,1333.0
1.0,1.0,1.0,1.0,29.0,زن,متاهل,دیپلم,کارمند,رمزارز,68.0,۱۰ الی ۵۰,۵۰ تا ۲۰۰ میلیون تومان,4.0,1.0,3.0,1.0,3.0,4.0,1.0,3.0,3.0,3.0,2.0,3.0,4.0,2.0,3.0,1.0,1.0,4.0,1.0,1.0,4.0,4.0,5.0,3.0,5.0,3.0,3.0,2.0,2.0,1.0,4.0,4.0,4.0,5.0,6.0,5.0,4.0,6.0,5.0,2.0,6.0,5.0,4.0,3.0,6.0,4.0,5.0,2.0,4.0,3.0,6.0,3.0,6.0,2.0,5.0,4.0,3.0,5.0,2.0,2.0,6.0,6.0,2.0,4.0,5.0,1.0,1.0,1.0,2.0,2.0,4.0,4.0,3.0,2.0,4.0,3.0,1.0,1.0,1.0,2.0,3.0,5.0,6.0,3.0,4.0,5.0,5.0,5.0,4.0,3.0,2.0,3.0,3.0,3.0,4.0,2.0,2.0,1.0,1.0,3.0,3.0,3.0,3.0,3.0,1.0,2.0,1.0,2.0,633.0
1.0,1.0,1.0,1.0,32.0,زن,متاهل,فوق دیپلم,مشاغل آزاد,بورس,39.0,۱ الی ۱۰ معامله,کمتر از ۵۰ میلیون تومان,4.0,2.0,1.0,2.0,3.0,4.0,3.0,1.0,1.0,3.0,2.0,2.0,4.0,3.0,1.0,4.0,2.0,1.0,4.0,1.0,2.0,3.0,1.0,2.0,2.0,1.0,2.0,1.0,4.0,2.0,2.0,2.0,3.0,2.0,4.0,3.0,2.0,2.0,5.0,1.0,2.0,4.0,3.0,5.0,2.0,2.0,1.0,1.0,1.0,2.0,2.0,2.0,4.0,3.0,1.0,2.0,2.0,3.0,3.0,2.0,3.0,3.0,4.0,4.0,3.0,2.0,1.0,2.0,2.0,1.0,1.0,3.0,2.0,3.0,4.0,5.0,3.0,2.0,5.0,6.0,2.0,1.0,2.0,3.0,2.0,4.0,1.0,4.0,2.0,5.0,2.0,3.0,1.0,3.0,4.0,1.0,2.0,4.0,4.0,4.0,4.0,4.0,4.0,4.0,4.0,4.0,2.0,1.0,1127.0
1.0,1.0,1.0,1.0,27.0,مرد,متاهل,دیپلم,خانه‌دار,بورس,22.0,۵۰ به بالا,کمتر از ۵۰ میلیون تومان,2.0,1.0,2.0,4.0,3.0,2.0,3.0,4.0,4.0,3.0,3.0,3.0,1.0,2.0,2.0,2.0,3.0,2.0,3.0,4.0,4.0,5.0,6.0,3.0,3.0,3.0,1.0,3.0,2.0,2.0,3.0,3.0,3.0,3.0,6.0,3.0,6.0,1.0,3.0,6.0,5.0,1.0,3.0,6.0,3.0,4.0,5.0,4.0,2.0,4.0,3.0,4.0,3.0,6.0,2.0,1.0,4.0,2.0,3.0,1.0,5.0,3.0,3.0,4.0,4.0,4.0,2.0,3.0,3.0,3.0,2.0,4.0,2.0,4.0,1.0,3.0,3.0,2.0,4.0,2.0,1.0,2.0,3.0,1.0,5.0,3.0,3.0,2.0,3.0,4.0,3.0,6.0,6.0,4.0,4.0,2.0,3.0,2.0,2.0,2.0,1.0,4.0,3.0,4.0,3.0,3.0,3.0,4.0,669.0
1.0,1.0,1.0,1.0,22.0,مرد,متاهل,لیسانس,مشاغل آزاد,بورس,28.0,۱ الی ۱۰ معامله,۲۰۰ تا ۵۰۰ میلیون تومان,3.0,2.0,2.0,1.0,1.0,4.0,4.0,1.0,3.0,2.0,2.0,1.0,4.0,4.0,3.0,4.0,1.0,2.0,4.0,1.0,1.0,1.0,1.0,1.0,1.0,3.0,4.0,4.0,3.0,2.0,3.0,4.0,5.0,1.0,1.0,2.0,3.0,1.0,3.0,2.0,2.0,3.0,4.0,1.0,3.0,4.0,2.0,4.0,5.0,4.0,3.0,4.0,3.0,4.0,5.0,5.0,2.0,1.0,1.0,1.0,2.0,6.0,2.0,4.0,4.0,3.0,4.0,5.0,1.0,4.0,1.0,2.0,1.0,2.0,2.0,2.0,3.0,2.0,5.0,2.0,4.0,4.0,5.0,1.0,2.0,4.0,1.0,1.0,2.0,4.0,1.0,1.0,1.0,1.0,2.0,1.0,4.0,4.0,3.0,3.0,3.0,4.0,3.0,3.0,2.0,3.0,4.0,4.0,1207.0
1.0,1.0,1.0,1.0,41.0,زن,مجرد,فوق لیسانس,کارمند,رمزارز,48.0,۵۰ به بالا,بیش از ۱ میلیارد تومان,3.0,1.0,2.0,2.0,2.0,2.0,2.0,3.0,2.0,4.0,2.0,2.0,1.0,2.0,2.0,4.0,2.0,3.0,3.0,2.0,3.0,2.0,4.0,1.0,1.0,4.0,3.0,3.0,5.0,1.0,2.0,5.0,3.0,2.0,3.0,3.0,2.0,2.0,2.0,2.0,5.0,1.0,6.0,1.0,3.0,4.0,1.0,3.0,2.0,3.0,2.0,5.0,3.0,3.0,3.0,4.0,4.0,2.0,3.0,1.0,2.0,4.0,4.0,3.0,2.0,5.0,3.0,5.0,1.0,3.0,1.0,4.0,2.0,2.0,1.0,2.0,1.0,2.0,3.0,4.0,3.0,4.0,4.0,2.0,3.0,2.0,1.0,2.0,2.0,4.0,4.0,1.0,3.0,2.0,2.0,4.0,3.0,2.0,1.0,3.0,2.0,3.0,2.0,2.0,4.0,2.0,4.0,3.0,582.0
1.0,1.0,1.0,1.0,42.0,مرد,مجرد,لیسانس,مشاغل آزاد,طلا و ارز,36.0,۵۰ به بالا,۵۰۰ میلیون تا ۱ میلیارد تومان,1.0,2.0,2.0,3.0,1.0,2.0,2.0,3.0,4.0,2.0,4.0,4.0,2.0,1.0,4.0,2.0,2.0,4.0,2.0,3.0,6.0,4.0,4.0,4.0,4.0,4.0,5.0,3.0,3.0,4.0,6.0,1.0,2.0,2.0,3.0,2.0,2.0,1.0,3.0,4.0,5.0,3.0,1.0,3.0,4.0,5.0,4.0,4.0,5.0,2.0,5.0,5.0,5.0,4.0,4.0,6.0,5.0,3.0,4.0,3.0,4.0,4.0,4.0,2.0,5.0,4.0,2.0,5.0,5.0,3.0,5.0,6.0,6.0,4.0,6.0,6.0,2.0,1.0,6.0,4.0,5.0,5.0,4.0,6.0,2.0,6.0,5.0,6.0,3.0,6.0,2.0,4.0,2.0,5.0,6.0,1.0,2.0,4.0,4.0,4.0,2.0,4.0,4.0,4.0,4.0,4.0,4.0,1.0,694.0
1.0,1.0,1.0,1.0,38.0,مرد,متاهل,دیپلم,سایر,فارکس,65.0,۱ الی ۱۰ معامله,۲۰۰ تا ۵۰۰ میلیون تومان,1.0,2.0,3.0,1.0,4.0,2.0,2.0,2.0,2.0,2.0,4.0,4.0,3.0,4.0,4.0,2.0,3.0,3.0,4.0,3.0,4.0,2.0,1.0,2.0,4.0,4.0,3.0,3.0,4.0,1.0,3.0,4.0,3.0,3.0,4.0,3.0,3.0,2.0,2.0,3.0,4.0,2.0,6.0,6.0,6.0,4.0,5.0,4.0,2.0,1.0,4.0,4.0,3.0,1.0,2.0,2.0,1.0,1.0,1.0,1.0,3.0,3.0,4.0,3.0,5.0,3.0,1.0,2.0,4.0,3.0,2.0,3.0,4.0,3.0,4.0,6.0,4.0,3.0,2.0,3.0,2.0,2.0,3.0,3.0,3.0,6.0,4.0,4.0,4.0,4.0,3.0,3.0,3.0,3.0,2.0,4.0,2.0,3.0,2.0,2.0,3.0,1.0,2.0,3.0,4.0,1.0,2.0,2.0,763.0
1.0,1.0,1.0,1.0,24.0,مرد,متاهل,فوق دیپلم,مشاغل آزاد,طلا و ارز,33.0,۱۰ الی ۵۰,کمتر از ۵۰ میلیون تومان,1.0,2.0,2.0,2.0,4.0,4.0,1.0,4.0,4.0,1.0,3.0,4.0,4.0,1.0,4.0,2.0,4.0,3.0,1.0,3.0,2.0,4.0,4.0,4.0,4.0,2.0,4.0,3.0,4.0,2.0,5.0,2.0,3.0,4.0,5.0,2.0,1.0,1.0,2.0,2.0,5.0,5.0,4.0,4.0,4.0,2.0,5.0,3.0,1.0,1.0,3.0,2.0,1.0,3.0,3.0,4.0,6.0,4.0,4.0,5.0,5.0,4.0,2.0,2.0,3.0,2.0,2.0,5.0,2.0,5.0,5.0,4.0,1.0,5.0,3.0,2.0,5.0,2.0,1.0,2.0,4.0,2.0,4.0,3.0,1.0,5.0,4.0,6.0,3.0,6.0,4.0,4.0,3.0,4.0,3.0,1.0,3.0,4.0,4.0,2.0,2.0,2.0,2.0,4.0,3.0,3.0,2.0,1.0,429.0
1.0,1.0,1.0,1.0,33.0,مرد,مجرد,دیپلم,کارمند,رمزارز,18.0,۱ الی ۱۰ معامله,۵۰ تا ۲۰۰ میلیون تومان,2.0,4.0,1.0,3.0,1.0,3.0,4.0,3.0,2.0,4.0,1.0,4.0,3.0,4.0,2.0,2.0,1.0,2.0,4.0,1.0,1.0,5.0,2.0,4.0,1.0,5.0,3.0,6.0,5.0,4.0,6.0,6.0,6.0,4.0,6.0,2.0,2.0,5.0,3.0,5.0,6.0,6.0,6.0,6.0,6.0,2.0,5.0,5.0,3.0,4.0,3.0,3.0,3.0,4.0,2.0,5.0,2.0,5.0,3.0,3.0,1.0,3.0,4.0,5.0,4.0,3.0,6.0,3.0,1.0,5.0,5.0,4.0,1.0,3.0,6.0,6.0,2.0,2.0,6.0,3.0,5.0,6.0,3.0,6.0,6.0,4.0,5.0,3.0,5.0,6.0,3.0,4.0,4.0,4.0,3.0,1.0,4.0,3.0,4.0,3.0,4.0,3.0,3.0,4.0,4.0,3.0,4.0,3.0,1693.0
1.0,1.0,1.0,1.0,33.0,مرد,متاهل,لیسانس,کارمند,طلا و ارز,78.0,۱ الی ۱۰ معامله,کمتر از ۵۰ میلیون تومان,1.0,3.0,4.0,2.0,2.0,4.0,4.0,2.0,4.0,3.0,2.0,3.0,3.0,1.0,3.0,3.0,1.0,1.0,3.0,4.0,3.0,3.0,4.0,4.0,3.0,1.0,3.0,2.0,4.0,2.0,1.0,3.0,5.0,3.0,1.0,4.0,3.0,2.0,3.0,4.0,1.0,1.0,1.0,5.0,1.0,5.0,3.0,1.0,2.0,2.0,2.0,1.0,2.0,1.0,2.0,2.0,1.0,4.0,1.0,6.0,3.0,4.0,1.0,3.0,1.0,2.0,2.0,3.0,4.0,2.0,5.0,2.0,3.0,1.0,3.0,3.0,1.0,2.0,4.0,4.0,5.0,4.0,2.0,2.0,4.0,2.0,3.0,5.0,2.0,2.0,1.0,2.0,3.0,4.0,2.0,4.0,2.0,1.0,1.0,1.0,1.0,1.0,2.0,1.0,2.0,1.0,1.0,2.0,300.0
1.0,1.0,1.0,1.0,47.0,مرد,متاهل,لیسانس,کارمند,بورس,52.0,۱۰ الی ۵۰,۵۰۰ میلیون تا ۱ میلیارد تومان,2.0,3.0,1.0,2.0,1.0,1.0,3.0,3.0,4.0,4.0,2.0,3.0,3.0,3.0,2.0,3.0,1.0,2.0,1.0,1.0,1.0,3.0,4.0,2.0,1.0,4.0,6.0,5.0,5.0,4.0,4.0,4.0,2.0,5.0,3.0,4.0,3.0,2.0,3.0,4.0,1.0,2.0,2.0,2.0,3.0,4.0,2.0,3.0,2.0,2.0,5.0,3.0,3.0,5.0,3.0,1.0,1.0,2.0,1.0,2.0,4.0,4.0,4.0,4.0,2.0,3.0,3.0,2.0,4.0,2.0,1.0,1.0,2.0,1.0,1.0,5.0,6.0,1.0,3.0,2.0,3.0,6.0,3.0,4.0,4.0,5.0,2.0,4.0,2.0,3.0,1.0,2.0,4.0,2.0,4.0,3.0,1.0,4.0,3.0,3.0,2.0,2.0,1.0,2.0,2.0,1.0,2.0,3.0,836.0
1.0,1.0,1.0,1.0,27.0,زن,متاهل,لیسانس,سایر,فارکس,28.0,۱ الی ۱۰ معامله,۵۰ تا ۲۰۰ میلیون تومان,3.0,2.0,2.0,3.0,3.0,3.0,4.0,3.0,2.0,2.0,2.0,1.0,4.0,4.0,2.0,2.0,1.0,4.0,2.0,2.0,2.0,2.0,3.0,4.0,2.0,4.0,4.0,3.0,5.0,3.0,3.0,2.0,1.0,2.0,4.0,1.0,6.0,4.0,3.0,5.0,4.0,1.0,3.0,2.0,5.0,1.0,2.0,1.0,2.0,4.0,3.0,2.0,5.0,3.0,2.0,3.0,1.0,4.0,2.0,2.0,1.0,6.0,2.0,2.0,2.0,1.0,2.0,2.0,1.0,2.0,4.0,4.0,4.0,5.0,6.0,3.0,3.0,3.0,3.0,2.0,5.0,3.0,3.0,6.0,6.0,4.0,2.0,5.0,3.0,3.0,1.0,2.0,2.0,3.0,2.0,4.0,2.0,2.0,3.0,1.0,2.0,2.0,2.0,1.0,3.0,1.0,3.0,3.0,524.0
1.0,1.0,1.0,1.0,39.0,مرد,متاهل,دیپلم,مشاغل آزاد,رمزارز,10.0,۵۰ به بالا,۵۰ تا ۲۰۰ میلیون تومان,4.0,1.0,2.0,1.0,1.0,3.0,4.0,3.0,2.0,3.0,1.0,1.0,4.0,4.0,2.0,3.0,1.0,1.0,4.0,1.0,3.0,3.0,2.0,2.0,2.0,3.0,2.0,3.0,4.0,4.0,3.0,4.0,3.0,1.0,3.0,1.0,1.0,1.0,3.0,1.0,1.0,2.0,1.0,3.0,1.0,2.0,2.0,1.0,2.0,3.0,4.0,5.0,1.0,4.0,3.0,5.0,2.0,3.0,5.0,1.0,1.0,3.0,1.0,2.0,1.0,2.0,1.0,2.0,3.0,1.0,1.0,3.0,1.0,2.0,2.0,4.0,2.0,3.0,3.0,2.0,2.0,2.0,4.0,3.0,1.0,1.0,1.0,4.0,2.0,2.0,3.0,2.0,3.0,6.0,4.0,3.0,1.0,3.0,3.0,2.0,3.0,2.0,3.0,2.0,3.0,2.0,3.0,4.0,647.0
1.0,1.0,1.0,1.0,31.0,مرد,مجرد,دیپلم,مشاغل آزاد,بورس,21.0,۱۰ الی ۵۰,کمتر از ۵۰ میلیون تومان,4.0,2.0,1.0,1.0,1.0,4.0,4.0,1.0,1.0,4.0,1.0,2.0,4.0,3.0,1.0,4.0,1.0,1.0,4.0,1.0,3.0,2.0,3.0,4.0,5.0,5.0,5.0,4.0,3.0,3.0,2.0,3.0,4.0,2.0,1.0,1.0,1.0,1.0,1.0,5.0,5.0,2.0,4.0,6.0,5.0,5.0,3.0,1.0,1.0,4.0,4.0,4.0,3.0,3.0,3.0,3.0,2.0,4.0,3.0,4.0,6.0,5.0,5.0,3.0,6.0,3.0,4.0,1.0,2.0,3.0,4.0,4.0,3.0,2.0,1.0,1.0,2.0,1.0,1.0,4.0,4.0,6.0,5.0,6.0,4.0,1.0,4.0,3.0,3.0,2.0,2.0,2.0,2.0,1.0,5.0,4.0,3.0,2.0,1.0,1.0,2.0,2.0,3.0,4.0,3.0,1.0,3.0,1.0,655.0
1.0,1.0,1.0,1.0,37.0,مرد,مجرد,فوق دیپلم,مشاغل آزاد,رمزارز,57.0,۵۰ به بالا,۵۰ تا ۲۰۰ میلیون تومان,2.0,1.0,2.0,1.0,1.0,3.0,3.0,3.0,3.0,4.0,1.0,1.0,4.0,4.0,1.0,4.0,2.0,1.0,4.0,1.0,1.0,1.0,2.0,2.0,2.0,1.0,2.0,3.0,1.0,2.0,3.0,4.0,1.0,1.0,2.0,3.0,3.0,1.0,1.0,1.0,3.0,2.0,1.0,3.0,4.0,1.0,1.0,1.0,1.0,3.0,3.0,2.0,3.0,1.0,3.0,2.0,1.0,1.0,1.0,3.0,2.0,5.0,4.0,1.0,3.0,1.0,1.0,3.0,5.0,2.0,2.0,1.0,3.0,3.0,3.0,4.0,1.0,1.0,4.0,2.0,1.0,2.0,1.0,3.0,4.0,4.0,2.0,1.0,1.0,1.0,3.0,1.0,1.0,2.0,1.0,2.0,2.0,2.0,2.0,2.0,1.0,2.0,3.0,4.0,3.0,2.0,4.0,3.0,2139.0
1.0,1.0,1.0,1.0,36.0,مرد,مجرد,لیسانس,مشاغل آزاد,سایر,15.0,۱۰ الی ۵۰,۵۰ تا ۲۰۰ میلیون تومان,2.0,3.0,2.0,4.0,4.0,1.0,1.0,2.0,3.0,2.0,3.0,3.0,2.0,4.0,4.0,2.0,4.0,4.0,2.0,3.0,4.0,6.0,6.0,6.0,5.0,2.0,3.0,4.0,4.0,2.0,4.0,4.0,6.0,2.0,5.0,3.0,5.0,6.0,3.0,4.0,5.0,4.0,3.0,3.0,2.0,4.0,5.0,6.0,5.0,4.0,3.0,3.0,4.0,2.0,4.0,4.0,4.0,3.0,3.0,4.0,6.0,6.0,6.0,6.0,6.0,3.0,4.0,5.0,3.0,3.0,3.0,6.0,4.0,5.0,6.0,2.0,2.0,6.0,5.0,4.0,5.0,6.0,3.0,6.0,5.0,3.0,5.0,5.0,5.0,6.0,6.0,2.0,4.0,4.0,6.0,1.0,4.0,3.0,4.0,4.0,2.0,3.0,3.0,3.0,3.0,4.0,4.0,4.0,836.0
1.0,1.0,1.0,1.0,42.0,زن,متاهل,دکتری,مشاغل آزاد,فارکس,33.0,۵۰ به بالا,۲۰۰ تا ۵۰۰ میلیون تومان,3.0,1.0,2.0,2.0,1.0,4.0,4.0,1.0,2.0,3.0,1.0,2.0,4.0,4.0,2.0,3.0,1.0,1.0,4.0,2.0,2.0,1.0,1.0,2.0,2.0,2.0,3.0,1.0,1.0,2.0,1.0,1.0,4.0,1.0,3.0,1.0,1.0,1.0,2.0,1.0,1.0,3.0,2.0,4.0,3.0,1.0,2.0,3.0,3.0,1.0,1.0,1.0,2.0,2.0,3.0,4.0,4.0,2.0,5.0,5.0,1.0,2.0,2.0,3.0,2.0,1.0,5.0,2.0,1.0,2.0,1.0,1.0,1.0,2.0,4.0,3.0,1.0,1.0,4.0,4.0,5.0,2.0,2.0,5.0,2.0,5.0,2.0,2.0,2.0,1.0,3.0,2.0,3.0,4.0,2.0,1.0,2.0,4.0,3.0,3.0,2.0,2.0,3.0,3.0,3.0,4.0,2.0,4.0,1114.0
1.0,1.0,1.0,1.0,33.0,زن,متاهل,فوق لیسانس,مشاغل آزاد,بورس,24.0,۱۰ الی ۵۰,۵۰۰ میلیون تا ۱ میلیارد تومان,3.0,1.0,3.0,1.0,2.0,2.0,1.0,4.0,3.0,2.0,4.0,4.0,4.0,3.0,2.0,4.0,2.0,3.0,1.0,3.0,1.0,3.0,4.0,4.0,3.0,4.0,6.0,6.0,4.0,5.0,3.0,4.0,2.0,5.0,2.0,5.0,5.0,3.0,1.0,5.0,5.0,5.0,4.0,3.0,6.0,2.0,4.0,4.0,2.0,6.0,6.0,5.0,4.0,4.0,5.0,6.0,3.0,6.0,4.0,6.0,6.0,3.0,5.0,3.0,5.0,5.0,5.0,5.0,5.0,4.0,1.0,1.0,1.0,3.0,1.0,3.0,1.0,4.0,1.0,5.0,5.0,6.0,5.0,4.0,5.0,5.0,5.0,1.0,3.0,4.0,5.0,6.0,4.0,5.0,6.0,3.0,3.0,3.0,4.0,4.0,3.0,4.0,3.0,3.0,3.0,4.0,2.0,4.0,1149.0
1.0,1.0,1.0,1.0,52.0,زن,متاهل,فوق دیپلم,مشاغل آزاد,طلا و ارز,55.0,۵۰ به بالا,بیش از ۱ میلیارد تومان,3.0,2.0,2.0,2.0,3.0,1.0,2.0,3.0,3.0,2.0,3.0,1.0,2.0,3.0,3.0,1.0,4.0,2.0,2.0,1.0,4.0,4.0,2.0,1.0,4.0,5.0,5.0,4.0,2.0,4.0,3.0,6.0,6.0,5.0,2.0,1.0,1.0,2.0,1.0,2.0,2.0,4.0,3.0,2.0,4.0,2.0,3.0,1.0,1.0,2.0,6.0,3.0,6.0,6.0,4.0,3.0,1.0,4.0,6.0,4.0,2.0,2.0,2.0,4.0,4.0,4.0,4.0,4.0,2.0,4.0,5.0,4.0,3.0,4.0,3.0,2.0,2.0,4.0,3.0,4.0,3.0,5.0,4.0,5.0,5.0,6.0,4.0,5.0,2.0,6.0,6.0,6.0,5.0,5.0,6.0,1.0,2.0,1.0,2.0,4.0,2.0,4.0,3.0,4.0,3.0,1.0,3.0,4.0,898.0
1.0,1.0,1.0,1.0,29.0,مرد,مجرد,دیپلم,مشاغل آزاد,بورس,59.0,۱ الی ۱۰ معامله,کمتر از ۵۰ میلیون تومان,4.0,1.0,1.0,2.0,2.0,3.0,2.0,1.0,2.0,3.0,2.0,2.0,4.0,4.0,1.0,3.0,4.0,1.0,2.0,2.0,3.0,4.0,5.0,3.0,3.0,4.0,4.0,3.0,2.0,2.0,3.0,6.0,2.0,4.0,2.0,3.0,3.0,2.0,2.0,2.0,2.0,6.0,1.0,3.0,3.0,1.0,2.0,1.0,1.0,3.0,6.0,4.0,1.0,4.0,4.0,2.0,1.0,2.0,3.0,5.0,4.0,5.0,6.0,6.0,4.0,2.0,4.0,4.0,1.0,2.0,3.0,5.0,4.0,3.0,3.0,4.0,2.0,3.0,2.0,3.0,4.0,5.0,3.0,4.0,6.0,1.0,4.0,4.0,2.0,2.0,5.0,4.0,4.0,6.0,5.0,2.0,4.0,3.0,4.0,3.0,3.0,4.0,2.0,4.0,2.0,2.0,4.0,4.0,584.0
1.0,1.0,1.0,1.0,30.0,مرد,مجرد,لیسانس,مشاغل آزاد,کالا,41.0,۱۰ الی ۵۰,۵۰ تا ۲۰۰ میلیون تومان,4.0,4.0,3.0,3.0,4.0,4.0,2.0,1.0,2.0,1.0,1.0,3.0,3.0,3.0,3.0,3.0,2.0,3.0,2.0,3.0,1.0,2.0,1.0,3.0,1.0,5.0,3.0,1.0,4.0,1.0,3.0,1.0,2.0,4.0,1.0,1.0,4.0,1.0,2.0,1.0,4.0,1.0,2.0,2.0,2.0,3.0,2.0,3.0,2.0,2.0,1.0,4.0,2.0,5.0,2.0,3.0,1.0,3.0,4.0,3.0,2.0,3.0,1.0,2.0,3.0,1.0,2.0,2.0,1.0,1.0,1.0,2.0,2.0,3.0,2.0,2.0,3.0,4.0,4.0,1.0,6.0,2.0,3.0,4.0,3.0,4.0,2.0,3.0,4.0,4.0,2.0,3.0,2.0,1.0,2.0,1.0,3.0,4.0,3.0,4.0,2.0,3.0,4.0,3.0,2.0,3.0,2.0,4.0,793.0
1.0,1.0,1.0,1.0,27.0,مرد,مجرد,فوق لیسانس,کارمند,بورس,59.0,۱۰ الی ۵۰,۵۰ تا ۲۰۰ میلیون تومان,3.0,2.0,1.0,2.0,1.0,2.0,4.0,1.0,3.0,2.0,1.0,2.0,3.0,2.0,2.0,3.0,3.0,2.0,4.0,3.0,4.0,3.0,3.0,2.0,3.0,1.0,1.0,1.0,3.0,2.0,4.0,5.0,4.0,4.0,6.0,3.0,4.0,5.0,3.0,2.0,3.0,2.0,5.0,1.0,2.0,2.0,2.0,1.0,2.0,1.0,4.0,3.0,2.0,1.0,1.0,3.0,3.0,1.0,2.0,1.0,4.0,4.0,3.0,6.0,4.0,1.0,2.0,1.0,3.0,1.0,3.0,6.0,1.0,3.0,4.0,3.0,4.0,1.0,3.0,2.0,4.0,2.0,5.0,5.0,3.0,5.0,5.0,2.0,4.0,4.0,3.0,3.0,3.0,4.0,1.0,3.0,2.0,4.0,4.0,2.0,4.0,2.0,1.0,1.0,4.0,3.0,2.0,3.0,570.0
1.0,1.0,1.0,1.0,35.0,مرد,مجرد,فوق لیسانس,کارمند,سایر,15.0,۱ الی ۱۰ معامله,۲۰۰ تا ۵۰۰ میلیون تومان,4.0,3.0,3.0,3.0,4.0,3.0,3.0,4.0,4.0,2.0,4.0,4.0,1.0,3.0,4.0,1.0,3.0,3.0,4.0,3.0,3.0,3.0,6.0,6.0,4.0,1.0,1.0,1.0,2.0,2.0,2.0,1.0,4.0,3.0,2.0,1.0,6.0,1.0,1.0,3.0,6.0,5.0,5.0,4.0,6.0,3.0,5.0,5.0,1.0,4.0,3.0,1.0,2.0,2.0,5.0,2.0,2.0,2.0,1.0,2.0,1.0,2.0,1.0,1.0,1.0,2.0,1.0,2.0,1.0,3.0,1.0,3.0,3.0,2.0,3.0,4.0,2.0,6.0,6.0,4.0,2.0,4.0,3.0,4.0,4.0,4.0,3.0,3.0,1.0,4.0,6.0,4.0,1.0,2.0,2.0,2.0,3.0,3.0,3.0,2.0,3.0,3.0,1.0,3.0,3.0,2.0,3.0,1.0,1106.0
1.0,1.0,1.0,1.0,30.0,مرد,متاهل,دیپلم,خانه‌دار,بورس,33.0,۱۰ الی ۵۰,۵۰۰ میلیون تا ۱ میلیارد تومان,3.0,3.0,3.0,2.0,4.0,2.0,3.0,2.0,1.0,3.0,4.0,1.0,3.0,3.0,2.0,3.0,2.0,2.0,3.0,2.0,4.0,3.0,1.0,4.0,5.0,1.0,4.0,2.0,1.0,3.0,2.0,1.0,2.0,2.0,4.0,2.0,1.0,1.0,2.0,4.0,1.0,1.0,1.0,1.0,2.0,4.0,2.0,3.0,2.0,1.0,2.0,3.0,2.0,2.0,3.0,1.0,3.0,1.0,1.0,1.0,3.0,6.0,4.0,4.0,6.0,3.0,1.0,1.0,2.0,1.0,4.0,4.0,4.0,2.0,3.0,1.0,1.0,4.0,2.0,1.0,3.0,3.0,4.0,4.0,3.0,2.0,4.0,3.0,3.0,4.0,3.0,3.0,3.0,2.0,2.0,3.0,1.0,2.0,1.0,2.0,3.0,2.0,3.0,3.0,4.0,2.0,3.0,4.0,1394.0
1.0,1.0,1.0,1.0,31.0,مرد,مجرد,لیسانس,کارمند,فارکس,79.0,۵۰ به بالا,۲۰۰ تا ۵۰۰ میلیون تومان,4.0,1.0,1.0,1.0,1.0,4.0,3.0,1.0,1.0,4.0,1.0,1.0,4.0,3.0,1.0,4.0,3.0,1.0,4.0,2.0,4.0,3.0,3.0,1.0,2.0,3.0,1.0,2.0,3.0,3.0,3.0,3.0,3.0,5.0,5.0,4.0,2.0,3.0,4.0,3.0,1.0,3.0,1.0,2.0,1.0,3.0,2.0,1.0,2.0,2.0,4.0,5.0,6.0,3.0,3.0,3.0,1.0,2.0,4.0,1.0,2.0,2.0,5.0,5.0,3.0,4.0,2.0,1.0,1.0,2.0,6.0,5.0,3.0,5.0,4.0,4.0,1.0,6.0,4.0,2.0,6.0,3.0,6.0,3.0,4.0,5.0,4.0,3.0,1.0,3.0,3.0,4.0,3.0,6.0,4.0,4.0,2.0,4.0,4.0,3.0,1.0,2.0,3.0,1.0,4.0,4.0,2.0,1.0,2019.0
1.0,1.0,1.0,1.0,42.0,زن,مجرد,فوق لیسانس,مشاغل آزاد,سایر,23.0,۱ الی ۱۰ معامله,کمتر از ۵۰ میلیون تومان,2.0,1.0,3.0,1.0,3.0,3.0,3.0,3.0,4.0,3.0,3.0,1.0,1.0,3.0,1.0,4.0,3.0,1.0,4.0,1.0,4.0,4.0,1.0,3.0,4.0,3.0,4.0,3.0,3.0,3.0,2.0,4.0,2.0,4.0,5.0,3.0,3.0,4.0,2.0,3.0,1.0,3.0,1.0,4.0,2.0,4.0,1.0,5.0,1.0,3.0,5.0,4.0,4.0,3.0,3.0,4.0,2.0,3.0,4.0,4.0,4.0,4.0,3.0,2.0,2.0,1.0,2.0,3.0,5.0,3.0,4.0,5.0,5.0,5.0,3.0,2.0,2.0,4.0,3.0,5.0,4.0,4.0,2.0,4.0,4.0,2.0,4.0,5.0,4.0,5.0,3.0,4.0,2.0,4.0,4.0,2.0,1.0,2.0,1.0,2.0,2.0,1.0,3.0,1.0,2.0,3.0,1.0,4.0,1202.0
1.0,1.0,1.0,1.0,31.0,زن,متاهل,لیسانس,کارمند,بورس,17.0,۱۰ الی ۵۰,۵۰۰ میلیون تا ۱ میلیارد تومان,3.0,1.0,3.0,2.0,3.0,3.0,2.0,3.0,1.0,4.0,3.0,3.0,4.0,3.0,1.0,4.0,1.0,3.0,2.0,1.0,5.0,3.0,1.0,2.0,1.0,2.0,3.0,5.0,1.0,2.0,3.0,1.0,2.0,3.0,4.0,1.0,1.0,1.0,1.0,1.0,2.0,1.0,1.0,3.0,5.0,3.0,1.0,1.0,1.0,2.0,4.0,2.0,4.0,3.0,4.0,5.0,4.0,4.0,4.0,1.0,1.0,4.0,3.0,5.0,3.0,3.0,3.0,3.0,1.0,2.0,1.0,1.0,3.0,1.0,2.0,5.0,2.0,3.0,1.0,3.0,2.0,4.0,5.0,5.0,4.0,1.0,3.0,4.0,1.0,2.0,2.0,1.0,1.0,3.0,1.0,3.0,3.0,1.0,2.0,1.0,1.0,1.0,3.0,2.0,2.0,3.0,2.0,1.0,917.0
1.0,1.0,1.0,1.0,40.0,زن,مطلقه/سایر,لیسانس,کارمند,بورس,29.0,۱ الی ۱۰ معامله,۲۰۰ تا ۵۰۰ میلیون تومان,3.0,2.0,3.0,3.0,1.0,3.0,2.0,1.0,2.0,2.0,2.0,1.0,2.0,3.0,2.0,3.0,3.0,2.0,3.0,2.0,3.0,4.0,2.0,3.0,5.0,2.0,5.0,6.0,2.0,4.0,3.0,4.0,3.0,4.0,1.0,1.0,1.0,1.0,2.0,1.0,1.0,3.0,3.0,4.0,4.0,1.0,1.0,4.0,3.0,3.0,3.0,2.0,4.0,4.0,3.0,1.0,2.0,2.0,5.0,2.0,3.0,6.0,5.0,4.0,4.0,2.0,3.0,3.0,1.0,3.0,4.0,4.0,2.0,5.0,4.0,4.0,1.0,1.0,4.0,6.0,3.0,3.0,5.0,5.0,5.0,4.0,2.0,1.0,2.0,3.0,5.0,1.0,4.0,3.0,4.0,2.0,4.0,4.0,2.0,1.0,4.0,3.0,2.0,3.0,1.0,2.0,1.0,2.0,997.0
1.0,1.0,1.0,1.0,38.0,زن,متاهل,لیسانس,کارمند,فارکس,37.0,۱ الی ۱۰ معامله,کمتر از ۵۰ میلیون تومان,4.0,1.0,1.0,2.0,1.0,4.0,3.0,2.0,2.0,4.0,1.0,1.0,4.0,4.0,1.0,2.0,3.0,1.0,4.0,1.0,4.0,1.0,2.0,1.0,2.0,1.0,1.0,1.0,1.0,1.0,2.0,1.0,1.0,1.0,2.0,1.0,1.0,1.0,2.0,3.0,1.0,2.0,2.0,1.0,1.0,3.0,2.0,2.0,3.0,1.0,3.0,2.0,5.0,4.0,2.0,1.0,2.0,1.0,1.0,2.0,1.0,3.0,2.0,4.0,1.0,2.0,2.0,2.0,4.0,3.0,4.0,4.0,3.0,2.0,2.0,2.0,1.0,3.0,1.0,2.0,2.0,2.0,3.0,4.0,2.0,1.0,1.0,1.0,1.0,2.0,2.0,1.0,3.0,3.0,2.0,4.0,1.0,1.0,1.0,3.0,3.0,1.0,2.0,2.0,2.0,1.0,1.0,2.0,688.0
1.0,1.0,1.0,1.0,35.0,زن,مطلقه/سایر,فوق لیسانس,کارمند,بورس,34.0,۱۰ الی ۵۰,۵۰ تا ۲۰۰ میلیون تومان,2.0,2.0,1.0,2.0,2.0,4.0,3.0,2.0,2.0,3.0,2.0,1.0,3.0,1.0,2.0,2.0,3.0,3.0,3.0,2.0,1.0,2.0,1.0,1.0,1.0,4.0,4.0,4.0,1.0,2.0,1.0,3.0,3.0,4.0,2.0,1.0,1.0,2.0,2.0,1.0,2.0,1.0,2.0,4.0,1.0,3.0,3.0,1.0,2.0,2.0,2.0,1.0,2.0,2.0,2.0,3.0,1.0,2.0,1.0,2.0,2.0,4.0,4.0,5.0,2.0,1.0,1.0,1.0,2.0,1.0,1.0,3.0,1.0,2.0,3.0,1.0,2.0,4.0,1.0,3.0,4.0,2.0,3.0,4.0,2.0,3.0,5.0,4.0,5.0,5.0,6.0,5.0,2.0,2.0,1.0,1.0,2.0,4.0,4.0,1.0,4.0,3.0,2.0,4.0,2.0,3.0,2.0,4.0,661.0
1.0,1.0,1.0,1.0,51.0,مرد,متاهل,فوق دیپلم,کارمند,بورس,39.0,۱۰ الی ۵۰,کمتر از ۵۰ میلیون تومان,1.0,3.0,4.0,4.0,4.0,3.0,1.0,4.0,4.0,1.0,4.0,3.0,1.0,2.0,4.0,1.0,3.0,4.0,1.0,4.0,5.0,6.0,6.0,6.0,5.0,2.0,4.0,6.0,4.0,4.0,5.0,1.0,2.0,1.0,1.0,4.0,2.0,4.0,4.0,4.0,3.0,6.0,3.0,3.0,5.0,5.0,4.0,2.0,6.0,5.0,2.0,3.0,2.0,2.0,5.0,3.0,1.0,3.0,5.0,4.0,5.0,5.0,2.0,5.0,4.0,2.0,3.0,6.0,1.0,3.0,3.0,5.0,2.0,4.0,5.0,4.0,2.0,4.0,5.0,2.0,3.0,3.0,4.0,5.0,4.0,6.0,6.0,6.0,5.0,5.0,2.0,3.0,2.0,1.0,3.0,2.0,3.0,3.0,3.0,3.0,3.0,2.0,3.0,3.0,3.0,3.0,4.0,1.0,1206.0
1.0,1.0,1.0,1.0,38.0,ترجیح می‌دهم پاسخ ندهم,متاهل,فوق لیسانس,کارمند,فارکس,12.0,۱۰ الی ۵۰,کمتر از ۵۰ میلیون تومان,4.0,3.0,3.0,2.0,2.0,3.0,4.0,3.0,3.0,2.0,1.0,2.0,2.0,3.0,3.0,2.0,1.0,1.0,3.0,3.0,4.0,3.0,4.0,4.0,3.0,1.0,1.0,3.0,1.0,2.0,4.0,3.0,3.0,3.0,4.0,4.0,5.0,3.0,3.0,3.0,6.0,4.0,4.0,5.0,6.0,2.0,6.0,3.0,4.0,2.0,5.0,3.0,3.0,4.0,4.0,1.0,2.0,3.0,3.0,3.0,6.0,6.0,4.0,6.0,5.0,3.0,4.0,3.0,4.0,4.0,2.0,2.0,4.0,4.0,1.0,4.0,6.0,3.0,2.0,4.0,1.0,2.0,2.0,3.0,2.0,4.0,4.0,5.0,3.0,2.0,4.0,6.0,4.0,2.0,3.0,2.0,1.0,4.0,4.0,4.0,4.0,2.0,3.0,4.0,4.0,1.0,2.0,2.0,470.0
1.0,1.0,1.0,1.0,33.0,مرد,مجرد,لیسانس,مشاغل آزاد,رمزارز,53.0,۱ الی ۱۰ معامله,۵۰ تا ۲۰۰ میلیون تومان,3.0,2.0,2.0,1.0,1.0,3.0,4.0,1.0,1.0,3.0,4.0,2.0,4.0,4.0,4.0,3.0,1.0,2.0,4.0,4.0,1.0,2.0,4.0,3.0,3.0,4.0,6.0,3.0,4.0,6.0,3.0,1.0,1.0,1.0,3.0,3.0,1.0,4.0,2.0,1.0,4.0,1.0,3.0,3.0,3.0,1.0,2.0,3.0,2.0,2.0,4.0,5.0,3.0,3.0,3.0,5.0,4.0,6.0,2.0,6.0,3.0,3.0,3.0,3.0,6.0,2.0,1.0,1.0,1.0,3.0,5.0,2.0,1.0,1.0,2.0,3.0,2.0,2.0,3.0,4.0,4.0,4.0,5.0,5.0,5.0,3.0,3.0,2.0,2.0,3.0,2.0,1.0,2.0,2.0,1.0,2.0,4.0,3.0,4.0,4.0,1.0,3.0,4.0,3.0,3.0,2.0,2.0,3.0,921.0
1.0,1.0,1.0,1.0,42.0,ترجیح می‌دهم پاسخ ندهم,متاهل,فوق دیپلم,مشاغل آزاد,فارکس,53.0,۱۰ الی ۵۰,۲۰۰ تا ۵۰۰ میلیون تومان,2.0,1.0,4.0,2.0,4.0,1.0,4.0,3.0,3.0,2.0,2.0,3.0,2.0,3.0,1.0,4.0,2.0,4.0,1.0,3.0,2.0,3.0,4.0,4.0,2.0,4.0,5.0,2.0,2.0,3.0,3.0,5.0,4.0,2.0,3.0,4.0,5.0,3.0,2.0,4.0,5.0,5.0,4.0,2.0,4.0,2.0,5.0,1.0,1.0,5.0,4.0,3.0,5.0,4.0,6.0,2.0,3.0,2.0,2.0,1.0,5.0,2.0,3.0,4.0,3.0,1.0,2.0,2.0,3.0,1.0,6.0,3.0,2.0,4.0,2.0,3.0,5.0,2.0,1.0,4.0,4.0,3.0,1.0,3.0,3.0,3.0,2.0,5.0,3.0,3.0,3.0,2.0,2.0,1.0,1.0,3.0,1.0,2.0,4.0,1.0,3.0,3.0,3.0,3.0,3.0,3.0,2.0,1.0,327.0
1.0,1.0,1.0,1.0,55.0,مرد,متاهل,دیپلم,مشاغل آزاد,بورس,19.0,۵۰ به بالا,۵۰ تا ۲۰۰ میلیون تومان,1.0,1.0,2.0,2.0,2.0,4.0,4.0,2.0,1.0,3.0,2.0,2.0,4.0,2.0,3.0,4.0,4.0,1.0,4.0,1.0,5.0,2.0,3.0,4.0,3.0,1.0,3.0,1.0,1.0,1.0,3.0,3.0,3.0,3.0,6.0,1.0,3.0,1.0,1.0,3.0,1.0,3.0,2.0,1.0,1.0,1.0,2.0,1.0,1.0,1.0,4.0,5.0,6.0,3.0,3.0,1.0,1.0,1.0,2.0,1.0,2.0,4.0,2.0,1.0,2.0,1.0,1.0,1.0,1.0,1.0,4.0,4.0,4.0,2.0,2.0,1.0,4.0,3.0,3.0,2.0,5.0,1.0,2.0,2.0,2.0,2.0,2.0,3.0,4.0,3.0,3.0,1.0,4.0,2.0,5.0,4.0,2.0,1.0,4.0,1.0,2.0,4.0,3.0,4.0,1.0,2.0,3.0,4.0,543.0
1.0,1.0,1.0,1.0,28.0,مرد,متاهل,لیسانس,مشاغل آزاد,بورس,11.0,۵۰ به بالا,کمتر از ۵۰ میلیون تومان,4.0,2.0,1.0,2.0,1.0,4.0,3.0,2.0,1.0,4.0,2.0,3.0,4.0,4.0,1.0,1.0,2.0,2.0,3.0,1.0,6.0,4.0,5.0,2.0,3.0,1.0,4.0,3.0,4.0,3.0,2.0,2.0,4.0,1.0,3.0,1.0,3.0,3.0,2.0,2.0,5.0,4.0,4.0,6.0,4.0,3.0,2.0,6.0,2.0,2.0,5.0,3.0,5.0,6.0,2.0,3.0,1.0,1.0,1.0,1.0,5.0,3.0,4.0,4.0,5.0,2.0,2.0,4.0,3.0,3.0,1.0,2.0,1.0,2.0,2.0,3.0,3.0,4.0,3.0,2.0,4.0,3.0,5.0,5.0,4.0,1.0,1.0,2.0,1.0,1.0,6.0,3.0,4.0,3.0,1.0,2.0,3.0,2.0,1.0,4.0,3.0,3.0,4.0,2.0,4.0,3.0,2.0,4.0,720.0
1.0,1.0,1.0,1.0,41.0,مرد,متاهل,لیسانس,سایر,رمزارز,75.0,۵۰ به بالا,۲۰۰ تا ۵۰۰ میلیون تومان,1.0,3.0,3.0,3.0,4.0,2.0,2.0,4.0,2.0,1.0,3.0,3.0,1.0,3.0,3.0,2.0,4.0,2.0,2.0,2.0,2.0,1.0,1.0,1.0,1.0,1.0,2.0,4.0,4.0,1.0,1.0,3.0,1.0,1.0,2.0,1.0,3.0,1.0,2.0,2.0,2.0,4.0,2.0,3.0,3.0,2.0,4.0,2.0,4.0,3.0,3.0,3.0,3.0,5.0,3.0,1.0,1.0,2.0,1.0,1.0,3.0,3.0,2.0,3.0,2.0,5.0,4.0,3.0,4.0,5.0,3.0,3.0,2.0,2.0,2.0,3.0,3.0,5.0,4.0,4.0,4.0,4.0,3.0,2.0,5.0,1.0,1.0,2.0,3.0,1.0,6.0,2.0,3.0,4.0,5.0,2.0,3.0,4.0,2.0,3.0,1.0,1.0,2.0,2.0,1.0,3.0,2.0,1.0,2875.0
1.0,1.0,1.0,1.0,32.0,مرد,مجرد,فوق لیسانس,مشاغل آزاد,بورس,43.0,۱۰ الی ۵۰,۵۰ تا ۲۰۰ میلیون تومان,2.0,4.0,3.0,3.0,2.0,1.0,3.0,4.0,4.0,1.0,3.0,3.0,2.0,1.0,4.0,2.0,3.0,3.0,2.0,1.0,6.0,4.0,4.0,6.0,4.0,3.0,3.0,3.0,4.0,2.0,1.0,2.0,3.0,5.0,5.0,2.0,2.0,4.0,2.0,4.0,4.0,6.0,3.0,3.0,2.0,2.0,4.0,4.0,1.0,2.0,5.0,4.0,2.0,3.0,5.0,6.0,2.0,4.0,2.0,2.0,3.0,2.0,3.0,2.0,4.0,6.0,2.0,4.0,2.0,4.0,1.0,3.0,1.0,3.0,1.0,4.0,2.0,4.0,4.0,3.0,2.0,1.0,2.0,6.0,2.0,5.0,3.0,4.0,3.0,3.0,5.0,3.0,6.0,3.0,5.0,3.0,1.0,2.0,2.0,4.0,2.0,1.0,2.0,3.0,1.0,2.0,1.0,2.0,874.0
1.0,1.0,1.0,1.0,47.0,مرد,مجرد,فوق لیسانس,مشاغل آزاد,بورس,39.0,۵۰ به بالا,۵۰ تا ۲۰۰ میلیون تومان,3.0,2.0,4.0,1.0,2.0,4.0,4.0,1.0,1.0,4.0,1.0,1.0,3.0,2.0,3.0,4.0,1.0,2.0,4.0,2.0,1.0,1.0,6.0,2.0,2.0,1.0,3.0,3.0,1.0,1.0,3.0,2.0,1.0,2.0,1.0,2.0,1.0,2.0,4.0,1.0,4.0,3.0,1.0,1.0,4.0,4.0,2.0,2.0,4.0,1.0,2.0,4.0,3.0,2.0,3.0,4.0,2.0,1.0,1.0,4.0,3.0,2.0,4.0,1.0,1.0,2.0,1.0,1.0,1.0,1.0,3.0,5.0,2.0,3.0,3.0,2.0,2.0,3.0,5.0,3.0,3.0,3.0,1.0,1.0,2.0,4.0,1.0,3.0,3.0,3.0,4.0,4.0,3.0,4.0,1.0,1.0,3.0,2.0,3.0,1.0,3.0,1.0,1.0,1.0,1.0,2.0,3.0,4.0,632.0
1.0,1.0,1.0,1.0,26.0,مرد,مجرد,فوق دیپلم,سایر,بورس,27.0,۱ الی ۱۰ معامله,کمتر از ۵۰ میلیون تومان,2.0,1.0,3.0,2.0,3.0,4.0,2.0,2.0,1.0,4.0,2.0,4.0,2.0,4.0,1.0,4.0,1.0,3.0,4.0,1.0,2.0,3.0,6.0,3.0,2.0,2.0,3.0,3.0,4.0,1.0,2.0,4.0,5.0,5.0,3.0,3.0,3.0,3.0,1.0,4.0,3.0,4.0,2.0,2.0,4.0,3.0,6.0,6.0,3.0,3.0,4.0,1.0,4.0,4.0,3.0,3.0,3.0,3.0,1.0,1.0,3.0,2.0,3.0,2.0,1.0,2.0,2.0,3.0,2.0,2.0,1.0,1.0,1.0,4.0,1.0,1.0,1.0,1.0,3.0,5.0,2.0,6.0,5.0,3.0,5.0,6.0,4.0,3.0,5.0,4.0,4.0,3.0,2.0,2.0,1.0,2.0,1.0,3.0,3.0,2.0,2.0,4.0,4.0,1.0,1.0,3.0,1.0,2.0,1189.0
1.0,1.0,1.0,1.0,55.0,مرد,متاهل,لیسانس,خانه‌دار,بورس,13.0,۱۰ الی ۵۰,۵۰ تا ۲۰۰ میلیون تومان,4.0,1.0,2.0,3.0,2.0,3.0,4.0,4.0,3.0,2.0,2.0,4.0,4.0,3.0,2.0,4.0,3.0,2.0,1.0,3.0,2.0,3.0,4.0,2.0,2.0,4.0,3.0,5.0,5.0,2.0,1.0,2.0,2.0,3.0,2.0,4.0,2.0,5.0,2.0,4.0,5.0,1.0,5.0,3.0,3.0,4.0,2.0,2.0,1.0,1.0,4.0,3.0,2.0,4.0,3.0,3.0,5.0,1.0,2.0,3.0,1.0,1.0,1.0,1.0,2.0,4.0,1.0,2.0,4.0,1.0,4.0,1.0,6.0,3.0,1.0,1.0,1.0,2.0,2.0,1.0,1.0,2.0,1.0,1.0,1.0,3.0,2.0,2.0,4.0,4.0,1.0,3.0,2.0,1.0,1.0,3.0,1.0,4.0,2.0,3.0,1.0,3.0,3.0,1.0,4.0,1.0,4.0,1.0,755.0
1.0,1.0,1.0,1.0,23.0,زن,مطلقه/سایر,فوق لیسانس,مشاغل آزاد,فارکس,14.0,۱ الی ۱۰ معامله,۵۰۰ میلیون تا ۱ میلیارد تومان,1.0,3.0,3.0,1.0,2.0,3.0,1.0,4.0,4.0,4.0,3.0,3.0,3.0,2.0,4.0,1.0,2.0,4.0,1.0,3.0,3.0,1.0,5.0,2.0,1.0,1.0,1.0,3.0,3.0,3.0,1.0,1.0,1.0,1.0,2.0,1.0,4.0,3.0,4.0,1.0,1.0,3.0,4.0,3.0,3.0,1.0,1.0,2.0,3.0,3.0,2.0,4.0,1.0,5.0,3.0,1.0,3.0,2.0,3.0,2.0,3.0,4.0,1.0,3.0,5.0,1.0,4.0,2.0,1.0,1.0,1.0,3.0,3.0,1.0,3.0,2.0,3.0,1.0,5.0,2.0,4.0,4.0,3.0,6.0,1.0,5.0,4.0,3.0,3.0,4.0,2.0,2.0,3.0,3.0,1.0,1.0,3.0,4.0,4.0,1.0,3.0,4.0,3.0,3.0,4.0,4.0,4.0,4.0,1288.0
1.0,1.0,1.0,1.0,30.0,زن,متاهل,لیسانس,کارمند,بورس,26.0,۱۰ الی ۵۰,۲۰۰ تا ۵۰۰ میلیون تومان,4.0,2.0,3.0,3.0,3.0,3.0,3.0,1.0,1.0,4.0,2.0,2.0,2.0,4.0,3.0,3.0,2.0,3.0,3.0,3.0,4.0,1.0,5.0,4.0,6.0,5.0,2.0,3.0,2.0,3.0,4.0,5.0,4.0,6.0,5.0,4.0,3.0,2.0,3.0,3.0,2.0,4.0,2.0,5.0,3.0,4.0,1.0,2.0,1.0,3.0,3.0,4.0,3.0,3.0,3.0,1.0,1.0,1.0,1.0,3.0,3.0,2.0,3.0,2.0,1.0,4.0,2.0,3.0,4.0,3.0,1.0,1.0,2.0,1.0,1.0,2.0,1.0,4.0,1.0,2.0,3.0,6.0,3.0,4.0,5.0,3.0,4.0,2.0,1.0,3.0,1.0,1.0,1.0,3.0,1.0,3.0,2.0,3.0,4.0,2.0,3.0,3.0,1.0,2.0,3.0,2.0,4.0,2.0,989.0
1.0,1.0,1.0,1.0,31.0,مرد,مجرد,لیسانس,مشاغل آزاد,فارکس,68.0,۵۰ به بالا,کمتر از ۵۰ میلیون تومان,1.0,3.0,3.0,3.0,3.0,1.0,2.0,1.0,2.0,1.0,2.0,4.0,3.0,1.0,1.0,2.0,1.0,4.0,2.0,2.0,2.0,5.0,2.0,2.0,3.0,1.0,1.0,2.0,1.0,2.0,1.0,3.0,4.0,3.0,3.0,3.0,1.0,5.0,2.0,3.0,3.0,3.0,3.0,3.0,3.0,3.0,4.0,2.0,2.0,3.0,4.0,3.0,2.0,5.0,2.0,1.0,3.0,2.0,3.0,1.0,4.0,3.0,3.0,3.0,4.0,4.0,3.0,3.0,4.0,5.0,4.0,3.0,2.0,2.0,2.0,3.0,3.0,2.0,1.0,4.0,4.0,1.0,4.0,2.0,5.0,4.0,3.0,2.0,5.0,2.0,4.0,2.0,2.0,3.0,2.0,1.0,2.0,3.0,4.0,1.0,4.0,4.0,4.0,4.0,1.0,1.0,2.0,4.0,753.0
1.0,1.0,1.0,1.0,26.0,مرد,مجرد,لیسانس,مشاغل آزاد,طلا و ارز,18.0,۱ الی ۱۰ معامله,۵۰۰ میلیون تا ۱ میلیارد تومان,3.0,1.0,2.0,2.0,1.0,3.0,3.0,4.0,1.0,3.0,1.0,1.0,3.0,4.0,1.0,3.0,2.0,2.0,2.0,1.0,1.0,2.0,2.0,1.0,3.0,1.0,3.0,2.0,2.0,2.0,1.0,1.0,1.0,3.0,1.0,1.0,1.0,3.0,2.0,1.0,2.0,1.0,2.0,3.0,2.0,3.0,2.0,4.0,1.0,4.0,2.0,3.0,3.0,3.0,2.0,2.0,2.0,2.0,1.0,1.0,3.0,2.0,4.0,2.0,1.0,1.0,2.0,1.0,1.0,4.0,4.0,2.0,4.0,2.0,5.0,1.0,1.0,1.0,1.0,1.0,1.0,2.0,1.0,3.0,2.0,2.0,2.0,2.0,1.0,3.0,2.0,2.0,4.0,2.0,1.0,3.0,3.0,2.0,3.0,3.0,3.0,4.0,2.0,3.0,3.0,4.0,4.0,3.0,599.0
