ID,Age,Gender,Market,Education,Experience,TradesPerMonth,ResponseTimeSec,A01,A02,A03,A04,A05,A06,A07,A08,A09,A10,A11,A12,A13,A14,A15,A16,A17,A18,A19,A20,S01,S02,S03,S04,S05,S06,S07,S08,S09,S10,S11,S12,S13,S14,S15,S16,S17,S18,S19,S20,S21,S22,S23,S24,S25,S26,S27,S28,S29,S30,S31,S32,S33,S34,S35,S36,S37,S38,S39,S40,S41,S42,S43,S44,S45,S46,S47,S48,S49,S50,S51,S52,S53,S54,S55,S56,S57,S58,S59,S60,S61,S62,S63,S64,S65,S66,S67,S68,S69,S70,S71,S72,S73,S74,S75,R01,R02,R03,R04,R05,R06,R07,R08,R09,R10,R11,R12,R13,ConsentOK,MissingRate,StraightLine
1,31,Male,Gold,Bachelor,45,2,511,4.0,1.0,4.0,1.0,2.0,1.0,3.0,2.0,4.0,2.0,4.0,1.0,4.0,1.0,4.0,1.0,4.0,1.0,4.0,1.0,3.0,3.0,2.0,5.0,2.0,5.0,3.0,2.0,3.0,4.0,2.0,1.0,3.0,4.0,1.0,1.0,3.0,2.0,4.0,3.0,3.0,1.0,4.0,2.0,1.0,3.0,6.0,3.0,2.0,2.0,1.0,1.0,1.0,1.0,2.0,1.0,3.0,2.0,1.0,1.0,2.0,1.0,4.0,2.0,1.0,1.0,4.0,1.0,3.0,1.0,1.0,1.0,1.0,1.0,1.0,2.0,2.0,3.0,2.0,3.0,2.0,2.0,3.0,2.0,2.0,1.0,5.0,3.0,2.0,1.0,1.0,1.0,1.0,1.0,2.0,1.0,1.0,2.0,1.0,2.0,1.0,2.0,1.0,3.0,3.0,1.0,2.0,2.0,1,0.0,0
2,37,Female,Forex,Bachelor,21,1,340,2.0,2.0,3.0,2.0,3.0,2.0,2.0,3.0,2.0,2.0,2.0,3.0,3.0,2.0,3.0,2.0,3.0,2.0,2.0,2.0,5.0,5.0,4.0,2.0,2.0,4.0,3.0,5.0,5.0,4.0,4.0,4.0,2.0,3.0,2.0,5.0,1.0,5.0,5.0,1.0,3.0,4.0,5.0,2.0,2.0,5.0,2.0,3.0,1.0,1.0,2.0,5.0,2.0,2.0,4.0,6.0,4.0,3.0,3.0,3.0,3.0,2.0,2.0,2.0,3.0,3.0,4.0,2.0,2.0,5.0,5.0,6.0,3.0,2.0,1.0,4.0,4.0,3.0,6.0,2.0,1.0,1.0,2.0,3.0,2.0,1.0,1.0,4.0,1.0,2.0,1.0,1.0,1.0,2.0,1.0,1.0,1.0,1.0,2.0,4.0,3.0,4.0,4.0,2.0,3.0,5.0,3.0,3.0,1,0.0,0
3,34,Female,Bourse,Bachelor,31,5,336,2.0,2.0,2.0,3.0,4.0,1.0,2.0,3.0,4.0,1.0,3.0,1.0,2.0,2.0,3.0,1.0,4.0,2.0,4.0,1.0,5.0,6.0,1.0,3.0,4.0,6.0,6.0,3.0,5.0,4.0,3.0,5.0,2.0,4.0,1.0,3.0,3.0,1.0,2.0,3.0,1.0,4.0,4.0,2.0,3.0,3.0,2.0,4.0,2.0,1.0,3.0,3.0,3.0,4.0,3.0,1.0,3.0,1.0,3.0,5.0,5.0,4.0,6.0,2.0,2.0,2.0,3.0,4.0,3.0,1.0,6.0,2.0,2.0,3.0,2.0,1.0,3.0,6.0,4.0,1.0,2.0,4.0,1.0,3.0,2.0,1.0,2.0,5.0,1.0,2.0,4.0,5.0,2.0,3.0,3.0,2.0,4.0,3.0,5.0,2.0,3.0,3.0,5.0,2.0,4.0,4.0,4.0,1.0,1,0.0,0
4,48,Male,Bourse,Diploma,37,15,629,1.0,2.0,3.0,3.0,3.0,1.0,3.0,4.0,2.0,3.0,2.0,2.0,3.0,2.0,2.0,1.0,3.0,2.0,4.0,2.0,2.0,2.0,3.0,4.0,3.0,3.0,2.0,3.0,3.0,1.0,2.0,2.0,5.0,4.0,2.0,3.0,1.0,2.0,1.0,3.0,4.0,3.0,2.0,1.0,3.0,2.0,2.0,2.0,1.0,1.0,2.0,3.0,3.0,2.0,2.0,2.0,1.0,4.0,3.0,3.0,2.0,3.0,2.0,3.0,4.0,1.0,4.0,3.0,1.0,1.0,1.0,4.0,2.0,3.0,1.0,1.0,2.0,2.0,1.0,3.0,3.0,2.0,2.0,3.0,3.0,2.0,3.0,2.0,1.0,2.0,2.0,2.0,1.0,2.0,2.0,1.0,1.0,2.0,2.0,1.0,2.0,1.0,1.0,1.0,3.0,2.0,2.0,1.0,1,0.0,0
5,31,Male,Crypto,Bachelor,14,4,265,1.0,2.0,1.0,2.0,2.0,4.0,1.0,2.0,2.0,2.0,2.0,4.0,2.0,2.0,2.0,2.0,2.0,3.0,2.0,3.0,5.0,4.0,6.0,6.0,6.0,5.0,6.0,6.0,4.0,4.0,6.0,6.0,4.0,5.0,2.0,4.0,4.0,5.0,4.0,6.0,6.0,5.0,6.0,4.0,4.0,5.0,6.0,3.0,5.0,3.0,4.0,5.0,4.0,3.0,6.0,5.0,5.0,4.0,4.0,6.0,5.0,3.0,6.0,4.0,4.0,3.0,5.0,6.0,5.0,2.0,5.0,6.0,1.0,3.0,4.0,1.0,6.0,5.0,3.0,3.0,4.0,3.0,4.0,6.0,1.0,2.0,3.0,1.0,2.0,2.0,2.0,1.0,4.0,5.0,5.0,3.0,4.0,4.0,2.0,3.0,2.0,5.0,3.0,2.0,2.0,3.0,5.0,4.0,1,0.0,0
6,23,Male,Bourse,Diploma,77,16,598,4.0,1.0,4.0,2.0,4.0,1.0,3.0,1.0,4.0,1.0,4.0,1.0,4.0,1.0,4.0,1.0,4.0,1.0,4.0,1.0,5.0,4.0,5.0,5.0,2.0,1.0,1.0,4.0,5.0,1.0,4.0,4.0,3.0,3.0,5.0,2.0,2.0,1.0,2.0,2.0,4.0,3.0,2.0,2.0,4.0,2.0,2.0,4.0,3.0,2.0,5.0,4.0,2.0,3.0,2.0,4.0,5.0,2.0,3.0,5.0,2.0,5.0,3.0,4.0,3.0,2.0,2.0,2.0,2.0,2.0,3.0,4.0,2.0,2.0,1.0,4.0,4.0,1.0,3.0,3.0,1.0,4.0,1.0,1.0,1.0,4.0,2.0,1.0,3.0,3.0,1.0,3.0,3.0,2.0,3.0,3.0,1.0,2.0,2.0,2.0,1.0,4.0,3.0,2.0,2.0,5.0,2.0,5.0,1,0.0,0
7,34,Female,Gold,Bachelor,36,20,425,1.0,2.0,2.0,4.0,2.0,4.0,1.0,3.0,2.0,1.0,1.0,3.0,3.0,3.0,2.0,3.0,2.0,1.0,2.0,2.0,6.0,6.0,6.0,4.0,6.0,4.0,5.0,6.0,6.0,6.0,6.0,3.0,6.0,3.0,6.0,5.0,4.0,4.0,3.0,3.0,6.0,3.0,2.0,4.0,2.0,4.0,3.0,1.0,1.0,1.0,4.0,3.0,2.0,2.0,4.0,4.0,5.0,2.0,2.0,3.0,6.0,5.0,4.0,3.0,6.0,1.0,2.0,2.0,2.0,5.0,1.0,5.0,6.0,4.0,2.0,2.0,3.0,6.0,2.0,6.0,4.0,6.0,1.0,2.0,3.0,3.0,2.0,5.0,4.0,3.0,4.0,5.0,3.0,3.0,5.0,2.0,2.0,4.0,2.0,1.0,2.0,3.0,5.0,4.0,3.0,3.0,4.0,5.0,1,0.0,0
8,32,Male,Gold,Bachelor,16,3,545,3.0,2.0,4.0,1.0,2.0,2.0,2.0,2.0,3.0,2.0,2.0,2.0,2.0,2.0,3.0,3.0,3.0,2.0,3.0,2.0,4.0,3.0,3.0,6.0,3.0,5.0,4.0,1.0,4.0,2.0,3.0,3.0,1.0,1.0,2.0,4.0,2.0,2.0,3.0,4.0,6.0,6.0,5.0,2.0,3.0,5.0,4.0,3.0,4.0,4.0,2.0,3.0,2.0,2.0,2.0,2.0,5.0,1.0,4.0,3.0,2.0,5.0,3.0,5.0,3.0,4.0,5.0,3.0,1.0,3.0,1.0,1.0,2.0,5.0,3.0,4.0,3.0,6.0,2.0,2.0,2.0,5.0,5.0,2.0,2.0,2.0,4.0,4.0,3.0,1.0,3.0,4.0,3.0,2.0,2.0,3.0,4.0,2.0,2.0,1.0,3.0,4.0,2.0,3.0,3.0,4.0,3.0,4.0,0,0.0,0
9,26,Male,Bourse,Master,95,1,407,2.0,2.0,1.0,2.0,2.0,2.0,2.0,2.0,1.0,2.0,2.0,2.0,2.0,1.0,2.0,1.0,4.0,2.0,3.0,3.0,2.0,1.0,3.0,2.0,6.0,2.0,2.0,3.0,2.0,2.0,3.0,3.0,2.0,2.0,4.0,1.0,2.0,1.0,1.0,1.0,5.0,2.0,2.0,1.0,4.0,3.0,2.0,2.0,1.0,1.0,3.0,2.0,2.0,1.0,2.0,3.0,3.0,3.0,3.0,1.0,2.0,3.0,6.0,4.0,4.0,2.0,1.0,3.0,2.0,4.0,1.0,3.0,5.0,2.0,1.0,3.0,2.0,1.0,1.0,2.0,1.0,3.0,1.0,2.0,3.0,2.0,2.0,3.0,4.0,1.0,1.0,5.0,1.0,1.0,1.0,2.0,3.0,1.0,5.0,1.0,3.0,4.0,3.0,2.0,2.0,2.0,4.0,5.0,1,0.0,0
10,26,Female,Bourse,Diploma,9,5,387,3.0,3.0,4.0,2.0,3.0,1.0,3.0,2.0,4.0,1.0,4.0,2.0,4.0,2.0,4.0,1.0,4.0,1.0,4.0,1.0,4.0,3.0,1.0,6.0,3.0,2.0,2.0,2.0,1.0,2.0,2.0,1.0,2.0,2.0,2.0,2.0,4.0,1.0,1.0,2.0,1.0,2.0,5.0,4.0,4.0,2.0,2.0,2.0,2.0,2.0,2.0,3.0,2.0,3.0,1.0,1.0,1.0,2.0,3.0,1.0,1.0,3.0,3.0,4.0,4.0,2.0,2.0,1.0,2.0,1.0,2.0,2.0,4.0,1.0,5.0,1.0,1.0,4.0,1.0,1.0,1.0,2.0,1.0,1.0,3.0,1.0,2.0,1.0,3.0,2.0,4.0,2.0,3.0,1.0,2.0,1.0,1.0,2.0,2.0,1.0,1.0,1.0,1.0,1.0,2.0,2.0,1.0,1.0,1,0.0,0
11,20,Male,Forex,Bachelor,13,9,222,2.0,3.0,3.0,3.0,3.0,4.0,1.0,2.0,2.0,2.0,2.0,3.0,2.0,2.0,3.0,2.0,1.0,2.0,2.0,2.0,4.0,4.0,3.0,3.0,3.0,3.0,2.0,3.0,2.0,1.0,3.0,1.0,3.0,4.0,3.0,4.0,6.0,6.0,6.0,3.0,4.0,2.0,3.0,6.0,5.0,5.0,5.0,3.0,3.0,5.0,4.0,1.0,2.0,2.0,2.0,3.0,2.0,2.0,2.0,4.0,4.0,6.0,2.0,5.0,3.0,2.0,4.0,4.0,1.0,4.0,3.0,2.0,4.0,4.0,4.0,2.0,3.0,4.0,4.0,5.0,2.0,1.0,3.0,3.0,2.0,2.0,2.0,3.0,4.0,2.0,3.0,2.0,5.0,3.0,3.0,2.0,3.0,2.0,3.0,4.0,5.0,2.0,2.0,2.0,3.0,3.0,1.0,2.0,1,0.0,0
12,57,Male,Bourse,Master,27,2,288,2.0,3.0,3.0,2.0,2.0,3.0,2.0,1.0,2.0,2.0,1.0,2.0,2.0,2.0,2.0,2.0,3.0,3.0,2.0,1.0,6.0,2.0,4.0,3.0,5.0,2.0,4.0,4.0,3.0,3.0,2.0,3.0,2.0,5.0,6.0,3.0,5.0,2.0,3.0,6.0,3.0,2.0,5.0,4.0,4.0,5.0,2.0,2.0,2.0,4.0,4.0,1.0,6.0,3.0,2.0,2.0,2.0,2.0,2.0,5.0,3.0,3.0,5.0,6.0,4.0,2.0,4.0,1.0,2.0,4.0,4.0,2.0,6.0,5.0,3.0,3.0,4.0,4.0,2.0,4.0,3.0,3.0,3.0,4.0,2.0,2.0,1.0,5.0,5.0,3.0,2.0,4.0,3.0,4.0,4.0,1.0,2.0,3.0,2.0,1.0,2.0,1.0,1.0,3.0,3.0,4.0,4.0,2.0,1,0.0,0
13,24,Female,Bourse,Bachelor,89,1,567,2.0,2.0,2.0,2.0,1.0,2.0,1.0,1.0,2.0,3.0,4.0,3.0,4.0,2.0,4.0,3.0,2.0,2.0,3.0,2.0,6.0,3.0,4.0,2.0,6.0,2.0,1.0,1.0,3.0,4.0,2.0,1.0,1.0,3.0,2.0,3.0,6.0,4.0,2.0,5.0,3.0,4.0,3.0,4.0,3.0,4.0,4.0,3.0,4.0,3.0,2.0,1.0,1.0,3.0,3.0,2.0,4.0,3.0,1.0,3.0,3.0,6.0,3.0,3.0,3.0,5.0,4.0,5.0,6.0,4.0,4.0,4.0,5.0,4.0,3.0,4.0,5.0,2.0,2.0,2.0,1.0,1.0,2.0,3.0,1.0,2.0,1.0,4.0,4.0,3.0,5.0,3.0,2.0,6.0,1.0,2.0,2.0,1.0,1.0,2.0,3.0,1.0,2.0,2.0,3.0,2.0,1.0,3.0,1,0.0,0
14,22,Female,Crypto,Bachelor,21,6,1068,2.0,1.0,1.0,1.0,1.0,2.0,4.0,3.0,2.0,1.0,3.0,2.0,2.0,1.0,4.0,2.0,3.0,1.0,3.0,2.0,3.0,1.0,2.0,3.0,2.0,2.0,2.0,4.0,4.0,2.0,2.0,3.0,4.0,4.0,2.0,6.0,6.0,5.0,3.0,3.0,6.0,6.0,6.0,4.0,4.0,4.0,4.0,2.0,1.0,2.0,4.0,2.0,3.0,4.0,4.0,2.0,4.0,4.0,3.0,4.0,1.0,2.0,4.0,1.0,4.0,1.0,4.0,4.0,3.0,2.0,3.0,1.0,1.0,1.0,1.0,1.0,3.0,1.0,2.0,1.0,4.0,3.0,3.0,2.0,3.0,1.0,1.0,1.0,3.0,1.0,5.0,1.0,2.0,3.0,2.0,1.0,1.0,2.0,1.0,1.0,1.0,1.0,3.0,1.0,1.0,3.0,3.0,3.0,1,0.0,0
15,25,Male,Crypto,Bachelor,40,16,321,2.0,1.0,1.0,3.0,2.0,2.0,3.0,2.0,3.0,2.0,2.0,4.0,2.0,1.0,2.0,2.0,2.0,1.0,4.0,2.0,3.0,6.0,5.0,3.0,3.0,6.0,5.0,2.0,5.0,2.0,3.0,3.0,3.0,6.0,5.0,3.0,3.0,4.0,6.0,4.0,5.0,5.0,6.0,4.0,4.0,6.0,6.0,5.0,4.0,5.0,5.0,2.0,2.0,3.0,4.0,2.0,1.0,2.0,2.0,3.0,3.0,6.0,2.0,4.0,3.0,2.0,2.0,3.0,3.0,4.0,3.0,5.0,4.0,4.0,2.0,5.0,4.0,2.0,5.0,3.0,4.0,4.0,6.0,3.0,4.0,1.0,5.0,3.0,2.0,3.0,3.0,2.0,4.0,5.0,2.0,4.0,4.0,2.0,2.0,2.0,2.0,3.0,1.0,5.0,4.0,3.0,5.0,2.0,1,0.0,0
16,23,Male,Bourse,Bachelor,81,1,912,1.0,2.0,3.0,3.0,4.0,2.0,3.0,2.0,1.0,3.0,2.0,1.0,4.0,2.0,2.0,2.0,4.0,3.0,1.0,1.0,5.0,4.0,4.0,3.0,5.0,4.0,5.0,3.0,6.0,1.0,4.0,2.0,1.0,4.0,5.0,5.0,3.0,6.0,6.0,6.0,3.0,5.0,6.0,4.0,5.0,4.0,5.0,4.0,3.0,2.0,4.0,1.0,2.0,1.0,4.0,4.0,3.0,3.0,4.0,2.0,6.0,5.0,4.0,3.0,3.0,1.0,1.0,2.0,5.0,2.0,2.0,5.0,5.0,3.0,2.0,2.0,1.0,3.0,1.0,3.0,3.0,3.0,2.0,6.0,4.0,2.0,1.0,3.0,1.0,1.0,4.0,1.0,3.0,4.0,4.0,1.0,4.0,2.0,1.0,1.0,3.0,3.0,2.0,5.0,4.0,5.0,5.0,4.0,1,0.0,0
17,25,Male,Bourse,Master,13,5,375,2.0,3.0,4.0,3.0,3.0,2.0,1.0,2.0,2.0,4.0,2.0,2.0,3.0,2.0,2.0,1.0,1.0,3.0,3.0,2.0,5.0,6.0,6.0,2.0,5.0,5.0,3.0,3.0,3.0,1.0,4.0,3.0,6.0,3.0,4.0,5.0,4.0,5.0,3.0,5.0,5.0,4.0,3.0,3.0,3.0,4.0,3.0,1.0,4.0,5.0,5.0,5.0,2.0,3.0,6.0,4.0,3.0,2.0,2.0,4.0,4.0,4.0,6.0,5.0,1.0,5.0,1.0,4.0,3.0,4.0,6.0,2.0,4.0,6.0,5.0,2.0,1.0,4.0,2.0,5.0,2.0,5.0,4.0,3.0,3.0,3.0,2.0,2.0,3.0,4.0,3.0,5.0,2.0,6.0,5.0,3.0,2.0,2.0,2.0,3.0,3.0,3.0,2.0,2.0,3.0,3.0,3.0,3.0,1,0.0,0
18,53,Female,Bourse,Bachelor,14,4,893,1.0,3.0,1.0,4.0,2.0,4.0,1.0,4.0,1.0,4.0,3.0,4.0,1.0,4.0,1.0,4.0,1.0,2.0,1.0,4.0,6.0,3.0,6.0,5.0,5.0,6.0,4.0,5.0,6.0,6.0,6.0,4.0,5.0,5.0,4.0,4.0,3.0,3.0,4.0,3.0,1.0,3.0,3.0,3.0,2.0,2.0,1.0,3.0,4.0,3.0,3.0,2.0,4.0,3.0,1.0,3.0,3.0,3.0,4.0,3.0,4.0,2.0,2.0,2.0,2.0,1.0,5.0,4.0,2.0,2.0,3.0,2.0,3.0,3.0,2.0,1.0,1.0,3.0,1.0,1.0,4.0,6.0,1.0,3.0,4.0,2.0,5.0,2.0,2.0,2.0,2.0,1.0,6.0,3.0,1.0,2.0,2.0,1.0,1.0,2.0,2.0,1.0,1.0,2.0,3.0,2.0,4.0,5.0,0,0.0,0
19,38,Male,Bourse,Bachelor,38,7,394,1.0,4.0,1.0,4.0,1.0,3.0,1.0,4.0,1.0,4.0,1.0,3.0,3.0,3.0,2.0,4.0,2.0,3.0,2.0,4.0,4.0,4.0,6.0,3.0,5.0,5.0,3.0,4.0,5.0,2.0,6.0,5.0,4.0,6.0,1.0,1.0,6.0,6.0,6.0,2.0,6.0,5.0,5.0,3.0,5.0,4.0,4.0,2.0,2.0,3.0,4.0,4.0,4.0,4.0,4.0,2.0,2.0,5.0,4.0,3.0,6.0,4.0,4.0,5.0,6.0,4.0,2.0,4.0,4.0,3.0,4.0,1.0,5.0,6.0,2.0,4.0,2.0,3.0,3.0,3.0,6.0,2.0,5.0,6.0,1.0,3.0,1.0,3.0,3.0,1.0,3.0,2.0,2.0,1.0,2.0,1.0,3.0,3.0,5.0,2.0,2.0,2.0,4.0,4.0,3.0,5.0,3.0,2.0,1,0.0,0
20,21,Male,Crypto,Master,15,1,743,3.0,2.0,2.0,1.0,3.0,2.0,2.0,4.0,3.0,2.0,4.0,2.0,3.0,2.0,3.0,1.0,3.0,2.0,3.0,1.0,6.0,5.0,4.0,6.0,2.0,2.0,5.0,3.0,5.0,5.0,5.0,6.0,4.0,5.0,4.0,3.0,2.0,2.0,4.0,3.0,4.0,6.0,4.0,6.0,5.0,4.0,1.0,3.0,3.0,2.0,2.0,1.0,1.0,4.0,3.0,5.0,4.0,1.0,4.0,2.0,4.0,2.0,4.0,3.0,1.0,5.0,4.0,1.0,4.0,3.0,2.0,4.0,4.0,2.0,4.0,2.0,3.0,2.0,4.0,4.0,2.0,3.0,4.0,3.0,2.0,3.0,3.0,3.0,3.0,2.0,2.0,3.0,3.0,1.0,6.0,2.0,1.0,1.0,2.0,3.0,2.0,3.0,4.0,2.0,4.0,2.0,3.0,2.0,1,0.0,0
21,50,Male,Forex,Bachelor,29,3,324,4.0,1.0,2.0,1.0,4.0,2.0,4.0,4.0,4.0,1.0,4.0,1.0,4.0,2.0,4.0,1.0,4.0,1.0,4.0,1.0,2.0,3.0,4.0,3.0,1.0,2.0,4.0,6.0,2.0,3.0,1.0,5.0,2.0,3.0,2.0,4.0,1.0,2.0,3.0,2.0,2.0,4.0,5.0,2.0,4.0,2.0,2.0,1.0,4.0,1.0,2.0,2.0,3.0,1.0,1.0,1.0,3.0,2.0,2.0,3.0,1.0,3.0,2.0,3.0,4.0,2.0,2.0,3.0,1.0,4.0,2.0,2.0,1.0,2.0,3.0,2.0,2.0,3.0,1.0,1.0,1.0,2.0,2.0,2.0,2.0,2.0,3.0,2.0,1.0,1.0,1.0,2.0,4.0,1.0,1.0,2.0,1.0,1.0,3.0,2.0,2.0,1.0,2.0,1.0,2.0,3.0,2.0,2.0,1,0.0,0
22,24,Female,Gold,Bachelor,29,6,333,2.0,4.0,1.0,4.0,3.0,3.0,3.0,2.0,1.0,3.0,2.0,3.0,1.0,4.0,2.0,2.0,3.0,2.0,4.0,2.0,5.0,6.0,4.0,6.0,6.0,3.0,6.0,4.0,4.0,3.0,6.0,4.0,4.0,4.0,3.0,2.0,3.0,4.0,4.0,1.0,4.0,4.0,2.0,4.0,4.0,1.0,2.0,1.0,2.0,2.0,4.0,1.0,4.0,4.0,4.0,6.0,3.0,3.0,4.0,2.0,2.0,3.0,4.0,1.0,5.0,4.0,4.0,2.0,6.0,4.0,5.0,6.0,6.0,2.0,3.0,3.0,1.0,4.0,5.0,6.0,1.0,3.0,6.0,4.0,2.0,5.0,1.0,1.0,1.0,1.0,3.0,2.0,3.0,1.0,1.0,1.0,2.0,2.0,4.0,2.0,1.0,3.0,2.0,3.0,1.0,2.0,3.0,2.0,1,0.0,0
23,21,Male,Bourse,Master,16,7,182,2.0,4.0,2.0,2.0,4.0,2.0,1.0,2.0,1.0,3.0,3.0,2.0,3.0,3.0,2.0,2.0,2.0,3.0,2.0,4.0,4.0,6.0,6.0,3.0,6.0,4.0,2.0,5.0,5.0,4.0,5.0,3.0,6.0,2.0,2.0,2.0,1.0,3.0,2.0,2.0,4.0,5.0,2.0,2.0,3.0,1.0,4.0,5.0,4.0,1.0,2.0,3.0,2.0,1.0,4.0,4.0,6.0,2.0,6.0,2.0,2.0,6.0,5.0,5.0,2.0,4.0,1.0,4.0,2.0,5.0,2.0,4.0,3.0,4.0,3.0,5.0,1.0,3.0,1.0,3.0,3.0,3.0,1.0,2.0,3.0,2.0,2.0,3.0,2.0,2.0,1.0,2.0,4.0,1.0,3.0,1.0,1.0,2.0,4.0,1.0,5.0,1.0,1.0,4.0,3.0,3.0,2.0,1.0,1,0.0,0
24,28,Female,Crypto,Bachelor,99,17,474,3.0,2.0,2.0,1.0,4.0,1.0,1.0,2.0,3.0,2.0,2.0,1.0,4.0,1.0,4.0,2.0,4.0,1.0,3.0,1.0,4.0,5.0,5.0,6.0,6.0,3.0,4.0,4.0,4.0,6.0,5.0,3.0,2.0,3.0,3.0,4.0,3.0,4.0,2.0,2.0,5.0,6.0,3.0,6.0,2.0,4.0,4.0,6.0,3.0,4.0,3.0,1.0,1.0,2.0,3.0,6.0,2.0,4.0,4.0,2.0,1.0,5.0,2.0,2.0,2.0,2.0,2.0,6.0,3.0,4.0,4.0,4.0,3.0,2.0,2.0,3.0,2.0,2.0,4.0,4.0,2.0,1.0,2.0,2.0,3.0,3.0,1.0,4.0,2.0,1.0,3.0,1.0,3.0,3.0,2.0,1.0,2.0,2.0,1.0,2.0,3.0,1.0,1.0,5.0,4.0,2.0,4.0,5.0,1,0.0,0
25,37,Male,Bourse,Bachelor,34,12,125,2.0,4.0,2.0,3.0,2.0,3.0,1.0,4.0,1.0,2.0,3.0,4.0,3.0,3.0,1.0,3.0,1.0,4.0,1.0,4.0,4.0,6.0,6.0,4.0,3.0,6.0,3.0,2.0,4.0,6.0,5.0,6.0,5.0,5.0,2.0,2.0,4.0,3.0,6.0,4.0,5.0,6.0,3.0,4.0,3.0,5.0,3.0,5.0,5.0,2.0,4.0,2.0,5.0,5.0,4.0,2.0,5.0,3.0,5.0,4.0,6.0,4.0,3.0,5.0,3.0,3.0,2.0,4.0,5.0,2.0,4.0,4.0,1.0,4.0,2.0,4.0,2.0,2.0,5.0,2.0,2.0,4.0,2.0,2.0,1.0,2.0,3.0,3.0,1.0,1.0,2.0,3.0,3.0,2.0,1.0,3.0,1.0,2.0,5.0,2.0,1.0,2.0,2.0,5.0,2.0,5.0,5.0,5.0,1,0.0,0
26,23,Male,Bourse,Bachelor,38,10,1350,2.0,2.0,1.0,1.0,3.0,2.0,1.0,3.0,2.0,2.0,2.0,2.0,4.0,2.0,3.0,2.0,4.0,2.0,3.0,2.0,6.0,3.0,6.0,3.0,5.0,6.0,3.0,4.0,5.0,6.0,5.0,3.0,5.0,5.0,2.0,3.0,4.0,5.0,4.0,3.0,1.0,2.0,4.0,1.0,3.0,4.0,3.0,2.0,2.0,2.0,4.0,2.0,6.0,3.0,2.0,3.0,3.0,1.0,3.0,2.0,6.0,4.0,4.0,5.0,4.0,2.0,2.0,3.0,5.0,5.0,3.0,3.0,4.0,3.0,2.0,1.0,4.0,2.0,3.0,1.0,3.0,3.0,1.0,2.0,4.0,3.0,5.0,6.0,2.0,2.0,2.0,4.0,2.0,3.0,3.0,2.0,1.0,5.0,2.0,2.0,1.0,1.0,2.0,5.0,2.0,4.0,1.0,2.0,1,0.0,0
27,36,Male,Bourse,Other,11,7,492,1.0,3.0,2.0,3.0,3.0,2.0,2.0,2.0,1.0,2.0,3.0,3.0,2.0,2.0,4.0,3.0,3.0,1.0,3.0,2.0,4.0,2.0,6.0,2.0,5.0,2.0,3.0,6.0,4.0,4.0,1.0,3.0,6.0,4.0,1.0,4.0,5.0,5.0,2.0,2.0,4.0,5.0,6.0,3.0,3.0,3.0,6.0,4.0,2.0,4.0,2.0,3.0,2.0,3.0,1.0,2.0,2.0,3.0,3.0,4.0,4.0,2.0,2.0,4.0,3.0,4.0,2.0,3.0,3.0,3.0,2.0,1.0,3.0,3.0,1.0,4.0,2.0,3.0,2.0,2.0,3.0,1.0,2.0,1.0,1.0,1.0,2.0,1.0,2.0,4.0,1.0,3.0,3.0,3.0,4.0,1.0,1.0,2.0,1.0,2.0,3.0,2.0,3.0,3.0,2.0,3.0,5.0,2.0,1,0.0,0
28,37,Female,Bourse,Master,45,10,1112,3.0,3.0,3.0,,2.0,,,4.0,2.0,2.0,3.0,3.0,2.0,3.0,2.0,1.0,3.0,2.0,,,,2.0,3.0,1.0,2.0,,,,,3.0,2.0,1.0,2.0,1.0,2.0,2.0,2.0,,1.0,2.0,2.0,,3.0,2.0,,,,1.0,3.0,,3.0,2.0,3.0,1.0,,,,2.0,1.0,3.0,2.0,1.0,3.0,2.0,1.0,,2.0,1.0,,,1.0,2.0,,2.0,,2.0,,,1.0,2.0,1.0,,2.0,2.0,,1.0,1.0,,,,1.0,2.0,1.0,1.0,,3.0,,,2.0,1.0,1.0,1.0,1.0,1.0,3.0,2.0,2.0,,1,0.324,0
29,24,Female,Bourse,Bachelor,20,14,432,4.0,2.0,4.0,1.0,4.0,1.0,3.0,1.0,3.0,1.0,4.0,1.0,4.0,1.0,4.0,1.0,4.0,1.0,4.0,1.0,2.0,5.0,5.0,2.0,1.0,4.0,3.0,1.0,3.0,1.0,2.0,1.0,1.0,1.0,4.0,4.0,3.0,5.0,2.0,2.0,3.0,2.0,2.0,4.0,3.0,1.0,5.0,3.0,1.0,1.0,2.0,1.0,6.0,1.0,1.0,1.0,1.0,2.0,1.0,3.0,5.0,2.0,2.0,6.0,4.0,2.0,2.0,3.0,2.0,3.0,3.0,4.0,4.0,5.0,3.0,2.0,3.0,2.0,1.0,2.0,1.0,1.0,1.0,2.0,1.0,1.0,2.0,1.0,2.0,1.0,1.0,1.0,2.0,2.0,1.0,1.0,1.0,1.0,1.0,1.0,1.0,2.0,1.0,1.0,2.0,2.0,2.0,1.0,1,0.0,0
30,23,Male,Bourse,Bachelor,14,2,1180,2.0,2.0,4.0,3.0,4.0,4.0,2.0,3.0,3.0,4.0,1.0,2.0,2.0,2.0,1.0,2.0,2.0,1.0,3.0,1.0,5.0,3.0,2.0,4.0,3.0,5.0,2.0,2.0,2.0,2.0,5.0,2.0,4.0,5.0,5.0,5.0,4.0,3.0,2.0,2.0,2.0,3.0,5.0,3.0,3.0,3.0,3.0,3.0,6.0,2.0,2.0,4.0,2.0,2.0,1.0,2.0,5.0,4.0,1.0,2.0,2.0,2.0,1.0,3.0,1.0,2.0,5.0,1.0,3.0,4.0,2.0,2.0,1.0,1.0,3.0,1.0,3.0,2.0,1.0,3.0,2.0,1.0,2.0,2.0,1.0,2.0,2.0,1.0,1.0,3.0,2.0,2.0,2.0,1.0,1.0,2.0,1.0,1.0,1.0,1.0,2.0,3.0,2.0,2.0,2.0,3.0,2.0,3.0,1,0.0,0
31,41,Male,Gold,Diploma,50,5,334,3.0,2.0,3.0,3.0,2.0,4.0,1.0,3.0,2.0,2.0,3.0,3.0,1.0,4.0,3.0,2.0,2.0,2.0,3.0,1.0,4.0,6.0,6.0,6.0,6.0,5.0,3.0,3.0,4.0,2.0,3.0,4.0,3.0,5.0,5.0,4.0,5.0,4.0,3.0,3.0,5.0,1.0,2.0,5.0,6.0,2.0,3.0,2.0,3.0,6.0,2.0,5.0,2.0,1.0,4.0,3.0,3.0,4.0,3.0,2.0,4.0,6.0,4.0,3.0,3.0,4.0,3.0,1.0,2.0,5.0,3.0,3.0,5.0,3.0,3.0,4.0,2.0,3.0,2.0,4.0,1.0,3.0,2.0,2.0,2.0,3.0,6.0,4.0,3.0,1.0,4.0,4.0,1.0,1.0,6.0,1.0,5.0,2.0,3.0,2.0,2.0,5.0,1.0,2.0,2.0,2.0,5.0,3.0,1,0.0,0
32,23,Male,Crypto,Bachelor,18,7,50,2.0,2.0,2.0,2.0,2.0,2.0,2.0,2.0,2.0,2.0,2.0,2.0,2.0,2.0,2.0,2.0,2.0,2.0,2.0,2.0,2.0,2.0,2.0,2.0,2.0,2.0,2.0,2.0,2.0,2.0,2.0,2.0,2.0,2.0,2.0,2.0,2.0,2.0,2.0,2.0,2.0,2.0,2.0,2.0,2.0,2.0,2.0,2.0,2.0,2.0,2.0,2.0,2.0,2.0,2.0,2.0,2.0,2.0,2.0,2.0,2.0,2.0,2.0,2.0,2.0,2.0,2.0,2.0,2.0,2.0,2.0,2.0,2.0,2.0,2.0,2.0,2.0,2.0,2.0,2.0,2.0,2.0,2.0,2.0,2.0,2.0,2.0,2.0,2.0,2.0,2.0,2.0,2.0,2.0,2.0,2.0,2.0,2.0,2.0,2.0,2.0,2.0,2.0,2.0,2.0,2.0,2.0,2.0,1,0.0,0
33,39,Male,Bourse,Diploma,4,6,929,3.0,3.0,3.0,3.0,1.0,4.0,1.0,3.0,2.0,2.0,2.0,2.0,2.0,2.0,2.0,1.0,4.0,2.0,2.0,2.0,3.0,3.0,3.0,2.0,4.0,2.0,3.0,2.0,3.0,4.0,3.0,5.0,1.0,3.0,2.0,3.0,2.0,2.0,5.0,2.0,5.0,5.0,2.0,6.0,3.0,2.0,2.0,2.0,2.0,4.0,4.0,3.0,2.0,1.0,1.0,2.0,2.0,2.0,3.0,3.0,1.0,2.0,3.0,2.0,4.0,4.0,5.0,3.0,5.0,1.0,2.0,2.0,2.0,4.0,3.0,4.0,3.0,6.0,2.0,6.0,1.0,2.0,2.0,3.0,1.0,2.0,3.0,2.0,3.0,2.0,3.0,1.0,3.0,1.0,5.0,3.0,1.0,3.0,4.0,4.0,4.0,5.0,2.0,4.0,3.0,4.0,2.0,3.0,1,0.0,0
34,28,Female,Forex,Master,17,6,622,2.0,1.0,2.0,2.0,4.0,2.0,3.0,4.0,4.0,1.0,2.0,2.0,3.0,1.0,3.0,2.0,4.0,2.0,2.0,1.0,1.0,4.0,3.0,1.0,1.0,2.0,6.0,2.0,3.0,5.0,2.0,3.0,6.0,3.0,3.0,2.0,4.0,3.0,3.0,1.0,3.0,3.0,5.0,3.0,1.0,3.0,4.0,4.0,2.0,1.0,1.0,1.0,1.0,1.0,4.0,3.0,1.0,3.0,2.0,2.0,1.0,3.0,3.0,3.0,3.0,2.0,3.0,1.0,4.0,1.0,3.0,1.0,2.0,1.0,1.0,2.0,1.0,1.0,1.0,2.0,2.0,1.0,1.0,1.0,3.0,3.0,1.0,1.0,2.0,2.0,5.0,1.0,2.0,3.0,2.0,1.0,1.0,4.0,3.0,1.0,1.0,2.0,1.0,1.0,2.0,2.0,1.0,2.0,1,0.0,0
35,31,Female,Forex,Diploma,58,4,500,2.0,4.0,1.0,3.0,1.0,2.0,1.0,3.0,2.0,4.0,2.0,3.0,1.0,3.0,1.0,4.0,1.0,3.0,1.0,3.0,4.0,2.0,2.0,3.0,4.0,1.0,4.0,2.0,4.0,3.0,6.0,4.0,3.0,3.0,3.0,5.0,1.0,2.0,5.0,2.0,2.0,3.0,2.0,2.0,4.0,4.0,3.0,3.0,1.0,5.0,2.0,3.0,1.0,3.0,3.0,2.0,1.0,4.0,4.0,1.0,3.0,3.0,1.0,2.0,2.0,2.0,3.0,5.0,4.0,3.0,4.0,1.0,4.0,1.0,4.0,1.0,1.0,2.0,3.0,4.0,1.0,1.0,2.0,4.0,3.0,2.0,2.0,2.0,2.0,1.0,1.0,3.0,1.0,2.0,2.0,4.0,5.0,3.0,4.0,5.0,4.0,5.0,2.0,2.0,4.0,5.0,5.0,5.0,1,0.0,0
36,23,Male,Crypto,Master,40,32,132,3.0,2.0,2.0,3.0,4.0,2.0,2.0,3.0,2.0,3.0,3.0,1.0,4.0,2.0,2.0,2.0,3.0,2.0,2.0,2.0,6.0,4.0,6.0,2.0,1.0,3.0,2.0,4.0,4.0,4.0,2.0,2.0,5.0,6.0,4.0,2.0,5.0,5.0,5.0,2.0,4.0,2.0,3.0,3.0,3.0,2.0,4.0,4.0,6.0,4.0,5.0,3.0,3.0,2.0,4.0,2.0,3.0,3.0,1.0,4.0,2.0,4.0,2.0,1.0,4.0,3.0,3.0,1.0,4.0,2.0,2.0,1.0,3.0,2.0,1.0,2.0,1.0,2.0,3.0,3.0,3.0,3.0,2.0,2.0,3.0,2.0,1.0,1.0,1.0,2.0,3.0,1.0,2.0,1.0,1.0,1.0,2.0,4.0,2.0,1.0,1.0,2.0,2.0,4.0,1.0,2.0,2.0,2.0,1,0.0,0
37,32,Female,Bourse,Bachelor,22,2,377,3.0,3.0,3.0,3.0,3.0,3.0,3.0,3.0,3.0,3.0,3.0,3.0,3.0,3.0,3.0,3.0,3.0,3.0,3.0,3.0,3.0,3.0,3.0,3.0,3.0,3.0,3.0,3.0,3.0,3.0,3.0,3.0,3.0,3.0,3.0,3.0,3.0,3.0,3.0,3.0,3.0,3.0,3.0,3.0,3.0,3.0,3.0,3.0,3.0,3.0,3.0,3.0,3.0,3.0,3.0,3.0,3.0,3.0,3.0,3.0,3.0,3.0,3.0,3.0,3.0,3.0,3.0,3.0,3.0,3.0,3.0,3.0,3.0,3.0,3.0,3.0,3.0,3.0,3.0,3.0,3.0,3.0,3.0,3.0,3.0,3.0,3.0,3.0,3.0,3.0,3.0,3.0,3.0,3.0,3.0,2.0,2.0,2.0,2.0,2.0,2.0,2.0,2.0,2.0,2.0,2.0,2.0,2.0,1,0.0,1
38,32,Male,Gold,Bachelor,30,4,779,2.0,3.0,3.0,1.0,4.0,2.0,3.0,2.0,1.0,1.0,3.0,3.0,3.0,1.0,1.0,1.0,2.0,2.0,2.0,1.0,2.0,2.0,4.0,3.0,2.0,4.0,2.0,3.0,1.0,5.0,2.0,1.0,2.0,1.0,1.0,2.0,1.0,1.0,2.0,1.0,1.0,2.0,3.0,2.0,3.0,2.0,3.0,1.0,4.0,1.0,1.0,2.0,1.0,1.0,2.0,1.0,3.0,4.0,1.0,2.0,2.0,2.0,2.0,3.0,1.0,3.0,4.0,5.0,3.0,2.0,2.0,5.0,4.0,1.0,4.0,2.0,3.0,3.0,3.0,1.0,1.0,2.0,1.0,1.0,1.0,2.0,4.0,1.0,1.0,2.0,5.0,3.0,1.0,2.0,2.0,4.0,1.0,2.0,1.0,1.0,3.0,3.0,2.0,3.0,1.0,2.0,1.0,2.0,1,0.0,0
39,29,Female,Bourse,Bachelor,26,6,221,2.0,2.0,2.0,2.0,2.0,3.0,2.0,3.0,2.0,3.0,1.0,4.0,2.0,3.0,4.0,3.0,2.0,2.0,2.0,3.0,4.0,4.0,6.0,3.0,4.0,4.0,4.0,4.0,5.0,6.0,3.0,5.0,3.0,2.0,3.0,5.0,5.0,5.0,2.0,4.0,6.0,6.0,2.0,3.0,3.0,5.0,6.0,3.0,3.0,3.0,5.0,2.0,1.0,4.0,2.0,6.0,6.0,2.0,3.0,5.0,5.0,3.0,2.0,3.0,1.0,2.0,2.0,2.0,2.0,2.0,4.0,2.0,3.0,4.0,3.0,3.0,5.0,2.0,5.0,3.0,4.0,2.0,3.0,1.0,2.0,2.0,3.0,4.0,5.0,3.0,3.0,2.0,4.0,2.0,4.0,5.0,1.0,3.0,4.0,5.0,1.0,2.0,4.0,5.0,3.0,5.0,4.0,5.0,1,0.0,0
40,37,Male,Bourse,Bachelor,35,1,322,2.0,3.0,1.0,3.0,1.0,2.0,2.0,4.0,2.0,3.0,2.0,2.0,1.0,3.0,2.0,2.0,2.0,3.0,1.0,2.0,4.0,5.0,5.0,4.0,2.0,5.0,5.0,5.0,4.0,3.0,4.0,5.0,5.0,3.0,2.0,3.0,3.0,4.0,4.0,2.0,3.0,2.0,4.0,1.0,1.0,2.0,3.0,2.0,3.0,1.0,5.0,3.0,2.0,5.0,2.0,3.0,5.0,4.0,1.0,3.0,1.0,3.0,2.0,6.0,4.0,2.0,2.0,1.0,1.0,1.0,5.0,2.0,4.0,2.0,1.0,2.0,1.0,2.0,1.0,2.0,5.0,4.0,3.0,2.0,3.0,2.0,2.0,1.0,2.0,1.0,1.0,1.0,1.0,1.0,6.0,2.0,2.0,1.0,2.0,2.0,2.0,1.0,1.0,1.0,2.0,2.0,1.0,2.0,1,0.0,0
41,37,Male,Forex,Bachelor,7,3,393,2.0,3.0,2.0,4.0,1.0,3.0,2.0,2.0,2.0,2.0,2.0,3.0,4.0,2.0,2.0,2.0,2.0,2.0,2.0,2.0,2.0,5.0,6.0,6.0,5.0,3.0,6.0,6.0,5.0,5.0,6.0,6.0,4.0,6.0,6.0,2.0,4.0,4.0,4.0,2.0,4.0,3.0,4.0,6.0,2.0,5.0,2.0,6.0,3.0,3.0,3.0,4.0,3.0,2.0,1.0,2.0,6.0,1.0,3.0,2.0,6.0,6.0,5.0,3.0,3.0,5.0,3.0,5.0,4.0,2.0,5.0,6.0,2.0,4.0,5.0,4.0,1.0,4.0,3.0,5.0,2.0,3.0,2.0,1.0,3.0,2.0,4.0,2.0,1.0,3.0,2.0,1.0,2.0,3.0,2.0,1.0,1.0,1.0,2.0,2.0,1.0,1.0,3.0,2.0,1.0,4.0,1.0,2.0,1,0.0,0
42,35,Male,Gold,Master,23,6,350,2.0,2.0,3.0,1.0,3.0,2.0,2.0,1.0,3.0,1.0,4.0,1.0,3.0,1.0,3.0,2.0,4.0,2.0,4.0,1.0,4.0,5.0,4.0,6.0,4.0,4.0,6.0,4.0,3.0,4.0,2.0,3.0,4.0,2.0,6.0,2.0,3.0,2.0,5.0,2.0,6.0,3.0,3.0,3.0,3.0,6.0,6.0,6.0,2.0,2.0,3.0,3.0,5.0,2.0,1.0,1.0,1.0,2.0,1.0,2.0,3.0,3.0,3.0,4.0,3.0,3.0,5.0,6.0,5.0,6.0,4.0,5.0,3.0,3.0,4.0,5.0,1.0,3.0,3.0,4.0,1.0,2.0,1.0,1.0,4.0,6.0,2.0,1.0,6.0,3.0,5.0,5.0,4.0,2.0,3.0,4.0,1.0,2.0,2.0,1.0,2.0,1.0,2.0,3.0,3.0,4.0,5.0,1.0,1,0.0,0
43,41,Female,Crypto,Master,47,6,61,2.0,2.0,2.0,2.0,2.0,2.0,2.0,2.0,2.0,2.0,2.0,2.0,2.0,2.0,2.0,2.0,2.0,2.0,2.0,2.0,2.0,2.0,2.0,2.0,2.0,2.0,2.0,2.0,2.0,2.0,2.0,2.0,2.0,2.0,2.0,2.0,2.0,2.0,2.0,2.0,2.0,2.0,2.0,2.0,2.0,2.0,2.0,2.0,2.0,2.0,2.0,2.0,2.0,2.0,2.0,2.0,2.0,2.0,2.0,2.0,2.0,2.0,2.0,2.0,2.0,2.0,2.0,2.0,2.0,2.0,2.0,2.0,2.0,2.0,2.0,2.0,2.0,2.0,2.0,2.0,2.0,2.0,2.0,2.0,2.0,2.0,2.0,2.0,2.0,2.0,2.0,2.0,2.0,2.0,2.0,2.0,2.0,2.0,2.0,2.0,2.0,2.0,2.0,2.0,2.0,2.0,2.0,2.0,1,0.0,0
44,36,Male,Bourse,Bachelor,63,2,1068,3.0,4.0,1.0,3.0,2.0,2.0,2.0,2.0,2.0,3.0,2.0,2.0,2.0,2.0,2.0,1.0,1.0,2.0,1.0,4.0,2.0,6.0,6.0,5.0,2.0,4.0,3.0,3.0,5.0,3.0,2.0,2.0,2.0,4.0,3.0,2.0,4.0,5.0,6.0,3.0,6.0,3.0,4.0,4.0,3.0,3.0,1.0,2.0,2.0,1.0,4.0,4.0,3.0,5.0,2.0,3.0,5.0,2.0,2.0,4.0,4.0,3.0,5.0,6.0,5.0,1.0,2.0,1.0,3.0,3.0,1.0,1.0,1.0,1.0,2.0,3.0,1.0,3.0,1.0,3.0,6.0,2.0,3.0,3.0,3.0,3.0,3.0,1.0,1.0,1.0,5.0,4.0,1.0,1.0,3.0,3.0,3.0,2.0,4.0,3.0,2.0,4.0,2.0,5.0,5.0,5.0,4.0,4.0,1,0.0,0
45,22,Male,Gold,Master,48,9,581,2.0,2.0,2.0,1.0,2.0,1.0,2.0,2.0,2.0,3.0,4.0,2.0,3.0,3.0,3.0,2.0,4.0,1.0,2.0,1.0,4.0,5.0,6.0,4.0,4.0,2.0,3.0,1.0,2.0,6.0,2.0,4.0,3.0,4.0,2.0,2.0,3.0,2.0,4.0,3.0,1.0,2.0,2.0,1.0,2.0,4.0,3.0,1.0,3.0,1.0,1.0,1.0,4.0,2.0,3.0,2.0,6.0,2.0,3.0,3.0,2.0,3.0,6.0,3.0,1.0,2.0,2.0,3.0,1.0,2.0,2.0,1.0,1.0,2.0,3.0,1.0,4.0,4.0,1.0,2.0,2.0,4.0,1.0,2.0,3.0,2.0,4.0,1.0,5.0,3.0,1.0,2.0,4.0,2.0,1.0,2.0,1.0,1.0,2.0,2.0,2.0,3.0,1.0,1.0,1.0,1.0,1.0,1.0,1,0.0,0
46,32,Male,Bourse,Diploma,55,8,281,1.0,3.0,3.0,2.0,3.0,3.0,2.0,3.0,1.0,4.0,3.0,1.0,2.0,2.0,2.0,4.0,3.0,3.0,1.0,1.0,4.0,5.0,6.0,5.0,5.0,3.0,3.0,3.0,3.0,3.0,3.0,2.0,3.0,3.0,2.0,4.0,5.0,2.0,4.0,4.0,2.0,3.0,2.0,3.0,1.0,3.0,2.0,6.0,4.0,3.0,5.0,5.0,2.0,3.0,5.0,5.0,3.0,4.0,3.0,6.0,2.0,3.0,4.0,4.0,3.0,2.0,2.0,2.0,1.0,3.0,4.0,3.0,4.0,4.0,1.0,6.0,1.0,4.0,4.0,5.0,2.0,3.0,1.0,4.0,5.0,2.0,3.0,3.0,5.0,4.0,1.0,3.0,2.0,2.0,3.0,1.0,1.0,3.0,1.0,1.0,1.0,2.0,3.0,1.0,2.0,1.0,3.0,2.0,1,0.0,0
47,32,Male,Bourse,Diploma,11,12,543,1.0,3.0,3.0,3.0,3.0,3.0,2.0,3.0,2.0,4.0,2.0,3.0,2.0,3.0,3.0,2.0,4.0,3.0,2.0,2.0,1.0,3.0,3.0,4.0,3.0,2.0,4.0,4.0,1.0,2.0,5.0,4.0,3.0,4.0,1.0,2.0,3.0,5.0,4.0,4.0,3.0,3.0,5.0,6.0,3.0,1.0,5.0,2.0,4.0,1.0,4.0,1.0,1.0,2.0,5.0,3.0,4.0,1.0,2.0,3.0,5.0,2.0,1.0,1.0,1.0,4.0,2.0,3.0,3.0,4.0,2.0,3.0,2.0,2.0,1.0,3.0,1.0,2.0,1.0,3.0,3.0,1.0,2.0,3.0,2.0,4.0,3.0,2.0,4.0,2.0,3.0,5.0,1.0,1.0,4.0,2.0,1.0,1.0,3.0,2.0,2.0,1.0,2.0,2.0,3.0,2.0,3.0,3.0,1,0.0,0
48,24,Male,Crypto,Master,47,4,282,4.0,2.0,3.0,2.0,2.0,2.0,1.0,4.0,3.0,2.0,3.0,2.0,2.0,1.0,3.0,1.0,3.0,1.0,4.0,2.0,3.0,5.0,3.0,1.0,2.0,2.0,2.0,4.0,5.0,6.0,2.0,3.0,3.0,2.0,4.0,4.0,3.0,5.0,4.0,2.0,3.0,2.0,5.0,2.0,3.0,4.0,2.0,4.0,4.0,3.0,2.0,2.0,1.0,2.0,1.0,1.0,3.0,1.0,2.0,5.0,4.0,2.0,1.0,4.0,1.0,4.0,3.0,3.0,2.0,1.0,2.0,6.0,3.0,1.0,1.0,2.0,3.0,3.0,2.0,1.0,2.0,4.0,4.0,3.0,3.0,1.0,5.0,2.0,1.0,4.0,4.0,4.0,2.0,5.0,1.0,3.0,1.0,1.0,2.0,4.0,1.0,1.0,2.0,2.0,2.0,2.0,1.0,3.0,1,0.0,0
49,32,Male,Gold,Other,17,4,341,3.0,,,,4.0,3.0,,1.0,3.0,3.0,4.0,2.0,,,,3.0,,,2.0,2.0,,,5.0,1.0,,2.0,2.0,3.0,5.0,1.0,3.0,,2.0,,1.0,,,,2.0,,3.0,,1.0,2.0,1.0,,3.0,,2.0,,1.0,,1.0,3.0,4.0,,,1.0,2.0,1.0,1.0,1.0,2.0,,2.0,1.0,1.0,,,3.0,,1.0,,,1.0,,,1.0,,1.0,,,2.0,1.0,,1.0,,1.0,,,,3.0,2.0,1.0,3.0,2.0,3.0,2.0,,,,,2.0,4.0,,3.0,,,1,0.444,0
50,29,Female,Bourse,Master,44,9,468,1.0,3.0,1.0,2.0,1.0,3.0,1.0,3.0,1.0,3.0,1.0,3.0,1.0,2.0,1.0,1.0,3.0,4.0,2.0,1.0,1.0,6.0,3.0,6.0,6.0,2.0,6.0,4.0,5.0,6.0,3.0,2.0,2.0,3.0,4.0,2.0,3.0,4.0,1.0,3.0,2.0,3.0,2.0,6.0,2.0,3.0,3.0,3.0,4.0,3.0,2.0,3.0,2.0,3.0,2.0,3.0,6.0,2.0,2.0,5.0,2.0,2.0,4.0,6.0,6.0,3.0,5.0,2.0,2.0,3.0,5.0,5.0,3.0,3.0,4.0,2.0,2.0,4.0,3.0,1.0,2.0,1.0,2.0,4.0,4.0,3.0,2.0,4.0,3.0,1.0,3.0,1.0,2.0,1.0,2.0,2.0,1.0,3.0,4.0,2.0,3.0,4.0,4.0,3.0,5.0,4.0,3.0,3.0,1,0.0,0
51,60,Female,Gold,Master,34,10,352,3.0,2.0,4.0,2.0,2.0,3.0,2.0,3.0,3.0,3.0,4.0,4.0,3.0,2.0,3.0,1.0,4.0,2.0,2.0,3.0,1.0,5.0,5.0,2.0,6.0,2.0,3.0,2.0,2.0,3.0,5.0,3.0,1.0,3.0,2.0,2.0,2.0,2.0,1.0,1.0,2.0,1.0,1.0,2.0,1.0,2.0,1.0,2.0,2.0,2.0,1.0,2.0,2.0,1.0,3.0,3.0,3.0,2.0,4.0,3.0,3.0,3.0,2.0,4.0,3.0,2.0,1.0,3.0,1.0,1.0,1.0,2.0,3.0,1.0,2.0,1.0,2.0,1.0,1.0,1.0,2.0,2.0,3.0,2.0,1.0,2.0,1.0,2.0,3.0,1.0,1.0,4.0,2.0,3.0,1.0,1.0,1.0,3.0,1.0,4.0,3.0,4.0,1.0,3.0,2.0,3.0,1.0,3.0,1,0.0,0
52,31,Male,Forex,Bachelor,43,1,309,3.0,3.0,2.0,2.0,1.0,2.0,2.0,2.0,3.0,4.0,3.0,3.0,3.0,1.0,3.0,2.0,2.0,1.0,2.0,1.0,6.0,2.0,5.0,3.0,5.0,2.0,4.0,2.0,3.0,3.0,5.0,2.0,4.0,3.0,6.0,4.0,5.0,2.0,3.0,4.0,4.0,5.0,2.0,5.0,5.0,3.0,3.0,3.0,3.0,1.0,3.0,3.0,4.0,2.0,3.0,4.0,4.0,2.0,1.0,5.0,5.0,2.0,5.0,5.0,3.0,3.0,2.0,2.0,1.0,2.0,3.0,2.0,3.0,1.0,4.0,3.0,2.0,5.0,3.0,3.0,2.0,2.0,1.0,2.0,2.0,3.0,6.0,1.0,2.0,3.0,2.0,2.0,4.0,1.0,2.0,1.0,1.0,2.0,4.0,2.0,5.0,3.0,4.0,2.0,3.0,2.0,4.0,1.0,1,0.0,0
53,38,Male,Bourse,Bachelor,11,5,290,2.0,2.0,2.0,3.0,3.0,3.0,2.0,2.0,3.0,1.0,2.0,2.0,2.0,1.0,3.0,2.0,2.0,2.0,4.0,1.0,4.0,6.0,5.0,4.0,2.0,5.0,3.0,3.0,5.0,1.0,6.0,6.0,3.0,4.0,4.0,5.0,3.0,6.0,3.0,6.0,6.0,3.0,3.0,4.0,1.0,3.0,5.0,2.0,3.0,3.0,4.0,5.0,2.0,4.0,6.0,2.0,4.0,1.0,4.0,2.0,5.0,5.0,5.0,3.0,5.0,2.0,6.0,6.0,6.0,2.0,6.0,4.0,3.0,3.0,1.0,1.0,3.0,3.0,4.0,2.0,4.0,2.0,4.0,2.0,3.0,2.0,2.0,2.0,3.0,1.0,2.0,4.0,1.0,2.0,4.0,1.0,3.0,1.0,1.0,2.0,1.0,1.0,2.0,2.0,1.0,5.0,2.0,3.0,1,0.0,0
54,46,Female,Bourse,Bachelor,31,1,648,4.0,3.0,3.0,2.0,3.0,2.0,4.0,3.0,2.0,2.0,2.0,3.0,2.0,2.0,3.0,1.0,4.0,1.0,2.0,2.0,3.0,6.0,6.0,5.0,6.0,6.0,3.0,4.0,6.0,6.0,3.0,4.0,5.0,3.0,4.0,2.0,6.0,4.0,3.0,2.0,4.0,2.0,4.0,5.0,3.0,3.0,2.0,3.0,2.0,4.0,3.0,4.0,3.0,2.0,5.0,2.0,4.0,4.0,4.0,4.0,6.0,6.0,1.0,3.0,4.0,2.0,6.0,6.0,4.0,4.0,6.0,5.0,5.0,4.0,3.0,3.0,3.0,3.0,1.0,3.0,3.0,3.0,5.0,3.0,2.0,1.0,3.0,2.0,4.0,1.0,5.0,6.0,1.0,3.0,1.0,3.0,1.0,2.0,1.0,2.0,2.0,1.0,1.0,2.0,1.0,4.0,1.0,2.0,1,0.0,0
55,26,Male,Bourse,Diploma,59,2,235,2.0,4.0,1.0,3.0,2.0,4.0,1.0,2.0,3.0,1.0,3.0,3.0,2.0,2.0,2.0,2.0,2.0,1.0,2.0,3.0,6.0,3.0,6.0,6.0,6.0,6.0,5.0,5.0,5.0,6.0,3.0,4.0,5.0,2.0,6.0,3.0,5.0,2.0,5.0,1.0,5.0,6.0,5.0,4.0,3.0,5.0,2.0,5.0,3.0,3.0,1.0,3.0,5.0,3.0,6.0,3.0,6.0,4.0,4.0,5.0,6.0,6.0,6.0,4.0,4.0,1.0,3.0,2.0,2.0,4.0,2.0,2.0,2.0,3.0,2.0,1.0,1.0,4.0,3.0,1.0,4.0,3.0,1.0,1.0,1.0,2.0,3.0,1.0,1.0,3.0,2.0,1.0,1.0,3.0,2.0,3.0,2.0,3.0,3.0,1.0,2.0,2.0,1.0,2.0,2.0,2.0,4.0,3.0,1,0.0,0
56,55,Male,Forex,Bachelor,68,25,419,2.0,2.0,2.0,2.0,2.0,2.0,2.0,2.0,2.0,2.0,2.0,2.0,2.0,2.0,2.0,2.0,2.0,2.0,2.0,2.0,3.0,3.0,3.0,3.0,3.0,3.0,3.0,3.0,3.0,3.0,3.0,3.0,3.0,3.0,3.0,3.0,3.0,3.0,3.0,3.0,3.0,3.0,3.0,3.0,3.0,3.0,3.0,3.0,3.0,3.0,3.0,3.0,3.0,3.0,3.0,3.0,3.0,3.0,3.0,3.0,3.0,3.0,3.0,3.0,3.0,3.0,3.0,3.0,3.0,3.0,3.0,3.0,3.0,3.0,3.0,3.0,3.0,3.0,3.0,3.0,3.0,3.0,3.0,3.0,3.0,3.0,3.0,3.0,3.0,3.0,3.0,3.0,3.0,3.0,3.0,3.0,3.0,3.0,3.0,3.0,3.0,3.0,3.0,3.0,3.0,3.0,3.0,3.0,1,0.0,1
57,30,Female,Bourse,Bachelor,7,11,724,2.0,3.0,4.0,1.0,2.0,1.0,1.0,4.0,2.0,3.0,1.0,3.0,2.0,3.0,2.0,2.0,4.0,2.0,2.0,1.0,3.0,6.0,5.0,6.0,5.0,3.0,6.0,2.0,6.0,6.0,3.0,4.0,5.0,3.0,2.0,2.0,4.0,6.0,3.0,3.0,3.0,2.0,4.0,1.0,2.0,3.0,2.0,1.0,2.0,2.0,5.0,2.0,2.0,4.0,4.0,2.0,4.0,1.0,1.0,5.0,4.0,2.0,5.0,2.0,4.0,4.0,4.0,1.0,2.0,3.0,1.0,4.0,6.0,1.0,3.0,6.0,6.0,2.0,1.0,2.0,1.0,1.0,2.0,3.0,4.0,2.0,4.0,2.0,2.0,5.0,3.0,1.0,2.0,1.0,2.0,1.0,4.0,3.0,1.0,3.0,3.0,3.0,3.0,3.0,3.0,2.0,2.0,5.0,1,0.0,0
58,42,Male,Forex,Bachelor,21,10,599,1.0,2.0,2.0,1.0,2.0,3.0,1.0,2.0,3.0,1.0,1.0,1.0,2.0,3.0,4.0,2.0,2.0,4.0,2.0,2.0,4.0,2.0,4.0,6.0,4.0,3.0,1.0,3.0,5.0,4.0,3.0,3.0,2.0,1.0,3.0,4.0,3.0,3.0,5.0,5.0,5.0,6.0,3.0,4.0,3.0,2.0,3.0,3.0,2.0,3.0,3.0,4.0,2.0,6.0,6.0,4.0,4.0,2.0,5.0,3.0,6.0,3.0,5.0,4.0,5.0,2.0,5.0,6.0,4.0,6.0,5.0,5.0,3.0,5.0,1.0,4.0,4.0,4.0,2.0,5.0,3.0,3.0,3.0,2.0,2.0,2.0,1.0,1.0,1.0,3.0,3.0,3.0,3.0,3.0,3.0,2.0,3.0,2.0,2.0,2.0,3.0,4.0,3.0,5.0,4.0,2.0,3.0,3.0,1,0.0,0
59,26,Male,Crypto,Bachelor,13,3,885,3.0,3.0,3.0,3.0,3.0,3.0,3.0,3.0,3.0,3.0,3.0,3.0,3.0,3.0,3.0,3.0,3.0,3.0,3.0,3.0,2.0,2.0,2.0,2.0,2.0,2.0,2.0,2.0,2.0,2.0,2.0,2.0,2.0,2.0,2.0,2.0,2.0,2.0,2.0,2.0,2.0,2.0,2.0,2.0,2.0,2.0,2.0,2.0,2.0,2.0,2.0,2.0,2.0,2.0,2.0,2.0,2.0,2.0,2.0,2.0,2.0,2.0,2.0,2.0,2.0,2.0,2.0,2.0,2.0,2.0,2.0,2.0,2.0,2.0,2.0,2.0,2.0,2.0,2.0,2.0,2.0,2.0,2.0,2.0,2.0,2.0,2.0,2.0,2.0,2.0,2.0,2.0,2.0,2.0,2.0,3.0,3.0,3.0,3.0,3.0,3.0,3.0,3.0,3.0,3.0,3.0,3.0,3.0,1,0.0,1
60,21,Male,Forex,Bachelor,61,12,240,4.0,1.0,4.0,3.0,2.0,2.0,2.0,1.0,2.0,3.0,4.0,1.0,4.0,2.0,4.0,1.0,3.0,1.0,3.0,1.0,1.0,1.0,6.0,2.0,4.0,2.0,2.0,3.0,2.0,3.0,4.0,2.0,2.0,1.0,2.0,2.0,5.0,4.0,3.0,3.0,6.0,4.0,4.0,5.0,4.0,4.0,4.0,3.0,4.0,3.0,1.0,2.0,5.0,4.0,4.0,2.0,1.0,4.0,6.0,2.0,2.0,5.0,3.0,4.0,1.0,4.0,6.0,3.0,4.0,3.0,4.0,5.0,3.0,4.0,2.0,4.0,6.0,2.0,2.0,6.0,1.0,2.0,1.0,2.0,1.0,2.0,1.0,2.0,1.0,1.0,1.0,2.0,3.0,3.0,1.0,1.0,1.0,1.0,2.0,1.0,5.0,3.0,3.0,1.0,3.0,2.0,2.0,2.0,1,0.0,0
61,25,Male,Crypto,Other,36,4,607,1.0,4.0,1.0,4.0,2.0,2.0,1.0,3.0,1.0,3.0,1.0,4.0,3.0,3.0,2.0,3.0,1.0,4.0,2.0,3.0,6.0,6.0,4.0,5.0,5.0,5.0,6.0,3.0,6.0,3.0,3.0,6.0,5.0,6.0,5.0,4.0,6.0,3.0,6.0,5.0,5.0,3.0,6.0,1.0,5.0,5.0,5.0,6.0,3.0,3.0,6.0,5.0,3.0,6.0,5.0,6.0,4.0,5.0,4.0,2.0,6.0,5.0,4.0,4.0,6.0,4.0,5.0,3.0,3.0,5.0,6.0,2.0,2.0,3.0,5.0,4.0,1.0,3.0,4.0,2.0,1.0,5.0,6.0,3.0,1.0,2.0,2.0,1.0,1.0,5.0,2.0,5.0,3.0,2.0,4.0,1.0,5.0,1.0,2.0,2.0,2.0,2.0,2.0,2.0,2.0,1.0,1.0,5.0,1,0.0,0
62,27,Male,Crypto,Diploma,26,13,600,4.0,2.0,4.0,2.0,4.0,2.0,3.0,2.0,3.0,1.0,2.0,1.0,3.0,2.0,3.0,1.0,2.0,1.0,3.0,1.0,4.0,2.0,5.0,1.0,2.0,4.0,4.0,5.0,3.0,2.0,2.0,4.0,3.0,3.0,1.0,6.0,4.0,5.0,6.0,2.0,3.0,6.0,5.0,2.0,2.0,3.0,4.0,1.0,2.0,5.0,2.0,3.0,3.0,2.0,2.0,3.0,6.0,4.0,2.0,2.0,5.0,2.0,5.0,1.0,4.0,2.0,3.0,3.0,3.0,2.0,1.0,2.0,5.0,3.0,4.0,1.0,3.0,2.0,3.0,2.0,2.0,3.0,6.0,1.0,1.0,1.0,2.0,3.0,2.0,1.0,3.0,1.0,4.0,3.0,2.0,2.0,4.0,1.0,1.0,5.0,1.0,3.0,2.0,3.0,4.0,5.0,2.0,3.0,1,0.0,0
63,46,Female,Crypto,Master,10,5,757,4.0,2.0,2.0,1.0,2.0,2.0,2.0,2.0,1.0,2.0,3.0,3.0,3.0,3.0,4.0,1.0,4.0,3.0,2.0,1.0,2.0,3.0,4.0,4.0,3.0,6.0,3.0,2.0,2.0,6.0,6.0,4.0,3.0,3.0,5.0,1.0,3.0,2.0,1.0,1.0,2.0,3.0,1.0,3.0,4.0,1.0,3.0,2.0,1.0,1.0,2.0,3.0,2.0,2.0,4.0,4.0,1.0,4.0,6.0,1.0,4.0,5.0,6.0,4.0,6.0,4.0,4.0,5.0,5.0,3.0,3.0,2.0,3.0,6.0,3.0,3.0,5.0,3.0,4.0,3.0,3.0,2.0,2.0,1.0,3.0,3.0,1.0,5.0,4.0,2.0,4.0,2.0,2.0,1.0,1.0,1.0,2.0,1.0,3.0,1.0,3.0,2.0,3.0,2.0,2.0,3.0,3.0,2.0,1,0.0,0
64,25,Male,Gold,Diploma,41,15,41,2.0,2.0,2.0,2.0,2.0,2.0,2.0,2.0,2.0,2.0,2.0,2.0,2.0,2.0,2.0,2.0,2.0,2.0,2.0,2.0,2.0,2.0,2.0,2.0,2.0,2.0,2.0,2.0,2.0,2.0,2.0,2.0,2.0,2.0,2.0,2.0,2.0,2.0,2.0,2.0,2.0,2.0,2.0,2.0,2.0,2.0,2.0,2.0,2.0,2.0,2.0,2.0,2.0,2.0,2.0,2.0,2.0,2.0,2.0,2.0,2.0,2.0,2.0,2.0,2.0,2.0,2.0,2.0,2.0,2.0,2.0,2.0,2.0,2.0,2.0,2.0,2.0,2.0,2.0,2.0,2.0,2.0,2.0,2.0,2.0,2.0,2.0,2.0,2.0,2.0,2.0,2.0,2.0,2.0,2.0,2.0,2.0,2.0,2.0,2.0,2.0,2.0,2.0,2.0,2.0,2.0,2.0,2.0,1,0.0,0
65,24,Male,Bourse,Bachelor,51,3,482,2.0,3.0,2.0,3.0,3.0,3.0,2.0,2.0,1.0,2.0,2.0,3.0,1.0,1.0,1.0,3.0,2.0,3.0,2.0,2.0,5.0,6.0,4.0,5.0,4.0,6.0,4.0,4.0,4.0,6.0,4.0,6.0,6.0,6.0,6.0,4.0,3.0,4.0,6.0,2.0,5.0,6.0,1.0,3.0,4.0,3.0,3.0,3.0,3.0,2.0,4.0,4.0,2.0,3.0,2.0,6.0,1.0,6.0,5.0,5.0,1.0,3.0,5.0,3.0,4.0,3.0,2.0,4.0,4.0,3.0,4.0,2.0,4.0,4.0,5.0,2.0,3.0,3.0,3.0,6.0,5.0,3.0,4.0,2.0,2.0,3.0,5.0,1.0,1.0,4.0,1.0,4.0,5.0,3.0,2.0,2.0,4.0,2.0,4.0,3.0,5.0,3.0,4.0,3.0,2.0,3.0,3.0,2.0,1,0.0,0
66,25,Female,Crypto,Bachelor,65,19,1076,3.0,3.0,3.0,3.0,3.0,3.0,3.0,3.0,3.0,3.0,3.0,3.0,3.0,3.0,3.0,3.0,3.0,3.0,3.0,3.0,3.0,3.0,3.0,3.0,3.0,3.0,3.0,3.0,3.0,3.0,3.0,3.0,3.0,3.0,3.0,3.0,3.0,3.0,3.0,3.0,3.0,3.0,3.0,3.0,3.0,3.0,3.0,3.0,3.0,3.0,3.0,3.0,3.0,3.0,3.0,3.0,3.0,3.0,3.0,3.0,3.0,3.0,3.0,3.0,3.0,3.0,3.0,3.0,3.0,3.0,3.0,3.0,3.0,3.0,3.0,3.0,3.0,3.0,3.0,3.0,3.0,3.0,3.0,3.0,3.0,3.0,3.0,3.0,3.0,3.0,3.0,3.0,3.0,3.0,3.0,3.0,3.0,3.0,3.0,3.0,3.0,3.0,3.0,3.0,3.0,3.0,3.0,3.0,1,0.0,1
67,44,Female,Bourse,Master,20,17,756,2.0,2.0,2.0,3.0,4.0,1.0,1.0,4.0,2.0,2.0,2.0,2.0,2.0,1.0,2.0,1.0,2.0,2.0,1.0,1.0,4.0,5.0,6.0,4.0,6.0,4.0,4.0,4.0,2.0,6.0,4.0,5.0,4.0,2.0,2.0,3.0,2.0,5.0,4.0,4.0,5.0,3.0,4.0,5.0,5.0,4.0,2.0,2.0,3.0,3.0,2.0,3.0,3.0,4.0,2.0,4.0,1.0,1.0,4.0,3.0,4.0,3.0,2.0,6.0,3.0,2.0,3.0,2.0,5.0,5.0,3.0,3.0,3.0,2.0,5.0,6.0,3.0,2.0,1.0,1.0,5.0,1.0,6.0,2.0,2.0,3.0,3.0,3.0,3.0,2.0,2.0,2.0,3.0,2.0,2.0,3.0,1.0,1.0,1.0,4.0,3.0,3.0,3.0,1.0,1.0,3.0,1.0,1.0,1,0.0,0
68,31,Male,Crypto,Bachelor,58,3,398,3.0,1.0,1.0,2.0,4.0,4.0,3.0,2.0,4.0,1.0,1.0,2.0,4.0,1.0,1.0,1.0,4.0,1.0,4.0,2.0,5.0,6.0,6.0,5.0,2.0,6.0,5.0,2.0,3.0,3.0,6.0,6.0,5.0,5.0,3.0,6.0,6.0,4.0,6.0,5.0,5.0,5.0,4.0,5.0,3.0,6.0,6.0,6.0,2.0,6.0,4.0,2.0,1.0,1.0,2.0,3.0,6.0,4.0,2.0,5.0,2.0,2.0,2.0,2.0,2.0,3.0,2.0,2.0,3.0,4.0,2.0,2.0,2.0,3.0,2.0,3.0,2.0,2.0,5.0,1.0,3.0,3.0,2.0,1.0,1.0,1.0,3.0,4.0,1.0,4.0,2.0,4.0,3.0,4.0,4.0,1.0,3.0,5.0,3.0,1.0,2.0,2.0,3.0,2.0,2.0,3.0,4.0,2.0,1,0.0,0
69,29,Male,Forex,Master,45,9,1255,3.0,2.0,3.0,1.0,2.0,2.0,2.0,3.0,4.0,1.0,3.0,1.0,4.0,1.0,2.0,1.0,3.0,1.0,3.0,2.0,4.0,6.0,6.0,6.0,3.0,3.0,3.0,6.0,5.0,6.0,6.0,3.0,6.0,3.0,3.0,4.0,5.0,4.0,6.0,4.0,6.0,4.0,5.0,5.0,4.0,4.0,4.0,4.0,4.0,6.0,6.0,4.0,3.0,4.0,5.0,2.0,2.0,3.0,4.0,5.0,2.0,3.0,4.0,5.0,4.0,3.0,3.0,5.0,5.0,3.0,2.0,3.0,2.0,3.0,3.0,2.0,3.0,2.0,6.0,3.0,3.0,3.0,5.0,5.0,3.0,3.0,3.0,2.0,5.0,5.0,1.0,2.0,4.0,2.0,6.0,2.0,1.0,1.0,2.0,2.0,2.0,1.0,1.0,1.0,2.0,1.0,1.0,1.0,1,0.0,0
70,28,Male,Bourse,Master,24,1,501,3.0,2.0,2.0,1.0,3.0,2.0,2.0,2.0,1.0,1.0,4.0,2.0,4.0,1.0,4.0,1.0,3.0,1.0,4.0,2.0,3.0,2.0,1.0,3.0,1.0,2.0,2.0,2.0,1.0,1.0,4.0,2.0,1.0,2.0,3.0,6.0,3.0,3.0,1.0,1.0,2.0,4.0,3.0,1.0,5.0,3.0,2.0,2.0,2.0,1.0,3.0,2.0,1.0,1.0,1.0,1.0,2.0,1.0,2.0,3.0,2.0,1.0,2.0,2.0,3.0,1.0,1.0,3.0,2.0,1.0,1.0,1.0,1.0,1.0,1.0,1.0,1.0,1.0,1.0,1.0,1.0,2.0,1.0,1.0,1.0,4.0,1.0,1.0,2.0,1.0,1.0,2.0,1.0,3.0,2.0,1.0,1.0,1.0,2.0,1.0,1.0,2.0,2.0,2.0,2.0,2.0,1.0,2.0,1,0.0,0
71,62,Male,Crypto,Master,62,2,618,2.0,2.0,,4.0,2.0,3.0,2.0,4.0,1.0,2.0,3.0,3.0,,3.0,2.0,1.0,,,2.0,,6.0,,6.0,2.0,,,3.0,3.0,4.0,6.0,4.0,,,4.0,,4.0,,6.0,4.0,4.0,6.0,,,4.0,,,,6.0,5.0,,5.0,,5.0,4.0,,6.0,4.0,3.0,,6.0,,6.0,5.0,5.0,,,,5.0,1.0,4.0,4.0,,,,,,4.0,3.0,,,2.0,4.0,,3.0,2.0,3.0,1.0,,1.0,1.0,2.0,,6.0,2.0,4.0,4.0,5.0,3.0,5.0,2.0,,4.0,,3.0,,3.0,3.0,,1,0.361,0
72,29,Male,Crypto,Master,56,9,767,2.0,2.0,1.0,2.0,2.0,4.0,1.0,4.0,2.0,3.0,2.0,4.0,2.0,3.0,2.0,1.0,2.0,1.0,2.0,2.0,3.0,6.0,5.0,3.0,3.0,4.0,6.0,3.0,2.0,3.0,6.0,5.0,4.0,3.0,6.0,6.0,6.0,4.0,6.0,6.0,4.0,4.0,4.0,3.0,3.0,3.0,6.0,3.0,3.0,4.0,2.0,3.0,3.0,3.0,3.0,2.0,2.0,2.0,2.0,2.0,1.0,3.0,5.0,4.0,2.0,4.0,2.0,2.0,2.0,2.0,3.0,4.0,2.0,2.0,5.0,2.0,3.0,2.0,3.0,1.0,2.0,4.0,5.0,4.0,4.0,4.0,5.0,2.0,2.0,4.0,6.0,4.0,6.0,3.0,4.0,2.0,4.0,2.0,4.0,1.0,1.0,4.0,3.0,3.0,1.0,2.0,2.0,5.0,1,0.0,0
73,30,Male,Forex,Bachelor,40,2,508,2.0,2.0,1.0,3.0,2.0,4.0,2.0,2.0,1.0,2.0,1.0,2.0,1.0,3.0,3.0,1.0,2.0,2.0,2.0,2.0,6.0,6.0,6.0,3.0,4.0,6.0,5.0,2.0,6.0,4.0,3.0,5.0,3.0,3.0,3.0,3.0,6.0,4.0,2.0,5.0,4.0,1.0,1.0,2.0,2.0,2.0,4.0,3.0,2.0,3.0,2.0,4.0,4.0,6.0,2.0,3.0,2.0,4.0,6.0,4.0,2.0,6.0,6.0,2.0,6.0,1.0,2.0,6.0,5.0,4.0,2.0,6.0,2.0,1.0,4.0,3.0,4.0,1.0,5.0,3.0,5.0,1.0,5.0,2.0,2.0,3.0,1.0,2.0,2.0,3.0,2.0,1.0,2.0,2.0,6.0,1.0,1.0,1.0,3.0,2.0,1.0,1.0,2.0,2.0,1.0,1.0,4.0,2.0,1,0.0,0
74,24,Female,Bourse,Master,17,2,250,1.0,2.0,4.0,4.0,2.0,3.0,1.0,2.0,2.0,4.0,2.0,3.0,1.0,2.0,2.0,1.0,4.0,2.0,2.0,2.0,4.0,2.0,4.0,2.0,2.0,2.0,1.0,2.0,1.0,3.0,1.0,2.0,4.0,1.0,4.0,4.0,4.0,4.0,4.0,4.0,2.0,2.0,2.0,1.0,2.0,3.0,6.0,1.0,3.0,1.0,2.0,1.0,1.0,3.0,5.0,4.0,2.0,3.0,3.0,2.0,2.0,5.0,1.0,3.0,1.0,4.0,2.0,2.0,1.0,3.0,2.0,2.0,3.0,1.0,1.0,1.0,3.0,1.0,3.0,1.0,2.0,2.0,1.0,1.0,1.0,1.0,1.0,5.0,3.0,2.0,1.0,1.0,2.0,2.0,1.0,1.0,1.0,1.0,3.0,1.0,1.0,2.0,1.0,3.0,1.0,4.0,3.0,3.0,1,0.0,0
75,21,Male,Bourse,Master,21,10,1297,3.0,3.0,3.0,4.0,3.0,3.0,2.0,3.0,1.0,4.0,1.0,2.0,2.0,3.0,1.0,2.0,2.0,2.0,3.0,2.0,3.0,3.0,3.0,6.0,5.0,3.0,5.0,2.0,6.0,3.0,6.0,4.0,2.0,3.0,4.0,1.0,4.0,3.0,4.0,4.0,5.0,3.0,1.0,3.0,1.0,1.0,6.0,4.0,5.0,2.0,2.0,3.0,4.0,2.0,3.0,3.0,4.0,3.0,2.0,4.0,4.0,5.0,3.0,4.0,4.0,3.0,2.0,3.0,3.0,2.0,5.0,3.0,5.0,3.0,1.0,1.0,2.0,2.0,2.0,2.0,2.0,6.0,3.0,2.0,2.0,4.0,1.0,3.0,1.0,2.0,2.0,2.0,2.0,2.0,4.0,2.0,1.0,2.0,4.0,3.0,3.0,2.0,4.0,4.0,2.0,3.0,2.0,2.0,1,0.0,0
76,35,Male,Forex,Bachelor,72,18,419,1.0,3.0,1.0,3.0,1.0,4.0,2.0,3.0,3.0,2.0,2.0,2.0,2.0,2.0,2.0,3.0,3.0,3.0,2.0,2.0,6.0,4.0,6.0,3.0,4.0,5.0,4.0,6.0,4.0,5.0,4.0,3.0,5.0,3.0,2.0,4.0,3.0,6.0,6.0,2.0,3.0,5.0,5.0,3.0,4.0,3.0,5.0,5.0,5.0,3.0,6.0,4.0,2.0,2.0,4.0,6.0,4.0,5.0,6.0,3.0,5.0,5.0,3.0,4.0,6.0,2.0,4.0,3.0,6.0,6.0,3.0,6.0,4.0,2.0,2.0,5.0,4.0,2.0,6.0,4.0,4.0,1.0,3.0,1.0,1.0,2.0,5.0,4.0,2.0,4.0,3.0,3.0,4.0,3.0,1.0,2.0,1.0,5.0,2.0,2.0,1.0,1.0,1.0,3.0,3.0,2.0,3.0,2.0,1,0.0,0
77,31,Female,Bourse,Bachelor,58,21,387,1.0,4.0,1.0,4.0,2.0,4.0,1.0,3.0,1.0,3.0,2.0,3.0,1.0,4.0,2.0,2.0,2.0,3.0,2.0,4.0,1.0,4.0,3.0,5.0,3.0,4.0,2.0,3.0,3.0,2.0,5.0,5.0,3.0,2.0,2.0,5.0,3.0,6.0,6.0,6.0,3.0,2.0,6.0,3.0,3.0,2.0,6.0,4.0,3.0,6.0,4.0,2.0,1.0,2.0,3.0,2.0,1.0,3.0,2.0,4.0,5.0,3.0,1.0,3.0,6.0,2.0,3.0,5.0,3.0,2.0,2.0,2.0,1.0,2.0,2.0,1.0,2.0,2.0,4.0,2.0,2.0,2.0,1.0,3.0,3.0,6.0,2.0,2.0,2.0,1.0,2.0,2.0,2.0,6.0,2.0,1.0,2.0,2.0,2.0,1.0,2.0,2.0,5.0,2.0,1.0,4.0,4.0,4.0,1,0.0,0
78,21,Male,Crypto,Bachelor,40,3,306,3.0,1.0,2.0,3.0,2.0,2.0,2.0,2.0,2.0,4.0,2.0,4.0,2.0,3.0,2.0,2.0,2.0,2.0,2.0,2.0,4.0,3.0,6.0,3.0,6.0,6.0,5.0,3.0,2.0,6.0,5.0,3.0,3.0,5.0,4.0,4.0,4.0,6.0,3.0,6.0,5.0,5.0,5.0,6.0,3.0,4.0,6.0,5.0,4.0,1.0,4.0,3.0,4.0,6.0,3.0,2.0,2.0,3.0,3.0,2.0,3.0,2.0,3.0,3.0,5.0,4.0,1.0,3.0,3.0,3.0,3.0,2.0,3.0,1.0,6.0,4.0,3.0,1.0,2.0,2.0,4.0,2.0,1.0,2.0,1.0,2.0,3.0,1.0,5.0,1.0,4.0,3.0,5.0,3.0,1.0,2.0,2.0,2.0,5.0,2.0,2.0,2.0,4.0,2.0,2.0,2.0,1.0,1.0,1,0.0,0
79,25,Female,Gold,Bachelor,26,9,653,4.0,,2.0,,4.0,,3.0,2.0,4.0,2.0,4.0,,3.0,1.0,3.0,1.0,4.0,1.0,,1.0,4.0,,,,,2.0,,4.0,,,2.0,2.0,3.0,4.0,5.0,,6.0,,3.0,,4.0,2.0,,,,,4.0,3.0,,,,,3.0,2.0,,1.0,2.0,,,2.0,6.0,,4.0,5.0,,,,,6.0,2.0,,3.0,,,1.0,2.0,2.0,3.0,2.0,,1.0,2.0,,,,2.0,2.0,,,,1.0,,,2.0,3.0,,2.0,3.0,,2.0,3.0,,,,,,5.0,3.0,1,0.463,0
80,38,Female,Crypto,Bachelor,15,2,434,2.0,2.0,3.0,2.0,4.0,3.0,3.0,2.0,3.0,2.0,2.0,1.0,4.0,1.0,3.0,1.0,4.0,2.0,3.0,1.0,3.0,3.0,4.0,3.0,2.0,5.0,5.0,3.0,5.0,4.0,6.0,4.0,2.0,6.0,3.0,5.0,2.0,5.0,2.0,3.0,5.0,6.0,5.0,3.0,6.0,6.0,5.0,4.0,2.0,4.0,3.0,2.0,2.0,2.0,6.0,3.0,4.0,4.0,3.0,3.0,4.0,4.0,3.0,4.0,3.0,4.0,2.0,4.0,6.0,4.0,3.0,1.0,4.0,4.0,2.0,2.0,3.0,3.0,4.0,3.0,2.0,2.0,2.0,2.0,3.0,3.0,4.0,3.0,5.0,2.0,2.0,2.0,2.0,1.0,3.0,2.0,1.0,1.0,1.0,1.0,1.0,1.0,2.0,2.0,2.0,2.0,1.0,2.0,1,0.0,0
81,35,Female,Bourse,Diploma,33,5,309,2.0,3.0,2.0,4.0,2.0,2.0,2.0,3.0,3.0,2.0,1.0,2.0,3.0,2.0,3.0,2.0,4.0,2.0,2.0,1.0,3.0,5.0,5.0,5.0,4.0,3.0,5.0,4.0,2.0,3.0,3.0,4.0,2.0,3.0,5.0,3.0,1.0,1.0,3.0,3.0,2.0,2.0,1.0,2.0,1.0,2.0,2.0,2.0,1.0,1.0,3.0,3.0,2.0,4.0,5.0,4.0,5.0,3.0,6.0,4.0,5.0,5.0,2.0,3.0,5.0,3.0,5.0,3.0,6.0,3.0,4.0,5.0,1.0,5.0,6.0,1.0,1.0,4.0,2.0,1.0,2.0,2.0,2.0,4.0,2.0,2.0,4.0,2.0,3.0,2.0,3.0,3.0,1.0,3.0,4.0,2.0,3.0,2.0,3.0,2.0,2.0,3.0,1.0,2.0,5.0,4.0,2.0,3.0,1,0.0,0
82,38,Male,Bourse,Diploma,14,6,404,2.0,2.0,3.0,1.0,1.0,1.0,2.0,1.0,3.0,3.0,2.0,2.0,1.0,2.0,4.0,1.0,4.0,3.0,3.0,2.0,6.0,6.0,6.0,5.0,3.0,6.0,5.0,6.0,5.0,6.0,6.0,5.0,4.0,4.0,5.0,4.0,4.0,6.0,5.0,5.0,4.0,6.0,6.0,4.0,4.0,4.0,3.0,5.0,2.0,4.0,5.0,3.0,5.0,6.0,5.0,3.0,4.0,2.0,5.0,6.0,5.0,4.0,2.0,5.0,6.0,5.0,5.0,6.0,6.0,6.0,5.0,4.0,6.0,6.0,5.0,4.0,3.0,5.0,6.0,5.0,2.0,4.0,6.0,4.0,4.0,4.0,1.0,2.0,1.0,5.0,4.0,3.0,3.0,1.0,4.0,2.0,2.0,2.0,3.0,4.0,2.0,3.0,2.0,3.0,3.0,4.0,2.0,2.0,1,0.0,0
83,49,Male,Bourse,Master,43,7,190,2.0,1.0,2.0,2.0,4.0,1.0,3.0,2.0,4.0,1.0,3.0,2.0,4.0,1.0,4.0,1.0,3.0,1.0,4.0,1.0,6.0,6.0,3.0,5.0,4.0,3.0,3.0,6.0,2.0,4.0,6.0,6.0,4.0,4.0,4.0,3.0,6.0,6.0,6.0,5.0,4.0,2.0,1.0,1.0,6.0,5.0,4.0,4.0,1.0,3.0,2.0,2.0,1.0,4.0,2.0,2.0,4.0,1.0,2.0,4.0,3.0,4.0,5.0,1.0,6.0,2.0,2.0,1.0,2.0,3.0,5.0,3.0,4.0,2.0,1.0,3.0,2.0,5.0,3.0,3.0,2.0,1.0,3.0,2.0,3.0,1.0,2.0,1.0,1.0,2.0,1.0,2.0,2.0,1.0,1.0,2.0,4.0,3.0,3.0,4.0,3.0,5.0,2.0,3.0,2.0,5.0,2.0,5.0,1,0.0,0
84,41,Male,Forex,Bachelor,63,13,348,2.0,3.0,4.0,2.0,3.0,2.0,2.0,4.0,3.0,1.0,2.0,3.0,3.0,2.0,3.0,1.0,2.0,2.0,4.0,1.0,2.0,4.0,2.0,2.0,6.0,4.0,4.0,2.0,5.0,3.0,1.0,4.0,3.0,2.0,2.0,1.0,3.0,4.0,2.0,1.0,2.0,2.0,1.0,2.0,3.0,2.0,3.0,2.0,1.0,1.0,2.0,4.0,1.0,1.0,1.0,2.0,1.0,2.0,3.0,1.0,1.0,2.0,1.0,1.0,3.0,1.0,2.0,1.0,1.0,1.0,1.0,2.0,1.0,1.0,1.0,1.0,2.0,1.0,1.0,3.0,2.0,1.0,1.0,1.0,1.0,1.0,1.0,2.0,2.0,1.0,4.0,4.0,1.0,2.0,1.0,2.0,2.0,4.0,2.0,1.0,3.0,2.0,2.0,3.0,3.0,3.0,3.0,4.0,1,0.0,0
85,38,Male,Bourse,Bachelor,93,4,401,4.0,2.0,4.0,1.0,4.0,2.0,4.0,4.0,3.0,1.0,3.0,2.0,3.0,1.0,4.0,1.0,4.0,1.0,4.0,1.0,1.0,1.0,3.0,2.0,4.0,2.0,1.0,1.0,2.0,1.0,2.0,2.0,2.0,2.0,1.0,3.0,1.0,1.0,3.0,1.0,3.0,3.0,1.0,2.0,3.0,2.0,1.0,2.0,1.0,1.0,1.0,1.0,2.0,1.0,2.0,1.0,1.0,2.0,1.0,1.0,2.0,1.0,1.0,2.0,1.0,1.0,2.0,1.0,3.0,1.0,1.0,2.0,1.0,2.0,2.0,1.0,4.0,1.0,2.0,1.0,3.0,1.0,1.0,1.0,2.0,2.0,1.0,1.0,1.0,1.0,1.0,2.0,2.0,1.0,1.0,1.0,4.0,2.0,5.0,1.0,3.0,2.0,1.0,4.0,3.0,2.0,1.0,3.0,1,0.0,0
86,25,Male,Bourse,Bachelor,42,1,1124,3.0,1.0,1.0,2.0,4.0,1.0,2.0,2.0,3.0,1.0,4.0,1.0,3.0,2.0,3.0,1.0,3.0,2.0,4.0,2.0,2.0,4.0,2.0,5.0,2.0,3.0,3.0,3.0,4.0,2.0,2.0,2.0,1.0,2.0,1.0,2.0,3.0,2.0,2.0,3.0,6.0,4.0,2.0,3.0,4.0,2.0,1.0,2.0,2.0,1.0,2.0,1.0,1.0,2.0,3.0,2.0,4.0,3.0,4.0,2.0,4.0,6.0,6.0,5.0,3.0,4.0,2.0,2.0,3.0,2.0,2.0,3.0,2.0,2.0,5.0,1.0,1.0,2.0,4.0,1.0,2.0,5.0,5.0,2.0,2.0,3.0,2.0,3.0,1.0,1.0,2.0,1.0,1.0,3.0,4.0,3.0,2.0,1.0,5.0,3.0,3.0,1.0,1.0,2.0,4.0,1.0,5.0,3.0,1,0.0,0
87,27,Male,Crypto,Diploma,53,8,410,3.0,1.0,3.0,2.0,2.0,2.0,3.0,2.0,4.0,3.0,4.0,1.0,4.0,1.0,4.0,2.0,4.0,1.0,4.0,1.0,5.0,5.0,5.0,3.0,2.0,5.0,3.0,4.0,1.0,4.0,3.0,4.0,4.0,5.0,2.0,2.0,4.0,4.0,3.0,1.0,3.0,1.0,3.0,2.0,2.0,4.0,6.0,2.0,1.0,2.0,5.0,3.0,1.0,4.0,4.0,2.0,2.0,2.0,4.0,2.0,4.0,2.0,2.0,1.0,4.0,3.0,2.0,3.0,1.0,2.0,2.0,4.0,4.0,2.0,2.0,1.0,1.0,2.0,3.0,4.0,2.0,1.0,2.0,3.0,2.0,2.0,1.0,3.0,3.0,2.0,1.0,2.0,2.0,2.0,2.0,2.0,2.0,3.0,1.0,2.0,3.0,5.0,2.0,3.0,3.0,3.0,3.0,2.0,0,0.0,0
88,24,Male,Bourse,Master,18,2,616,2.0,2.0,4.0,3.0,1.0,4.0,2.0,2.0,2.0,3.0,1.0,3.0,3.0,4.0,2.0,1.0,2.0,3.0,2.0,3.0,4.0,2.0,3.0,3.0,2.0,2.0,2.0,5.0,4.0,3.0,2.0,1.0,2.0,3.0,4.0,1.0,3.0,3.0,2.0,1.0,4.0,3.0,1.0,2.0,3.0,4.0,2.0,2.0,3.0,1.0,1.0,3.0,2.0,2.0,2.0,2.0,2.0,1.0,3.0,2.0,3.0,2.0,3.0,1.0,2.0,1.0,2.0,2.0,4.0,1.0,3.0,2.0,3.0,2.0,2.0,1.0,2.0,2.0,3.0,2.0,2.0,1.0,1.0,1.0,3.0,3.0,1.0,2.0,3.0,1.0,1.0,1.0,6.0,1.0,1.0,1.0,1.0,1.0,1.0,3.0,1.0,1.0,2.0,2.0,3.0,2.0,2.0,3.0,1,0.0,0
89,41,Male,Crypto,Diploma,116,14,498,1.0,3.0,3.0,2.0,2.0,4.0,2.0,2.0,1.0,4.0,1.0,4.0,1.0,4.0,2.0,1.0,3.0,2.0,2.0,2.0,3.0,4.0,6.0,4.0,4.0,4.0,3.0,4.0,3.0,3.0,6.0,5.0,6.0,6.0,2.0,2.0,2.0,2.0,2.0,3.0,1.0,3.0,2.0,5.0,1.0,1.0,3.0,2.0,3.0,2.0,3.0,3.0,5.0,5.0,4.0,3.0,2.0,2.0,5.0,4.0,5.0,5.0,4.0,1.0,2.0,3.0,3.0,3.0,4.0,5.0,3.0,4.0,4.0,6.0,6.0,6.0,2.0,5.0,4.0,6.0,3.0,4.0,2.0,3.0,6.0,2.0,3.0,4.0,3.0,2.0,6.0,3.0,1.0,3.0,2.0,1.0,3.0,1.0,1.0,1.0,1.0,2.0,1.0,1.0,1.0,2.0,2.0,4.0,1,0.0,0
90,44,Male,Forex,Bachelor,50,3,874,1.0,3.0,3.0,1.0,1.0,4.0,1.0,4.0,2.0,3.0,4.0,2.0,2.0,2.0,2.0,3.0,1.0,2.0,3.0,2.0,6.0,5.0,5.0,3.0,4.0,4.0,4.0,5.0,4.0,2.0,4.0,3.0,2.0,3.0,3.0,5.0,4.0,6.0,4.0,4.0,6.0,4.0,3.0,5.0,6.0,4.0,6.0,2.0,4.0,2.0,1.0,2.0,2.0,4.0,4.0,5.0,2.0,2.0,4.0,2.0,4.0,4.0,4.0,2.0,6.0,2.0,5.0,6.0,3.0,2.0,2.0,6.0,2.0,3.0,4.0,4.0,2.0,4.0,2.0,4.0,4.0,2.0,3.0,5.0,3.0,5.0,5.0,4.0,1.0,1.0,2.0,2.0,1.0,3.0,3.0,1.0,1.0,2.0,3.0,2.0,2.0,1.0,3.0,3.0,5.0,1.0,2.0,3.0,1,0.0,0
91,34,Male,Gold,Bachelor,18,5,229,2.0,1.0,4.0,4.0,2.0,3.0,1.0,2.0,2.0,2.0,2.0,4.0,4.0,2.0,3.0,3.0,3.0,2.0,2.0,2.0,6.0,6.0,6.0,5.0,4.0,2.0,4.0,5.0,5.0,3.0,3.0,5.0,5.0,4.0,2.0,3.0,3.0,6.0,2.0,2.0,4.0,3.0,2.0,2.0,3.0,2.0,4.0,2.0,2.0,3.0,3.0,3.0,2.0,2.0,2.0,1.0,4.0,3.0,6.0,4.0,3.0,3.0,2.0,4.0,2.0,1.0,3.0,5.0,4.0,3.0,4.0,6.0,5.0,1.0,1.0,3.0,5.0,1.0,1.0,3.0,2.0,2.0,1.0,4.0,1.0,1.0,3.0,4.0,1.0,2.0,2.0,4.0,2.0,1.0,3.0,2.0,3.0,1.0,1.0,2.0,1.0,1.0,2.0,1.0,2.0,3.0,3.0,3.0,1,0.0,0
92,32,Male,Forex,Diploma,26,8,293,2.0,2.0,2.0,2.0,4.0,4.0,1.0,4.0,1.0,3.0,2.0,2.0,2.0,3.0,2.0,1.0,1.0,2.0,3.0,2.0,4.0,2.0,4.0,5.0,2.0,4.0,6.0,3.0,2.0,2.0,3.0,5.0,3.0,3.0,3.0,6.0,3.0,3.0,4.0,3.0,5.0,4.0,3.0,2.0,2.0,5.0,3.0,4.0,4.0,2.0,3.0,2.0,3.0,1.0,2.0,2.0,4.0,4.0,6.0,3.0,2.0,2.0,2.0,4.0,1.0,3.0,1.0,6.0,4.0,5.0,2.0,3.0,2.0,4.0,2.0,3.0,2.0,3.0,1.0,2.0,6.0,4.0,2.0,1.0,1.0,2.0,2.0,2.0,1.0,2.0,2.0,2.0,1.0,2.0,1.0,2.0,2.0,2.0,1.0,2.0,2.0,1.0,1.0,3.0,3.0,3.0,3.0,4.0,1,0.0,0
93,33,Female,Crypto,Bachelor,96,24,303,2.0,2.0,4.0,2.0,2.0,1.0,3.0,1.0,2.0,1.0,2.0,2.0,4.0,1.0,2.0,1.0,4.0,1.0,2.0,1.0,2.0,1.0,4.0,1.0,3.0,4.0,1.0,2.0,1.0,5.0,3.0,3.0,1.0,5.0,2.0,3.0,4.0,2.0,4.0,3.0,1.0,4.0,2.0,4.0,2.0,1.0,1.0,6.0,2.0,1.0,2.0,1.0,4.0,3.0,3.0,3.0,2.0,5.0,3.0,2.0,3.0,4.0,4.0,3.0,2.0,4.0,2.0,1.0,2.0,3.0,4.0,6.0,2.0,3.0,4.0,3.0,1.0,1.0,2.0,5.0,2.0,2.0,1.0,3.0,2.0,1.0,2.0,2.0,2.0,2.0,3.0,2.0,2.0,1.0,3.0,1.0,1.0,2.0,1.0,1.0,1.0,1.0,1.0,1.0,1.0,1.0,1.0,2.0,1,0.0,0
94,37,Male,Gold,Diploma,34,7,486,2.0,3.0,2.0,2.0,2.0,1.0,2.0,2.0,1.0,1.0,2.0,1.0,4.0,2.0,3.0,3.0,3.0,3.0,2.0,1.0,4.0,5.0,4.0,3.0,6.0,4.0,5.0,2.0,6.0,6.0,5.0,6.0,4.0,5.0,3.0,6.0,6.0,6.0,6.0,6.0,5.0,4.0,6.0,4.0,4.0,6.0,2.0,4.0,4.0,6.0,3.0,2.0,4.0,3.0,5.0,3.0,4.0,4.0,5.0,4.0,4.0,2.0,1.0,1.0,3.0,1.0,4.0,2.0,2.0,1.0,1.0,2.0,1.0,4.0,2.0,2.0,5.0,2.0,2.0,2.0,2.0,4.0,4.0,5.0,4.0,2.0,4.0,2.0,5.0,1.0,3.0,3.0,3.0,3.0,2.0,1.0,1.0,1.0,1.0,1.0,1.0,1.0,2.0,2.0,3.0,1.0,2.0,5.0,1,0.0,0
95,23,Male,Forex,Bachelor,10,4,935,1.0,2.0,3.0,2.0,2.0,2.0,1.0,2.0,2.0,4.0,3.0,2.0,2.0,1.0,2.0,3.0,2.0,4.0,2.0,2.0,5.0,4.0,6.0,6.0,3.0,6.0,6.0,4.0,3.0,6.0,4.0,4.0,3.0,5.0,4.0,2.0,3.0,2.0,3.0,3.0,5.0,2.0,4.0,4.0,2.0,2.0,1.0,4.0,1.0,4.0,3.0,5.0,3.0,3.0,5.0,6.0,4.0,1.0,5.0,4.0,4.0,4.0,3.0,4.0,6.0,2.0,4.0,3.0,6.0,4.0,3.0,2.0,6.0,1.0,2.0,3.0,2.0,1.0,4.0,3.0,4.0,3.0,3.0,2.0,4.0,3.0,4.0,5.0,3.0,2.0,2.0,2.0,4.0,1.0,2.0,1.0,3.0,3.0,2.0,4.0,2.0,2.0,2.0,1.0,3.0,3.0,3.0,4.0,1,0.0,0
96,26,Female,Bourse,Bachelor,23,3,813,3.0,1.0,3.0,1.0,4.0,1.0,1.0,1.0,4.0,1.0,2.0,2.0,4.0,1.0,3.0,1.0,4.0,2.0,3.0,1.0,4.0,3.0,2.0,5.0,4.0,4.0,3.0,2.0,4.0,1.0,2.0,3.0,2.0,1.0,2.0,1.0,1.0,3.0,2.0,3.0,1.0,2.0,1.0,2.0,1.0,1.0,1.0,2.0,1.0,1.0,2.0,2.0,2.0,1.0,1.0,2.0,2.0,1.0,2.0,2.0,3.0,1.0,1.0,1.0,3.0,5.0,1.0,4.0,3.0,6.0,2.0,2.0,1.0,3.0,2.0,1.0,1.0,1.0,1.0,2.0,2.0,1.0,1.0,3.0,1.0,2.0,2.0,4.0,1.0,2.0,2.0,1.0,1.0,4.0,2.0,1.0,2.0,3.0,2.0,2.0,1.0,2.0,1.0,2.0,1.0,3.0,2.0,3.0,1,0.0,0
97,25,Female,Forex,Diploma,54,8,1632,2.0,3.0,1.0,3.0,4.0,3.0,2.0,2.0,2.0,2.0,2.0,2.0,2.0,2.0,4.0,2.0,4.0,1.0,4.0,1.0,3.0,2.0,2.0,4.0,4.0,2.0,4.0,4.0,2.0,4.0,2.0,1.0,2.0,1.0,1.0,3.0,2.0,6.0,4.0,3.0,3.0,4.0,2.0,3.0,2.0,2.0,1.0,4.0,3.0,3.0,3.0,2.0,1.0,1.0,2.0,3.0,3.0,1.0,1.0,1.0,4.0,3.0,4.0,5.0,1.0,2.0,2.0,2.0,2.0,3.0,2.0,5.0,1.0,2.0,1.0,3.0,2.0,2.0,2.0,1.0,3.0,1.0,1.0,1.0,2.0,1.0,1.0,2.0,2.0,1.0,1.0,2.0,1.0,1.0,2.0,1.0,1.0,1.0,1.0,1.0,1.0,1.0,1.0,1.0,1.0,1.0,2.0,2.0,1,0.0,0
98,32,Female,Bourse,Other,189,19,526,,,,1.0,4.0,,2.0,3.0,3.0,1.0,3.0,1.0,2.0,1.0,2.0,1.0,4.0,1.0,3.0,2.0,,2.0,1.0,,,,2.0,,,1.0,3.0,4.0,,,2.0,3.0,,5.0,,4.0,,,,2.0,,,3.0,3.0,,,,1.0,,,6.0,,,3.0,2.0,,2.0,,5.0,,,2.0,,2.0,,,5.0,3.0,,2.0,,,1.0,2.0,1.0,1.0,2.0,1.0,,2.0,2.0,1.0,1.0,2.0,1.0,1.0,,1.0,4.0,,,5.0,3.0,,4.0,5.0,3.0,,2.0,,3.0,,5.0,,1,0.417,0
99,24,Female,Forex,Bachelor,14,2,378,3.0,1.0,4.0,2.0,4.0,1.0,4.0,1.0,4.0,1.0,4.0,1.0,4.0,1.0,3.0,1.0,4.0,1.0,4.0,1.0,2.0,3.0,2.0,1.0,1.0,3.0,2.0,1.0,2.0,1.0,2.0,1.0,1.0,3.0,5.0,1.0,6.0,1.0,2.0,3.0,1.0,1.0,1.0,2.0,3.0,2.0,1.0,1.0,3.0,2.0,2.0,2.0,2.0,2.0,4.0,2.0,2.0,4.0,1.0,3.0,2.0,3.0,2.0,2.0,2.0,1.0,2.0,3.0,3.0,1.0,3.0,3.0,2.0,2.0,3.0,3.0,2.0,1.0,2.0,1.0,2.0,1.0,1.0,1.0,2.0,1.0,1.0,2.0,1.0,2.0,3.0,2.0,1.0,1.0,1.0,1.0,2.0,3.0,5.0,1.0,2.0,2.0,2.0,1.0,1.0,3.0,3.0,1.0,1,0.0,0
100,32,Male,Crypto,Bachelor,32,9,293,4.0,1.0,3.0,1.0,4.0,2.0,4.0,2.0,3.0,1.0,4.0,1.0,4.0,1.0,4.0,1.0,4.0,1.0,4.0,1.0,5.0,3.0,6.0,2.0,2.0,3.0,2.0,5.0,2.0,2.0,2.0,5.0,4.0,1.0,1.0,2.0,1.0,5.0,1.0,3.0,5.0,3.0,6.0,2.0,2.0,3.0,3.0,2.0,2.0,1.0,1.0,3.0,3.0,1.0,1.0,2.0,1.0,1.0,1.0,4.0,4.0,3.0,3.0,1.0,1.0,1.0,1.0,1.0,3.0,1.0,4.0,4.0,2.0,1.0,2.0,2.0,4.0,2.0,1.0,3.0,1.0,3.0,1.0,3.0,2.0,2.0,1.0,3.0,1.0,4.0,2.0,1.0,1.0,1.0,1.0,5.0,3.0,3.0,2.0,1.0,2.0,3.0,2.0,2.0,2.0,1.0,4.0,3.0,0,0.0,0
101,56,Male,Gold,Master,42,3,642,2.0,2.0,3.0,2.0,,2.0,,2.0,,2.0,,,2.0,3.0,3.0,1.0,2.0,2.0,1.0,,5.0,4.0,,,,2.0,4.0,2.0,4.0,2.0,,2.0,,,6.0,,3.0,5.0,1.0,2.0,5.0,,3.0,4.0,1.0,3.0,2.0,1.0,,,2.0,,,6.0,,2.0,2.0,3.0,2.0,3.0,,2.0,5.0,6.0,3.0,5.0,2.0,4.0,,4.0,2.0,4.0,4.0,4.0,5.0,3.0,1.0,3.0,2.0,4.0,1.0,,,,,,6.0,,5.0,2.0,,4.0,2.0,,3.0,,4.0,3.0,2.0,2.0,,5.0,,,,,3.0,,1,0.333,0
102,37,Female,Bourse,Other,53,2,298,3.0,2.0,2.0,1.0,2.0,1.0,3.0,2.0,2.0,2.0,1.0,4.0,4.0,1.0,2.0,1.0,3.0,1.0,2.0,1.0,3.0,4.0,2.0,4.0,2.0,4.0,4.0,3.0,2.0,3.0,6.0,5.0,3.0,4.0,6.0,2.0,2.0,5.0,5.0,4.0,3.0,3.0,4.0,3.0,4.0,5.0,2.0,4.0,2.0,3.0,6.0,5.0,3.0,6.0,5.0,4.0,3.0,3.0,3.0,4.0,6.0,3.0,6.0,6.0,4.0,6.0,4.0,2.0,3.0,3.0,6.0,5.0,6.0,4.0,5.0,4.0,5.0,3.0,3.0,2.0,1.0,2.0,5.0,1.0,1.0,2.0,2.0,3.0,3.0,1.0,1.0,2.0,2.0,1.0,5.0,3.0,2.0,3.0,2.0,4.0,1.0,2.0,4.0,1.0,2.0,4.0,4.0,4.0,1,0.0,0
103,34,Female,Crypto,Other,27,1,286,,4.0,2.0,1.0,1.0,1.0,2.0,,2.0,3.0,,2.0,3.0,1.0,3.0,,,,,4.0,,,,,3.0,,6.0,4.0,4.0,,,3.0,,4.0,,,,6.0,6.0,,,4.0,,1.0,3.0,4.0,2.0,4.0,4.0,3.0,,,5.0,3.0,,,3.0,,5.0,2.0,,1.0,,6.0,1.0,3.0,,,,4.0,4.0,4.0,,,,2.0,,,3.0,3.0,6.0,,3.0,3.0,,,,,,2.0,,,4.0,,,2.0,2.0,3.0,,2.0,,,3.0,2.0,2.0,2.0,5.0,4.0,1,0.454,0
104,24,Female,Bourse,Bachelor,36,1,683,2.0,2.0,2.0,1.0,3.0,2.0,4.0,2.0,2.0,1.0,3.0,1.0,4.0,1.0,3.0,2.0,3.0,1.0,3.0,3.0,3.0,2.0,3.0,1.0,3.0,2.0,3.0,2.0,3.0,4.0,1.0,1.0,1.0,3.0,1.0,4.0,4.0,3.0,5.0,2.0,3.0,2.0,1.0,3.0,1.0,4.0,2.0,1.0,2.0,2.0,6.0,1.0,3.0,1.0,4.0,2.0,4.0,4.0,3.0,3.0,2.0,3.0,2.0,3.0,3.0,4.0,3.0,2.0,4.0,3.0,5.0,3.0,3.0,2.0,5.0,5.0,3.0,3.0,2.0,1.0,1.0,3.0,1.0,3.0,1.0,1.0,1.0,1.0,1.0,1.0,1.0,2.0,1.0,3.0,1.0,3.0,1.0,2.0,1.0,3.0,1.0,1.0,3.0,2.0,3.0,5.0,3.0,3.0,1,0.0,0
105,34,Female,Crypto,Bachelor,12,1,417,4.0,1.0,3.0,1.0,2.0,1.0,4.0,3.0,4.0,2.0,3.0,2.0,4.0,3.0,4.0,1.0,3.0,1.0,2.0,2.0,5.0,2.0,2.0,2.0,2.0,2.0,4.0,2.0,1.0,2.0,1.0,3.0,2.0,1.0,2.0,4.0,1.0,2.0,2.0,2.0,2.0,3.0,3.0,1.0,1.0,1.0,4.0,3.0,2.0,1.0,1.0,2.0,1.0,2.0,2.0,1.0,1.0,2.0,3.0,1.0,2.0,2.0,2.0,2.0,1.0,3.0,3.0,1.0,1.0,2.0,3.0,1.0,2.0,4.0,2.0,3.0,2.0,4.0,4.0,2.0,1.0,1.0,1.0,1.0,1.0,1.0,1.0,3.0,1.0,2.0,1.0,2.0,1.0,1.0,1.0,1.0,1.0,1.0,3.0,1.0,2.0,2.0,1.0,1.0,2.0,2.0,4.0,1.0,1,0.0,0
106,22,Male,Crypto,Bachelor,27,11,552,4.0,1.0,2.0,1.0,4.0,1.0,4.0,1.0,4.0,1.0,2.0,1.0,4.0,1.0,4.0,1.0,2.0,1.0,4.0,1.0,4.0,5.0,3.0,4.0,3.0,1.0,3.0,2.0,2.0,3.0,4.0,3.0,1.0,3.0,3.0,2.0,3.0,3.0,3.0,3.0,3.0,3.0,2.0,1.0,1.0,1.0,2.0,5.0,2.0,1.0,2.0,1.0,1.0,2.0,2.0,4.0,3.0,2.0,2.0,2.0,4.0,2.0,3.0,1.0,2.0,2.0,5.0,3.0,3.0,2.0,2.0,2.0,2.0,3.0,3.0,2.0,2.0,2.0,2.0,4.0,2.0,3.0,4.0,1.0,1.0,1.0,1.0,4.0,1.0,1.0,1.0,1.0,3.0,3.0,1.0,1.0,2.0,1.0,1.0,2.0,5.0,1.0,2.0,1.0,4.0,1.0,2.0,3.0,1,0.0,0
107,40,Male,Crypto,Diploma,10,4,268,2.0,3.0,1.0,4.0,2.0,2.0,2.0,2.0,2.0,3.0,3.0,1.0,4.0,3.0,2.0,2.0,2.0,2.0,2.0,2.0,4.0,3.0,3.0,2.0,4.0,3.0,2.0,1.0,3.0,1.0,6.0,5.0,1.0,4.0,1.0,4.0,2.0,6.0,4.0,1.0,2.0,3.0,6.0,3.0,1.0,3.0,4.0,3.0,2.0,1.0,6.0,3.0,4.0,1.0,3.0,2.0,2.0,2.0,3.0,4.0,4.0,2.0,3.0,2.0,4.0,3.0,4.0,2.0,1.0,2.0,5.0,3.0,4.0,2.0,2.0,4.0,5.0,6.0,4.0,6.0,2.0,3.0,4.0,3.0,3.0,1.0,4.0,2.0,3.0,4.0,5.0,1.0,2.0,1.0,5.0,3.0,2.0,2.0,2.0,3.0,2.0,3.0,2.0,5.0,5.0,2.0,3.0,5.0,1,0.0,0
108,37,Male,Crypto,Other,33,2,201,2.0,2.0,4.0,2.0,1.0,3.0,1.0,1.0,2.0,2.0,2.0,2.0,4.0,3.0,2.0,3.0,4.0,2.0,2.0,4.0,3.0,4.0,3.0,2.0,5.0,2.0,4.0,2.0,2.0,2.0,5.0,4.0,3.0,4.0,5.0,4.0,6.0,6.0,6.0,5.0,5.0,4.0,3.0,6.0,6.0,6.0,5.0,6.0,3.0,3.0,2.0,4.0,2.0,2.0,4.0,3.0,2.0,2.0,5.0,3.0,5.0,2.0,4.0,4.0,6.0,1.0,4.0,3.0,5.0,3.0,5.0,2.0,2.0,1.0,3.0,3.0,2.0,3.0,1.0,1.0,2.0,3.0,2.0,1.0,1.0,5.0,2.0,5.0,1.0,4.0,6.0,2.0,3.0,1.0,2.0,2.0,3.0,2.0,1.0,2.0,2.0,1.0,3.0,3.0,2.0,2.0,2.0,3.0,1,0.0,0
109,27,Female,Crypto,Diploma,79,9,442,3.0,2.0,4.0,1.0,3.0,3.0,4.0,2.0,3.0,2.0,4.0,2.0,3.0,1.0,4.0,1.0,4.0,1.0,3.0,1.0,2.0,2.0,6.0,4.0,2.0,5.0,6.0,4.0,1.0,2.0,2.0,3.0,5.0,6.0,4.0,1.0,2.0,2.0,3.0,1.0,3.0,2.0,2.0,1.0,2.0,2.0,2.0,2.0,3.0,1.0,2.0,4.0,3.0,2.0,4.0,3.0,4.0,5.0,3.0,4.0,6.0,2.0,1.0,1.0,3.0,1.0,6.0,1.0,1.0,2.0,2.0,2.0,1.0,2.0,4.0,4.0,4.0,1.0,3.0,3.0,2.0,3.0,2.0,1.0,1.0,3.0,2.0,4.0,2.0,2.0,2.0,1.0,1.0,3.0,4.0,2.0,2.0,4.0,2.0,4.0,2.0,3.0,4.0,3.0,2.0,4.0,3.0,5.0,1,0.0,0
110,41,Male,Bourse,Master,93,28,655,3.0,1.0,3.0,1.0,2.0,2.0,4.0,1.0,3.0,2.0,3.0,2.0,2.0,1.0,4.0,1.0,4.0,2.0,4.0,1.0,3.0,5.0,5.0,6.0,4.0,4.0,2.0,3.0,4.0,2.0,6.0,6.0,3.0,5.0,6.0,2.0,3.0,6.0,6.0,4.0,3.0,2.0,2.0,2.0,3.0,2.0,3.0,3.0,2.0,2.0,4.0,2.0,1.0,2.0,2.0,3.0,4.0,3.0,6.0,2.0,1.0,3.0,2.0,1.0,3.0,2.0,3.0,2.0,3.0,1.0,5.0,2.0,3.0,1.0,3.0,2.0,2.0,1.0,5.0,1.0,4.0,2.0,2.0,3.0,2.0,3.0,4.0,1.0,4.0,1.0,2.0,4.0,2.0,2.0,1.0,3.0,1.0,2.0,3.0,4.0,2.0,3.0,3.0,5.0,5.0,3.0,2.0,5.0,1,0.0,0
111,41,Male,Bourse,Other,39,9,997,1.0,2.0,2.0,2.0,1.0,3.0,1.0,4.0,1.0,3.0,1.0,4.0,2.0,3.0,2.0,3.0,2.0,2.0,2.0,1.0,4.0,5.0,2.0,4.0,4.0,4.0,2.0,3.0,3.0,2.0,4.0,3.0,2.0,2.0,4.0,1.0,3.0,1.0,2.0,2.0,4.0,2.0,2.0,2.0,4.0,3.0,1.0,2.0,4.0,5.0,2.0,3.0,3.0,3.0,2.0,4.0,4.0,5.0,2.0,2.0,5.0,1.0,4.0,6.0,3.0,6.0,5.0,6.0,3.0,6.0,3.0,1.0,2.0,4.0,2.0,4.0,3.0,3.0,3.0,4.0,2.0,2.0,2.0,3.0,1.0,2.0,2.0,1.0,2.0,1.0,2.0,2.0,1.0,2.0,3.0,2.0,2.0,1.0,2.0,1.0,1.0,3.0,1.0,1.0,2.0,2.0,2.0,3.0,1,0.0,0
112,41,Male,Bourse,Bachelor,13,4,1764,2.0,4.0,1.0,2.0,1.0,4.0,2.0,1.0,2.0,2.0,2.0,3.0,3.0,3.0,2.0,2.0,3.0,2.0,1.0,2.0,6.0,6.0,6.0,4.0,6.0,3.0,4.0,6.0,6.0,6.0,2.0,5.0,6.0,6.0,6.0,5.0,6.0,2.0,6.0,5.0,6.0,4.0,4.0,4.0,6.0,1.0,6.0,1.0,3.0,2.0,4.0,2.0,1.0,3.0,2.0,4.0,5.0,4.0,3.0,5.0,3.0,4.0,4.0,4.0,3.0,3.0,4.0,6.0,2.0,3.0,5.0,5.0,2.0,4.0,6.0,3.0,1.0,6.0,5.0,2.0,3.0,4.0,6.0,6.0,3.0,2.0,6.0,3.0,1.0,4.0,5.0,5.0,5.0,3.0,5.0,3.0,2.0,1.0,1.0,2.0,2.0,1.0,4.0,3.0,1.0,2.0,4.0,2.0,1,0.0,0
113,40,Male,Bourse,Bachelor,8,3,881,3.0,2.0,2.0,1.0,3.0,1.0,4.0,4.0,2.0,2.0,4.0,2.0,2.0,1.0,3.0,3.0,2.0,1.0,3.0,1.0,3.0,3.0,6.0,2.0,3.0,2.0,4.0,3.0,2.0,4.0,1.0,2.0,3.0,4.0,1.0,3.0,1.0,3.0,1.0,3.0,4.0,1.0,2.0,3.0,3.0,1.0,2.0,1.0,1.0,1.0,1.0,1.0,1.0,2.0,2.0,3.0,2.0,1.0,3.0,2.0,3.0,2.0,1.0,2.0,2.0,1.0,1.0,1.0,1.0,3.0,3.0,1.0,2.0,1.0,2.0,1.0,4.0,1.0,1.0,1.0,1.0,3.0,1.0,2.0,1.0,2.0,1.0,4.0,1.0,2.0,1.0,1.0,2.0,2.0,1.0,1.0,2.0,3.0,4.0,2.0,2.0,3.0,4.0,2.0,3.0,3.0,4.0,3.0,1,0.0,0
114,39,Female,Crypto,Bachelor,42,2,330,3.0,3.0,3.0,3.0,3.0,3.0,3.0,3.0,3.0,3.0,3.0,3.0,3.0,3.0,3.0,3.0,3.0,3.0,3.0,3.0,2.0,2.0,2.0,2.0,2.0,2.0,2.0,2.0,2.0,2.0,2.0,2.0,2.0,2.0,2.0,2.0,2.0,2.0,2.0,2.0,2.0,2.0,2.0,2.0,2.0,2.0,2.0,2.0,2.0,2.0,2.0,2.0,2.0,2.0,2.0,2.0,2.0,2.0,2.0,2.0,2.0,2.0,2.0,2.0,2.0,2.0,2.0,2.0,2.0,2.0,2.0,2.0,2.0,2.0,2.0,2.0,2.0,2.0,2.0,2.0,2.0,2.0,2.0,2.0,2.0,2.0,2.0,2.0,2.0,2.0,2.0,2.0,2.0,2.0,2.0,2.0,2.0,2.0,2.0,2.0,2.0,2.0,2.0,2.0,2.0,2.0,2.0,2.0,1,0.0,1
115,21,Male,Bourse,Bachelor,41,25,804,4.0,1.0,4.0,3.0,2.0,2.0,3.0,2.0,2.0,2.0,2.0,2.0,3.0,2.0,4.0,1.0,4.0,2.0,3.0,2.0,1.0,4.0,2.0,2.0,1.0,2.0,2.0,3.0,1.0,2.0,1.0,1.0,1.0,2.0,2.0,1.0,1.0,1.0,3.0,4.0,4.0,3.0,1.0,1.0,3.0,2.0,2.0,2.0,2.0,1.0,1.0,1.0,2.0,1.0,1.0,1.0,1.0,1.0,1.0,2.0,1.0,2.0,1.0,1.0,1.0,2.0,3.0,2.0,3.0,2.0,2.0,2.0,1.0,2.0,2.0,3.0,3.0,3.0,1.0,4.0,1.0,1.0,1.0,1.0,1.0,1.0,1.0,1.0,3.0,1.0,1.0,1.0,2.0,1.0,1.0,1.0,1.0,4.0,2.0,3.0,2.0,1.0,3.0,2.0,2.0,4.0,3.0,2.0,1,0.0,0
116,22,Male,Forex,Bachelor,16,5,228,2.0,2.0,4.0,2.0,4.0,2.0,1.0,2.0,3.0,2.0,2.0,2.0,3.0,2.0,3.0,1.0,3.0,2.0,3.0,2.0,2.0,3.0,6.0,4.0,4.0,3.0,5.0,3.0,3.0,2.0,2.0,3.0,3.0,2.0,4.0,3.0,4.0,4.0,1.0,4.0,5.0,3.0,3.0,2.0,6.0,2.0,2.0,3.0,2.0,4.0,2.0,1.0,1.0,1.0,2.0,4.0,3.0,3.0,3.0,4.0,3.0,1.0,1.0,1.0,5.0,2.0,1.0,2.0,2.0,2.0,2.0,3.0,3.0,3.0,1.0,1.0,2.0,2.0,2.0,2.0,2.0,1.0,3.0,1.0,1.0,1.0,5.0,1.0,1.0,1.0,1.0,3.0,1.0,1.0,1.0,2.0,3.0,2.0,5.0,1.0,1.0,2.0,1.0,1.0,3.0,5.0,1.0,3.0,1,0.0,0
117,44,Male,Gold,Master,18,1,669,2.0,2.0,2.0,2.0,3.0,3.0,3.0,1.0,2.0,2.0,3.0,2.0,3.0,2.0,3.0,1.0,3.0,1.0,2.0,2.0,6.0,3.0,4.0,2.0,2.0,4.0,3.0,5.0,6.0,2.0,2.0,4.0,2.0,4.0,6.0,3.0,4.0,5.0,2.0,3.0,6.0,5.0,4.0,6.0,3.0,5.0,6.0,6.0,5.0,3.0,2.0,2.0,3.0,5.0,2.0,1.0,5.0,1.0,4.0,3.0,4.0,1.0,1.0,2.0,2.0,5.0,4.0,5.0,3.0,5.0,3.0,2.0,3.0,2.0,2.0,3.0,3.0,4.0,1.0,1.0,2.0,1.0,2.0,1.0,1.0,2.0,2.0,2.0,1.0,1.0,1.0,2.0,1.0,2.0,1.0,1.0,1.0,1.0,1.0,2.0,1.0,1.0,1.0,2.0,1.0,2.0,2.0,2.0,1,0.0,0
118,35,Female,Bourse,Diploma,30,1,566,4.0,1.0,3.0,1.0,3.0,2.0,1.0,2.0,2.0,2.0,2.0,2.0,2.0,1.0,3.0,2.0,4.0,2.0,4.0,1.0,1.0,3.0,5.0,2.0,2.0,1.0,2.0,4.0,1.0,3.0,3.0,1.0,3.0,2.0,3.0,3.0,2.0,5.0,2.0,3.0,1.0,3.0,6.0,3.0,2.0,5.0,3.0,2.0,3.0,1.0,4.0,3.0,4.0,1.0,2.0,1.0,3.0,2.0,1.0,3.0,2.0,2.0,4.0,4.0,3.0,5.0,1.0,3.0,2.0,3.0,2.0,3.0,3.0,3.0,1.0,1.0,2.0,1.0,3.0,4.0,2.0,1.0,1.0,4.0,1.0,4.0,2.0,2.0,3.0,1.0,1.0,3.0,2.0,1.0,2.0,3.0,1.0,2.0,3.0,3.0,3.0,2.0,2.0,2.0,1.0,5.0,3.0,1.0,1,0.0,0
119,25,Male,Crypto,Bachelor,27,12,1011,2.0,2.0,2.0,2.0,1.0,2.0,2.0,2.0,2.0,4.0,2.0,2.0,3.0,2.0,1.0,1.0,3.0,2.0,2.0,3.0,2.0,4.0,5.0,5.0,5.0,4.0,3.0,4.0,3.0,3.0,2.0,4.0,4.0,6.0,3.0,3.0,3.0,4.0,2.0,4.0,2.0,4.0,2.0,6.0,1.0,2.0,3.0,3.0,6.0,2.0,3.0,2.0,4.0,5.0,1.0,2.0,2.0,2.0,5.0,4.0,3.0,4.0,3.0,3.0,2.0,2.0,1.0,2.0,2.0,4.0,2.0,4.0,3.0,2.0,2.0,4.0,2.0,4.0,4.0,3.0,3.0,2.0,1.0,2.0,4.0,3.0,3.0,5.0,3.0,2.0,2.0,2.0,1.0,3.0,2.0,1.0,1.0,3.0,1.0,1.0,1.0,3.0,1.0,1.0,1.0,1.0,1.0,2.0,1,0.0,0
120,36,Male,Forex,Bachelor,52,5,788,1.0,2.0,2.0,3.0,2.0,3.0,1.0,3.0,2.0,2.0,1.0,4.0,1.0,3.0,2.0,3.0,1.0,2.0,2.0,2.0,3.0,4.0,6.0,4.0,4.0,3.0,2.0,6.0,3.0,2.0,2.0,3.0,4.0,4.0,6.0,4.0,6.0,4.0,5.0,4.0,3.0,4.0,4.0,5.0,4.0,3.0,4.0,3.0,6.0,5.0,1.0,2.0,1.0,1.0,3.0,1.0,4.0,4.0,3.0,5.0,2.0,2.0,4.0,3.0,2.0,3.0,4.0,3.0,2.0,1.0,1.0,3.0,2.0,5.0,4.0,3.0,2.0,3.0,4.0,2.0,2.0,5.0,1.0,1.0,2.0,1.0,3.0,2.0,5.0,2.0,1.0,3.0,1.0,2.0,4.0,1.0,1.0,1.0,1.0,2.0,2.0,1.0,1.0,1.0,2.0,2.0,1.0,5.0,1,0.0,0
121,24,Female,Gold,Bachelor,53,4,602,2.0,2.0,2.0,1.0,2.0,1.0,3.0,1.0,4.0,1.0,3.0,1.0,4.0,2.0,4.0,1.0,4.0,2.0,4.0,1.0,1.0,3.0,6.0,5.0,4.0,5.0,4.0,5.0,2.0,3.0,5.0,4.0,2.0,2.0,2.0,5.0,2.0,1.0,3.0,3.0,4.0,2.0,1.0,1.0,2.0,3.0,2.0,2.0,1.0,3.0,4.0,2.0,2.0,3.0,5.0,5.0,2.0,2.0,3.0,3.0,3.0,2.0,2.0,2.0,4.0,2.0,1.0,3.0,1.0,3.0,3.0,2.0,2.0,1.0,1.0,5.0,1.0,2.0,2.0,2.0,2.0,3.0,2.0,2.0,4.0,3.0,1.0,2.0,1.0,3.0,2.0,3.0,2.0,5.0,3.0,1.0,1.0,1.0,1.0,1.0,1.0,1.0,1.0,2.0,3.0,2.0,1.0,1.0,0,0.0,0
122,20,Male,Bourse,Bachelor,18,20,536,4.0,2.0,2.0,3.0,2.0,1.0,1.0,1.0,4.0,2.0,3.0,4.0,2.0,3.0,3.0,1.0,4.0,4.0,3.0,2.0,4.0,1.0,2.0,3.0,1.0,3.0,1.0,4.0,1.0,5.0,4.0,4.0,4.0,2.0,3.0,2.0,4.0,2.0,3.0,2.0,3.0,2.0,4.0,5.0,1.0,2.0,1.0,2.0,4.0,1.0,2.0,1.0,2.0,2.0,1.0,4.0,2.0,1.0,3.0,1.0,4.0,1.0,2.0,1.0,6.0,4.0,2.0,1.0,3.0,2.0,2.0,2.0,1.0,2.0,3.0,1.0,3.0,2.0,3.0,2.0,3.0,2.0,2.0,1.0,1.0,1.0,3.0,2.0,2.0,5.0,1.0,2.0,1.0,2.0,5.0,1.0,2.0,2.0,1.0,1.0,1.0,4.0,2.0,5.0,2.0,2.0,2.0,3.0,1,0.0,0
123,35,Male,Gold,Bachelor,12,7,410,2.0,3.0,2.0,2.0,2.0,1.0,1.0,3.0,2.0,1.0,4.0,2.0,2.0,3.0,4.0,1.0,4.0,2.0,2.0,2.0,2.0,4.0,3.0,2.0,2.0,2.0,1.0,1.0,2.0,3.0,2.0,1.0,2.0,4.0,2.0,1.0,3.0,1.0,2.0,1.0,3.0,1.0,1.0,3.0,2.0,2.0,6.0,2.0,1.0,4.0,4.0,3.0,2.0,1.0,3.0,1.0,3.0,4.0,2.0,3.0,3.0,5.0,4.0,3.0,5.0,2.0,2.0,3.0,4.0,5.0,2.0,2.0,3.0,1.0,1.0,3.0,6.0,4.0,5.0,3.0,2.0,3.0,2.0,2.0,1.0,2.0,2.0,2.0,1.0,2.0,1.0,1.0,4.0,1.0,3.0,2.0,2.0,4.0,4.0,1.0,2.0,2.0,1.0,1.0,2.0,2.0,3.0,5.0,1,0.0,0
124,29,Male,Crypto,Master,43,6,483,4.0,1.0,2.0,2.0,2.0,1.0,3.0,2.0,3.0,2.0,4.0,1.0,2.0,1.0,3.0,1.0,4.0,2.0,4.0,1.0,3.0,5.0,2.0,5.0,4.0,3.0,3.0,1.0,2.0,2.0,2.0,3.0,2.0,1.0,2.0,3.0,3.0,6.0,6.0,3.0,5.0,3.0,3.0,2.0,3.0,3.0,5.0,2.0,2.0,3.0,2.0,2.0,3.0,5.0,2.0,4.0,2.0,2.0,3.0,3.0,3.0,6.0,1.0,1.0,3.0,5.0,2.0,2.0,3.0,2.0,4.0,3.0,1.0,2.0,1.0,1.0,3.0,6.0,4.0,3.0,4.0,3.0,4.0,2.0,3.0,4.0,1.0,4.0,4.0,2.0,1.0,1.0,3.0,1.0,3.0,1.0,1.0,2.0,1.0,1.0,4.0,2.0,2.0,4.0,2.0,1.0,1.0,2.0,1,0.0,0
125,33,Male,Crypto,Bachelor,31,7,630,2.0,2.0,2.0,1.0,2.0,1.0,1.0,2.0,3.0,4.0,2.0,2.0,2.0,2.0,3.0,3.0,2.0,2.0,2.0,2.0,3.0,2.0,4.0,2.0,3.0,3.0,3.0,6.0,4.0,2.0,3.0,3.0,2.0,4.0,4.0,2.0,5.0,2.0,4.0,3.0,2.0,2.0,4.0,3.0,3.0,2.0,2.0,1.0,3.0,1.0,1.0,1.0,5.0,1.0,2.0,3.0,3.0,2.0,3.0,1.0,2.0,2.0,2.0,2.0,1.0,1.0,2.0,1.0,3.0,1.0,4.0,2.0,2.0,2.0,3.0,3.0,1.0,2.0,4.0,3.0,1.0,3.0,2.0,3.0,2.0,3.0,2.0,1.0,2.0,1.0,1.0,2.0,3.0,3.0,2.0,1.0,1.0,2.0,2.0,3.0,1.0,2.0,1.0,1.0,3.0,1.0,3.0,2.0,1,0.0,0
126,33,Male,Crypto,Bachelor,18,4,1225,3.0,3.0,3.0,3.0,3.0,3.0,3.0,3.0,3.0,3.0,3.0,3.0,3.0,3.0,3.0,3.0,3.0,3.0,3.0,3.0,2.0,2.0,2.0,2.0,2.0,2.0,2.0,2.0,2.0,2.0,2.0,2.0,2.0,2.0,2.0,2.0,2.0,2.0,2.0,2.0,2.0,2.0,2.0,2.0,2.0,2.0,2.0,2.0,2.0,2.0,2.0,2.0,2.0,2.0,2.0,2.0,2.0,2.0,2.0,2.0,2.0,2.0,2.0,2.0,2.0,2.0,2.0,2.0,2.0,2.0,2.0,2.0,2.0,2.0,2.0,2.0,2.0,2.0,2.0,2.0,2.0,2.0,2.0,2.0,2.0,2.0,2.0,2.0,2.0,2.0,2.0,2.0,2.0,2.0,2.0,3.0,3.0,3.0,3.0,3.0,3.0,3.0,3.0,3.0,3.0,3.0,3.0,3.0,1,0.0,1
127,42,Female,Bourse,Bachelor,27,5,242,1.0,4.0,1.0,3.0,1.0,4.0,1.0,3.0,1.0,4.0,1.0,2.0,1.0,3.0,1.0,4.0,2.0,2.0,1.0,4.0,5.0,6.0,5.0,5.0,4.0,2.0,5.0,4.0,3.0,6.0,6.0,3.0,3.0,4.0,6.0,3.0,5.0,6.0,4.0,5.0,2.0,4.0,6.0,4.0,2.0,1.0,4.0,4.0,2.0,6.0,2.0,2.0,3.0,1.0,3.0,1.0,3.0,3.0,3.0,1.0,3.0,5.0,4.0,2.0,2.0,3.0,3.0,5.0,2.0,3.0,3.0,3.0,4.0,2.0,2.0,2.0,4.0,2.0,5.0,4.0,1.0,5.0,6.0,2.0,3.0,1.0,4.0,2.0,2.0,4.0,3.0,6.0,1.0,4.0,5.0,4.0,1.0,1.0,1.0,2.0,1.0,2.0,2.0,3.0,2.0,1.0,3.0,2.0,1,0.0,0
128,23,Female,Crypto,Master,16,1,399,1.0,4.0,1.0,1.0,2.0,3.0,1.0,3.0,2.0,3.0,1.0,2.0,1.0,3.0,1.0,4.0,1.0,3.0,1.0,2.0,4.0,6.0,6.0,4.0,4.0,6.0,2.0,5.0,5.0,3.0,6.0,6.0,2.0,6.0,2.0,3.0,2.0,4.0,1.0,5.0,3.0,1.0,2.0,2.0,4.0,3.0,5.0,2.0,3.0,2.0,4.0,3.0,2.0,4.0,3.0,3.0,4.0,2.0,5.0,4.0,6.0,5.0,5.0,4.0,5.0,4.0,3.0,2.0,2.0,2.0,2.0,1.0,5.0,2.0,2.0,1.0,4.0,4.0,4.0,3.0,5.0,2.0,4.0,4.0,1.0,2.0,4.0,2.0,4.0,2.0,4.0,3.0,3.0,3.0,2.0,3.0,3.0,4.0,1.0,4.0,1.0,2.0,3.0,4.0,2.0,5.0,2.0,2.0,1,0.0,0
129,28,Male,Crypto,Diploma,39,10,827,,,,2.0,,,3.0,,3.0,,4.0,,4.0,1.0,3.0,,3.0,1.0,3.0,,,5.0,3.0,4.0,2.0,,,,,,3.0,,,2.0,3.0,3.0,4.0,,4.0,2.0,,3.0,,,3.0,1.0,,1.0,1.0,,,2.0,2.0,3.0,4.0,2.0,,3.0,2.0,,2.0,6.0,,,,,2.0,2.0,,3.0,,3.0,2.0,,4.0,,2.0,,2.0,1.0,3.0,,3.0,5.0,,2.0,2.0,2.0,3.0,,4.0,,5.0,5.0,,,,3.0,1.0,,2.0,,2.0,5.0,2.0,5.0,,3.0,1,0.426,0
130,21,Male,Bourse,Bachelor,66,19,735,2.0,4.0,1.0,3.0,2.0,2.0,2.0,3.0,2.0,2.0,3.0,2.0,2.0,2.0,3.0,2.0,2.0,2.0,2.0,1.0,5.0,4.0,2.0,2.0,4.0,5.0,5.0,2.0,5.0,3.0,1.0,5.0,3.0,2.0,3.0,4.0,2.0,3.0,3.0,2.0,5.0,4.0,2.0,1.0,1.0,2.0,2.0,1.0,3.0,3.0,4.0,1.0,2.0,3.0,2.0,2.0,2.0,2.0,2.0,2.0,5.0,1.0,3.0,1.0,1.0,2.0,2.0,1.0,3.0,1.0,1.0,2.0,6.0,2.0,3.0,4.0,2.0,4.0,6.0,3.0,2.0,1.0,2.0,2.0,1.0,2.0,1.0,1.0,1.0,1.0,1.0,1.0,1.0,1.0,1.0,2.0,1.0,1.0,1.0,1.0,2.0,1.0,1.0,2.0,1.0,2.0,2.0,2.0,1,0.0,0
131,25,Female,Bourse,Bachelor,60,3,376,2.0,2.0,3.0,2.0,1.0,2.0,2.0,3.0,2.0,4.0,2.0,2.0,3.0,1.0,4.0,2.0,4.0,1.0,4.0,2.0,4.0,3.0,3.0,6.0,3.0,3.0,3.0,4.0,2.0,1.0,3.0,4.0,2.0,4.0,3.0,1.0,1.0,5.0,3.0,2.0,5.0,3.0,6.0,4.0,2.0,2.0,2.0,3.0,1.0,1.0,2.0,3.0,3.0,1.0,2.0,3.0,4.0,2.0,4.0,5.0,5.0,1.0,3.0,2.0,1.0,2.0,1.0,4.0,3.0,2.0,1.0,1.0,3.0,4.0,2.0,4.0,2.0,1.0,1.0,3.0,3.0,3.0,1.0,1.0,1.0,2.0,1.0,1.0,2.0,1.0,1.0,2.0,3.0,2.0,4.0,1.0,1.0,1.0,1.0,2.0,1.0,1.0,1.0,1.0,2.0,2.0,2.0,2.0,1,0.0,0
132,35,Male,Forex,Bachelor,50,5,512,3.0,1.0,3.0,1.0,4.0,2.0,4.0,1.0,4.0,1.0,3.0,1.0,4.0,1.0,4.0,2.0,4.0,1.0,3.0,1.0,2.0,2.0,2.0,1.0,2.0,3.0,1.0,3.0,4.0,5.0,2.0,3.0,1.0,2.0,1.0,2.0,1.0,2.0,1.0,1.0,2.0,2.0,1.0,1.0,1.0,4.0,1.0,1.0,1.0,5.0,2.0,6.0,3.0,3.0,1.0,2.0,2.0,2.0,3.0,3.0,2.0,2.0,1.0,3.0,1.0,3.0,1.0,1.0,2.0,3.0,2.0,2.0,5.0,4.0,2.0,1.0,3.0,3.0,2.0,3.0,3.0,4.0,2.0,1.0,1.0,2.0,5.0,2.0,4.0,3.0,4.0,2.0,2.0,1.0,3.0,1.0,4.0,2.0,2.0,1.0,2.0,2.0,2.0,4.0,3.0,3.0,1.0,5.0,1,0.0,0
133,27,Male,Gold,Bachelor,75,2,83,2.0,2.0,2.0,2.0,2.0,2.0,2.0,2.0,2.0,2.0,2.0,2.0,2.0,2.0,2.0,2.0,2.0,2.0,2.0,2.0,2.0,2.0,2.0,2.0,2.0,2.0,2.0,2.0,2.0,2.0,2.0,2.0,2.0,2.0,2.0,2.0,2.0,2.0,2.0,2.0,2.0,2.0,2.0,2.0,2.0,2.0,2.0,2.0,2.0,2.0,2.0,2.0,2.0,2.0,2.0,2.0,2.0,2.0,2.0,2.0,2.0,2.0,2.0,2.0,2.0,2.0,2.0,2.0,2.0,2.0,2.0,2.0,2.0,2.0,2.0,2.0,2.0,2.0,2.0,2.0,2.0,2.0,2.0,2.0,2.0,2.0,2.0,2.0,2.0,2.0,2.0,2.0,2.0,2.0,2.0,2.0,2.0,2.0,2.0,2.0,2.0,2.0,2.0,2.0,2.0,2.0,2.0,2.0,1,0.0,0
134,36,Male,Crypto,Other,56,2,855,3.0,2.0,3.0,2.0,3.0,1.0,2.0,1.0,4.0,1.0,2.0,2.0,3.0,1.0,4.0,1.0,3.0,2.0,4.0,1.0,2.0,4.0,5.0,2.0,6.0,6.0,5.0,1.0,3.0,6.0,6.0,3.0,2.0,1.0,3.0,1.0,2.0,5.0,6.0,5.0,2.0,3.0,6.0,3.0,4.0,3.0,6.0,2.0,3.0,4.0,2.0,3.0,4.0,2.0,4.0,3.0,4.0,3.0,5.0,3.0,2.0,5.0,4.0,2.0,4.0,1.0,4.0,2.0,2.0,1.0,2.0,1.0,3.0,1.0,1.0,1.0,2.0,1.0,2.0,2.0,3.0,1.0,2.0,2.0,2.0,1.0,1.0,2.0,4.0,4.0,1.0,2.0,3.0,2.0,2.0,2.0,4.0,1.0,1.0,1.0,1.0,3.0,3.0,4.0,2.0,1.0,1.0,2.0,1,0.0,0
135,46,Female,Bourse,Master,35,8,408,3.0,1.0,2.0,1.0,2.0,3.0,2.0,2.0,2.0,4.0,4.0,1.0,3.0,3.0,3.0,2.0,4.0,2.0,4.0,1.0,6.0,5.0,6.0,3.0,3.0,4.0,4.0,5.0,4.0,6.0,5.0,6.0,4.0,3.0,4.0,3.0,2.0,3.0,2.0,2.0,5.0,3.0,2.0,5.0,3.0,4.0,3.0,3.0,3.0,3.0,3.0,3.0,5.0,6.0,2.0,3.0,3.0,1.0,4.0,4.0,3.0,3.0,6.0,6.0,6.0,4.0,4.0,2.0,4.0,3.0,3.0,3.0,3.0,2.0,1.0,2.0,2.0,1.0,1.0,2.0,1.0,2.0,2.0,5.0,3.0,2.0,2.0,3.0,1.0,2.0,1.0,6.0,1.0,1.0,2.0,2.0,1.0,2.0,2.0,3.0,1.0,3.0,3.0,2.0,4.0,3.0,2.0,2.0,1,0.0,0
136,25,Male,Bourse,Bachelor,35,17,727,2.0,2.0,3.0,2.0,2.0,1.0,2.0,3.0,2.0,2.0,3.0,2.0,2.0,3.0,4.0,2.0,4.0,1.0,2.0,1.0,1.0,1.0,3.0,2.0,5.0,2.0,2.0,1.0,2.0,2.0,2.0,2.0,1.0,1.0,1.0,3.0,4.0,3.0,3.0,1.0,4.0,1.0,4.0,1.0,3.0,5.0,3.0,2.0,4.0,1.0,2.0,1.0,2.0,1.0,3.0,2.0,1.0,2.0,3.0,2.0,4.0,1.0,6.0,5.0,2.0,1.0,2.0,1.0,3.0,4.0,2.0,1.0,3.0,1.0,3.0,2.0,1.0,3.0,1.0,3.0,1.0,4.0,2.0,4.0,3.0,3.0,3.0,3.0,4.0,4.0,3.0,1.0,1.0,5.0,2.0,1.0,1.0,1.0,2.0,1.0,1.0,1.0,1.0,1.0,2.0,1.0,1.0,4.0,1,0.0,0
137,26,Male,Gold,Bachelor,24,11,625,3.0,4.0,2.0,1.0,3.0,2.0,2.0,4.0,3.0,2.0,3.0,2.0,2.0,4.0,2.0,1.0,3.0,2.0,4.0,1.0,3.0,3.0,4.0,4.0,5.0,2.0,3.0,4.0,5.0,1.0,6.0,4.0,2.0,3.0,3.0,3.0,3.0,3.0,4.0,4.0,5.0,2.0,4.0,2.0,6.0,5.0,2.0,2.0,3.0,4.0,3.0,2.0,2.0,2.0,5.0,3.0,4.0,3.0,2.0,3.0,5.0,2.0,4.0,3.0,6.0,2.0,4.0,4.0,6.0,1.0,6.0,4.0,2.0,1.0,1.0,1.0,1.0,2.0,2.0,2.0,3.0,4.0,2.0,3.0,5.0,4.0,1.0,1.0,2.0,4.0,2.0,3.0,2.0,4.0,2.0,1.0,1.0,2.0,2.0,2.0,1.0,2.0,3.0,5.0,3.0,3.0,3.0,3.0,1,0.0,0
138,30,Male,Bourse,Master,29,9,295,3.0,2.0,1.0,3.0,4.0,3.0,2.0,3.0,4.0,2.0,3.0,3.0,1.0,1.0,2.0,1.0,2.0,2.0,4.0,1.0,6.0,3.0,5.0,4.0,2.0,6.0,2.0,5.0,3.0,6.0,1.0,4.0,5.0,2.0,3.0,4.0,3.0,3.0,2.0,3.0,6.0,3.0,5.0,2.0,1.0,5.0,3.0,4.0,3.0,4.0,2.0,3.0,2.0,1.0,2.0,3.0,4.0,2.0,2.0,5.0,3.0,4.0,3.0,6.0,2.0,4.0,4.0,2.0,6.0,6.0,6.0,6.0,6.0,3.0,3.0,3.0,2.0,4.0,4.0,4.0,2.0,2.0,1.0,3.0,3.0,1.0,1.0,1.0,2.0,1.0,2.0,5.0,1.0,2.0,3.0,2.0,1.0,1.0,2.0,3.0,1.0,2.0,3.0,3.0,2.0,4.0,3.0,5.0,1,0.0,0
139,44,Male,Bourse,Master,8,8,365,2.0,2.0,3.0,2.0,3.0,2.0,3.0,2.0,2.0,1.0,3.0,1.0,3.0,1.0,2.0,2.0,4.0,2.0,2.0,2.0,2.0,2.0,1.0,1.0,6.0,2.0,4.0,4.0,2.0,4.0,3.0,4.0,5.0,1.0,2.0,2.0,2.0,4.0,2.0,4.0,2.0,6.0,1.0,6.0,1.0,2.0,3.0,1.0,1.0,2.0,1.0,5.0,2.0,1.0,2.0,1.0,1.0,3.0,1.0,2.0,6.0,4.0,2.0,1.0,1.0,1.0,5.0,3.0,2.0,1.0,2.0,1.0,2.0,3.0,1.0,1.0,1.0,1.0,1.0,3.0,2.0,1.0,2.0,5.0,2.0,1.0,1.0,1.0,1.0,1.0,1.0,1.0,2.0,1.0,2.0,2.0,3.0,2.0,1.0,3.0,1.0,2.0,1.0,3.0,3.0,1.0,2.0,2.0,1,0.0,0
140,44,Male,Crypto,Bachelor,37,7,348,1.0,3.0,2.0,3.0,4.0,1.0,2.0,1.0,3.0,2.0,3.0,3.0,3.0,2.0,1.0,1.0,3.0,2.0,3.0,2.0,3.0,3.0,5.0,5.0,2.0,1.0,3.0,3.0,3.0,4.0,6.0,2.0,2.0,6.0,3.0,2.0,2.0,1.0,2.0,2.0,4.0,2.0,2.0,1.0,1.0,1.0,2.0,4.0,1.0,2.0,2.0,1.0,2.0,1.0,5.0,3.0,3.0,4.0,3.0,3.0,3.0,1.0,4.0,4.0,3.0,1.0,4.0,4.0,3.0,1.0,4.0,1.0,2.0,3.0,1.0,1.0,3.0,3.0,2.0,2.0,2.0,2.0,1.0,1.0,2.0,2.0,3.0,1.0,2.0,5.0,2.0,1.0,3.0,2.0,2.0,1.0,4.0,5.0,3.0,3.0,5.0,3.0,5.0,5.0,4.0,5.0,4.0,5.0,1,0.0,0
141,49,Female,Crypto,Bachelor,109,3,58,2.0,2.0,2.0,2.0,2.0,2.0,2.0,2.0,2.0,2.0,2.0,2.0,2.0,2.0,2.0,2.0,2.0,2.0,2.0,2.0,2.0,2.0,2.0,2.0,2.0,2.0,2.0,2.0,2.0,2.0,2.0,2.0,2.0,2.0,2.0,2.0,2.0,2.0,2.0,2.0,2.0,2.0,2.0,2.0,2.0,2.0,2.0,2.0,2.0,2.0,2.0,2.0,2.0,2.0,2.0,2.0,2.0,2.0,2.0,2.0,2.0,2.0,2.0,2.0,2.0,2.0,2.0,2.0,2.0,2.0,2.0,2.0,2.0,2.0,2.0,2.0,2.0,2.0,2.0,2.0,2.0,2.0,2.0,2.0,2.0,2.0,2.0,2.0,2.0,2.0,2.0,2.0,2.0,2.0,2.0,2.0,2.0,2.0,2.0,2.0,2.0,2.0,2.0,2.0,2.0,2.0,2.0,2.0,1,0.0,0
142,28,Male,Bourse,Other,71,2,574,1.0,2.0,3.0,3.0,3.0,4.0,2.0,4.0,2.0,3.0,1.0,4.0,3.0,2.0,3.0,2.0,3.0,1.0,3.0,2.0,6.0,5.0,5.0,3.0,6.0,2.0,4.0,2.0,2.0,2.0,3.0,3.0,2.0,1.0,5.0,4.0,1.0,3.0,2.0,2.0,2.0,4.0,4.0,1.0,1.0,2.0,5.0,4.0,2.0,4.0,5.0,4.0,3.0,2.0,3.0,3.0,2.0,2.0,5.0,5.0,4.0,4.0,5.0,1.0,5.0,3.0,3.0,6.0,2.0,2.0,4.0,2.0,1.0,3.0,4.0,3.0,1.0,2.0,5.0,2.0,2.0,2.0,2.0,5.0,2.0,3.0,1.0,2.0,4.0,3.0,2.0,5.0,3.0,3.0,3.0,4.0,1.0,2.0,1.0,2.0,5.0,4.0,5.0,2.0,3.0,5.0,3.0,4.0,1,0.0,0
143,36,Male,Forex,Diploma,124,6,360,2.0,1.0,3.0,2.0,3.0,3.0,3.0,3.0,2.0,4.0,2.0,4.0,2.0,4.0,3.0,1.0,2.0,1.0,4.0,2.0,4.0,5.0,6.0,5.0,2.0,4.0,2.0,6.0,4.0,2.0,5.0,2.0,2.0,3.0,3.0,2.0,5.0,3.0,2.0,6.0,4.0,3.0,2.0,6.0,5.0,3.0,3.0,5.0,4.0,5.0,5.0,5.0,1.0,6.0,3.0,2.0,2.0,3.0,2.0,3.0,1.0,5.0,3.0,3.0,3.0,4.0,2.0,4.0,2.0,3.0,2.0,2.0,3.0,3.0,1.0,3.0,2.0,2.0,1.0,2.0,1.0,4.0,3.0,4.0,2.0,1.0,3.0,1.0,2.0,3.0,1.0,2.0,1.0,3.0,2.0,3.0,1.0,3.0,1.0,1.0,1.0,3.0,2.0,2.0,3.0,4.0,1.0,1.0,1,0.0,0
144,28,Female,Gold,Master,21,18,570,2.0,4.0,3.0,3.0,1.0,3.0,2.0,3.0,3.0,2.0,2.0,2.0,2.0,2.0,4.0,1.0,1.0,2.0,3.0,1.0,5.0,5.0,6.0,6.0,6.0,6.0,6.0,3.0,6.0,6.0,5.0,5.0,4.0,5.0,5.0,4.0,3.0,4.0,4.0,4.0,1.0,5.0,3.0,4.0,4.0,1.0,3.0,3.0,3.0,6.0,4.0,4.0,5.0,6.0,2.0,6.0,5.0,5.0,4.0,5.0,6.0,5.0,3.0,6.0,6.0,5.0,5.0,6.0,6.0,5.0,6.0,6.0,4.0,3.0,3.0,2.0,4.0,4.0,4.0,6.0,2.0,4.0,4.0,1.0,4.0,6.0,2.0,6.0,1.0,2.0,3.0,4.0,2.0,1.0,2.0,3.0,2.0,5.0,5.0,3.0,5.0,3.0,3.0,3.0,5.0,2.0,5.0,5.0,1,0.0,0
145,41,Female,Bourse,Diploma,76,6,337,4.0,3.0,4.0,3.0,3.0,1.0,3.0,2.0,2.0,2.0,2.0,2.0,3.0,1.0,2.0,2.0,3.0,1.0,3.0,1.0,3.0,1.0,6.0,3.0,2.0,1.0,1.0,3.0,5.0,3.0,3.0,2.0,2.0,2.0,2.0,3.0,4.0,3.0,4.0,4.0,3.0,2.0,2.0,3.0,2.0,3.0,5.0,3.0,3.0,3.0,1.0,2.0,1.0,1.0,2.0,3.0,1.0,3.0,1.0,3.0,1.0,4.0,3.0,1.0,2.0,4.0,4.0,5.0,6.0,4.0,4.0,6.0,5.0,2.0,4.0,4.0,4.0,3.0,1.0,4.0,5.0,3.0,1.0,3.0,3.0,1.0,1.0,1.0,1.0,1.0,1.0,2.0,4.0,5.0,3.0,2.0,1.0,1.0,1.0,4.0,1.0,3.0,2.0,3.0,3.0,2.0,1.0,3.0,1,0.0,0
146,35,Female,Bourse,Bachelor,27,19,319,3.0,3.0,3.0,3.0,3.0,3.0,3.0,3.0,3.0,3.0,3.0,3.0,3.0,3.0,3.0,3.0,3.0,3.0,3.0,3.0,3.0,3.0,3.0,3.0,3.0,3.0,3.0,3.0,3.0,3.0,3.0,3.0,3.0,3.0,3.0,3.0,3.0,3.0,3.0,3.0,3.0,3.0,3.0,3.0,3.0,3.0,3.0,3.0,3.0,3.0,3.0,3.0,3.0,3.0,3.0,3.0,3.0,3.0,3.0,3.0,3.0,3.0,3.0,3.0,3.0,3.0,3.0,3.0,3.0,3.0,3.0,3.0,3.0,3.0,3.0,3.0,3.0,3.0,3.0,3.0,3.0,3.0,3.0,3.0,3.0,3.0,3.0,3.0,3.0,3.0,3.0,3.0,3.0,3.0,3.0,3.0,3.0,3.0,3.0,3.0,3.0,3.0,3.0,3.0,3.0,3.0,3.0,3.0,1,0.0,1
147,28,Male,Crypto,Other,44,26,498,3.0,2.0,2.0,1.0,4.0,1.0,2.0,3.0,3.0,2.0,2.0,2.0,2.0,2.0,4.0,1.0,4.0,2.0,4.0,1.0,3.0,5.0,2.0,2.0,2.0,2.0,2.0,1.0,1.0,6.0,1.0,1.0,1.0,2.0,3.0,4.0,1.0,2.0,5.0,2.0,1.0,2.0,2.0,2.0,3.0,2.0,2.0,4.0,1.0,1.0,5.0,4.0,1.0,2.0,3.0,1.0,2.0,3.0,1.0,2.0,1.0,2.0,5.0,1.0,2.0,2.0,3.0,1.0,2.0,2.0,1.0,2.0,1.0,2.0,4.0,1.0,2.0,2.0,3.0,2.0,1.0,3.0,3.0,3.0,1.0,5.0,3.0,2.0,2.0,1.0,2.0,4.0,2.0,1.0,4.0,3.0,2.0,2.0,1.0,1.0,1.0,1.0,2.0,1.0,2.0,3.0,1.0,3.0,1,0.0,0
148,23,Male,Forex,Bachelor,33,3,305,3.0,3.0,4.0,1.0,2.0,2.0,2.0,3.0,2.0,2.0,2.0,2.0,4.0,1.0,4.0,1.0,3.0,1.0,4.0,1.0,3.0,3.0,6.0,3.0,4.0,4.0,4.0,4.0,5.0,5.0,6.0,3.0,5.0,3.0,3.0,4.0,1.0,3.0,4.0,4.0,3.0,3.0,2.0,4.0,3.0,2.0,1.0,6.0,4.0,3.0,3.0,3.0,2.0,3.0,2.0,4.0,1.0,1.0,3.0,5.0,5.0,3.0,3.0,4.0,4.0,2.0,1.0,2.0,1.0,2.0,2.0,1.0,1.0,1.0,1.0,1.0,1.0,3.0,1.0,2.0,4.0,1.0,3.0,2.0,2.0,2.0,1.0,2.0,1.0,1.0,1.0,1.0,2.0,2.0,2.0,1.0,2.0,3.0,2.0,1.0,1.0,1.0,1.0,2.0,3.0,4.0,1.0,2.0,1,0.0,0
149,32,Male,Crypto,Master,18,2,1218,3.0,1.0,4.0,1.0,4.0,1.0,3.0,2.0,4.0,2.0,4.0,2.0,4.0,2.0,3.0,1.0,3.0,1.0,2.0,1.0,3.0,3.0,5.0,6.0,3.0,2.0,3.0,3.0,1.0,3.0,3.0,5.0,5.0,3.0,6.0,4.0,2.0,2.0,4.0,3.0,4.0,6.0,6.0,3.0,3.0,4.0,4.0,3.0,6.0,3.0,1.0,4.0,1.0,6.0,5.0,2.0,2.0,3.0,6.0,4.0,4.0,4.0,6.0,4.0,1.0,3.0,6.0,4.0,3.0,6.0,4.0,6.0,3.0,6.0,2.0,3.0,2.0,4.0,2.0,3.0,2.0,2.0,1.0,2.0,2.0,5.0,4.0,3.0,1.0,2.0,4.0,4.0,5.0,4.0,1.0,1.0,2.0,2.0,1.0,3.0,2.0,3.0,3.0,2.0,2.0,1.0,5.0,3.0,1,0.0,0
150,63,Male,Crypto,Diploma,65,9,490,1.0,4.0,1.0,2.0,2.0,3.0,1.0,2.0,2.0,4.0,2.0,2.0,2.0,4.0,2.0,3.0,1.0,2.0,2.0,2.0,6.0,3.0,4.0,3.0,3.0,4.0,3.0,4.0,3.0,5.0,2.0,2.0,4.0,4.0,3.0,3.0,5.0,4.0,2.0,4.0,5.0,1.0,5.0,5.0,3.0,1.0,3.0,3.0,2.0,3.0,4.0,2.0,3.0,2.0,3.0,6.0,1.0,4.0,6.0,3.0,3.0,3.0,5.0,2.0,3.0,4.0,4.0,4.0,5.0,3.0,2.0,2.0,3.0,4.0,2.0,2.0,4.0,5.0,6.0,6.0,4.0,3.0,2.0,1.0,3.0,2.0,1.0,3.0,3.0,1.0,3.0,4.0,3.0,2.0,5.0,5.0,3.0,3.0,5.0,2.0,3.0,4.0,4.0,2.0,5.0,5.0,4.0,5.0,1,0.0,0
151,23,Female,Gold,Master,98,15,582,4.0,1.0,2.0,1.0,2.0,2.0,2.0,2.0,2.0,2.0,3.0,2.0,2.0,2.0,3.0,2.0,3.0,2.0,3.0,3.0,6.0,6.0,3.0,3.0,2.0,2.0,4.0,3.0,3.0,2.0,4.0,4.0,2.0,1.0,3.0,3.0,4.0,1.0,1.0,3.0,6.0,5.0,3.0,3.0,3.0,5.0,2.0,4.0,3.0,5.0,2.0,2.0,1.0,4.0,2.0,3.0,6.0,2.0,4.0,3.0,4.0,2.0,4.0,1.0,4.0,5.0,3.0,5.0,2.0,3.0,2.0,1.0,3.0,5.0,4.0,2.0,3.0,4.0,6.0,3.0,2.0,2.0,1.0,1.0,5.0,3.0,2.0,1.0,2.0,2.0,2.0,1.0,1.0,4.0,2.0,2.0,2.0,1.0,4.0,1.0,2.0,4.0,3.0,3.0,3.0,4.0,3.0,2.0,1,0.0,0
152,33,Female,Crypto,Master,40,17,354,2.0,2.0,1.0,2.0,4.0,3.0,2.0,4.0,2.0,3.0,4.0,1.0,4.0,1.0,3.0,1.0,3.0,1.0,4.0,2.0,1.0,5.0,5.0,4.0,6.0,5.0,5.0,5.0,4.0,1.0,3.0,2.0,2.0,4.0,4.0,2.0,4.0,6.0,4.0,4.0,1.0,3.0,6.0,4.0,4.0,3.0,4.0,5.0,1.0,6.0,3.0,6.0,6.0,4.0,6.0,5.0,2.0,2.0,5.0,6.0,6.0,2.0,4.0,3.0,4.0,2.0,4.0,2.0,4.0,2.0,4.0,4.0,3.0,3.0,2.0,3.0,4.0,2.0,3.0,4.0,5.0,5.0,3.0,4.0,3.0,4.0,6.0,2.0,1.0,1.0,2.0,2.0,4.0,2.0,6.0,1.0,3.0,1.0,2.0,2.0,2.0,2.0,4.0,4.0,1.0,5.0,5.0,2.0,1,0.0,0
153,40,Female,Bourse,Bachelor,14,9,535,4.0,4.0,3.0,1.0,2.0,4.0,2.0,3.0,2.0,1.0,1.0,3.0,4.0,1.0,1.0,1.0,2.0,1.0,2.0,1.0,6.0,4.0,4.0,4.0,6.0,2.0,2.0,2.0,6.0,3.0,1.0,2.0,4.0,5.0,3.0,5.0,1.0,2.0,1.0,1.0,4.0,1.0,2.0,6.0,2.0,2.0,5.0,2.0,2.0,2.0,2.0,2.0,2.0,2.0,2.0,6.0,1.0,4.0,5.0,4.0,6.0,4.0,2.0,3.0,1.0,3.0,4.0,4.0,3.0,3.0,6.0,3.0,4.0,3.0,2.0,1.0,2.0,3.0,4.0,2.0,6.0,2.0,1.0,4.0,2.0,4.0,6.0,5.0,4.0,4.0,3.0,4.0,3.0,5.0,2.0,3.0,2.0,2.0,2.0,3.0,1.0,2.0,2.0,4.0,3.0,1.0,4.0,4.0,1,0.0,0
154,25,Male,Bourse,Master,49,5,620,1.0,2.0,2.0,2.0,1.0,2.0,2.0,1.0,2.0,1.0,2.0,2.0,1.0,2.0,3.0,2.0,3.0,3.0,3.0,1.0,4.0,6.0,6.0,6.0,6.0,6.0,6.0,6.0,4.0,6.0,6.0,6.0,5.0,4.0,6.0,1.0,3.0,4.0,2.0,3.0,4.0,4.0,6.0,6.0,5.0,4.0,4.0,2.0,1.0,1.0,6.0,3.0,5.0,4.0,4.0,5.0,6.0,3.0,6.0,6.0,3.0,6.0,6.0,3.0,4.0,3.0,4.0,3.0,5.0,5.0,4.0,2.0,4.0,3.0,3.0,2.0,4.0,3.0,4.0,1.0,6.0,4.0,1.0,5.0,1.0,2.0,2.0,5.0,4.0,3.0,2.0,3.0,5.0,5.0,3.0,1.0,3.0,2.0,1.0,2.0,2.0,1.0,1.0,2.0,3.0,1.0,2.0,1.0,1,0.0,0
155,39,Male,Bourse,Master,13,8,957,2.0,2.0,1.0,1.0,3.0,2.0,2.0,4.0,3.0,1.0,3.0,2.0,4.0,3.0,3.0,1.0,3.0,1.0,2.0,2.0,3.0,2.0,2.0,5.0,3.0,3.0,2.0,4.0,5.0,3.0,2.0,4.0,1.0,3.0,4.0,4.0,2.0,5.0,6.0,3.0,4.0,4.0,5.0,4.0,2.0,4.0,4.0,3.0,2.0,5.0,4.0,3.0,1.0,2.0,2.0,1.0,2.0,3.0,3.0,4.0,6.0,2.0,1.0,3.0,2.0,4.0,3.0,3.0,6.0,3.0,5.0,3.0,6.0,1.0,1.0,3.0,6.0,3.0,2.0,3.0,4.0,1.0,2.0,3.0,5.0,2.0,4.0,4.0,2.0,2.0,4.0,2.0,1.0,2.0,4.0,2.0,2.0,1.0,3.0,2.0,2.0,2.0,3.0,3.0,4.0,5.0,3.0,5.0,1,0.0,0
156,50,Female,Bourse,Bachelor,13,3,285,,,1.0,,,3.0,1.0,,,3.0,,,2.0,,2.0,,,,2.0,,,,,4.0,4.0,,,,2.0,,6.0,,4.0,,3.0,5.0,,,,3.0,,,2.0,2.0,6.0,,,2.0,,,2.0,,2.0,,3.0,2.0,,,,2.0,1.0,,,3.0,,,3.0,6.0,3.0,5.0,4.0,3.0,,5.0,,,4.0,,2.0,2.0,,,,,4.0,1.0,3.0,2.0,,1.0,,2.0,2.0,,,1.0,3.0,2.0,,,1.0,,,4.0,,3.0,,3.0,1,0.537,0
157,63,Male,Gold,Diploma,58,10,380,,,,,,4.0,2.0,3.0,2.0,,,2.0,3.0,,,1.0,,2.0,2.0,1.0,4.0,3.0,6.0,,,5.0,3.0,,,5.0,1.0,3.0,,,,,3.0,1.0,2.0,1.0,,,1.0,,,,,1.0,,,,4.0,4.0,,1.0,2.0,1.0,2.0,1.0,1.0,,2.0,1.0,4.0,2.0,,,,3.0,1.0,1.0,,1.0,,,,2.0,1.0,1.0,4.0,3.0,,2.0,2.0,,,5.0,,1.0,,,,2.0,2.0,,1.0,2.0,1.0,,,2.0,1.0,,1.0,,1.0,1.0,3.0,1,0.444,0
158,27,Male,Bourse,Master,58,7,382,1.0,2.0,4.0,3.0,1.0,4.0,2.0,4.0,2.0,2.0,1.0,2.0,4.0,1.0,2.0,2.0,2.0,2.0,2.0,4.0,5.0,5.0,4.0,2.0,1.0,3.0,2.0,2.0,2.0,1.0,1.0,4.0,6.0,3.0,4.0,1.0,4.0,3.0,3.0,2.0,2.0,2.0,3.0,2.0,2.0,3.0,2.0,1.0,4.0,3.0,4.0,1.0,2.0,1.0,2.0,2.0,4.0,2.0,2.0,3.0,2.0,4.0,2.0,1.0,1.0,3.0,2.0,2.0,2.0,3.0,2.0,5.0,2.0,5.0,3.0,2.0,2.0,3.0,2.0,3.0,3.0,3.0,3.0,3.0,1.0,6.0,3.0,4.0,4.0,1.0,2.0,2.0,3.0,1.0,3.0,1.0,1.0,2.0,2.0,1.0,2.0,2.0,3.0,3.0,4.0,2.0,1.0,4.0,1,0.0,0
159,24,Male,Bourse,Master,63,9,244,4.0,1.0,4.0,1.0,4.0,2.0,3.0,2.0,3.0,1.0,4.0,1.0,4.0,1.0,4.0,1.0,4.0,2.0,2.0,1.0,2.0,3.0,3.0,2.0,1.0,3.0,2.0,2.0,1.0,5.0,1.0,5.0,4.0,1.0,1.0,3.0,2.0,1.0,3.0,1.0,2.0,1.0,1.0,1.0,1.0,1.0,2.0,1.0,3.0,1.0,1.0,1.0,2.0,3.0,1.0,2.0,3.0,1.0,1.0,2.0,1.0,1.0,2.0,1.0,1.0,3.0,2.0,2.0,2.0,1.0,2.0,2.0,3.0,2.0,2.0,3.0,2.0,3.0,3.0,2.0,1.0,1.0,1.0,1.0,1.0,1.0,2.0,1.0,1.0,1.0,1.0,1.0,1.0,1.0,2.0,2.0,1.0,1.0,3.0,1.0,2.0,2.0,1.0,3.0,1.0,2.0,1.0,2.0,1,0.0,0
160,36,Male,Crypto,Bachelor,19,5,184,2.0,2.0,2.0,1.0,4.0,3.0,2.0,4.0,2.0,1.0,2.0,2.0,4.0,2.0,4.0,1.0,4.0,2.0,3.0,3.0,6.0,5.0,3.0,6.0,6.0,6.0,4.0,6.0,4.0,6.0,6.0,6.0,4.0,3.0,6.0,3.0,3.0,4.0,6.0,6.0,6.0,6.0,3.0,6.0,3.0,5.0,3.0,5.0,6.0,3.0,3.0,3.0,2.0,3.0,2.0,4.0,2.0,2.0,3.0,3.0,6.0,4.0,5.0,1.0,2.0,5.0,2.0,4.0,2.0,3.0,5.0,2.0,2.0,2.0,5.0,1.0,4.0,6.0,1.0,2.0,2.0,3.0,1.0,2.0,2.0,2.0,4.0,3.0,2.0,3.0,3.0,2.0,3.0,4.0,2.0,3.0,2.0,3.0,3.0,5.0,2.0,4.0,3.0,3.0,2.0,5.0,5.0,4.0,1,0.0,0
161,51,Female,Bourse,Master,34,7,283,1.0,1.0,2.0,2.0,2.0,1.0,2.0,4.0,2.0,2.0,2.0,2.0,3.0,3.0,3.0,1.0,3.0,1.0,3.0,1.0,5.0,5.0,2.0,2.0,2.0,4.0,5.0,4.0,4.0,1.0,1.0,2.0,1.0,1.0,4.0,1.0,3.0,1.0,4.0,3.0,2.0,5.0,3.0,5.0,2.0,4.0,2.0,5.0,2.0,2.0,1.0,1.0,3.0,3.0,1.0,2.0,1.0,2.0,2.0,3.0,1.0,2.0,2.0,2.0,3.0,2.0,2.0,1.0,1.0,1.0,4.0,1.0,1.0,1.0,1.0,1.0,2.0,4.0,1.0,1.0,2.0,1.0,2.0,3.0,1.0,2.0,1.0,2.0,1.0,1.0,1.0,1.0,1.0,3.0,1.0,2.0,2.0,2.0,4.0,1.0,4.0,1.0,4.0,3.0,4.0,2.0,4.0,3.0,1,0.0,0
162,43,Male,Bourse,Bachelor,79,8,331,3.0,2.0,2.0,2.0,4.0,2.0,3.0,2.0,2.0,2.0,2.0,2.0,3.0,1.0,2.0,2.0,2.0,2.0,4.0,2.0,3.0,6.0,2.0,3.0,3.0,2.0,4.0,4.0,3.0,2.0,6.0,4.0,1.0,3.0,2.0,3.0,6.0,6.0,3.0,2.0,3.0,4.0,5.0,5.0,3.0,3.0,3.0,5.0,4.0,4.0,4.0,5.0,5.0,3.0,2.0,5.0,6.0,4.0,5.0,3.0,6.0,5.0,4.0,5.0,4.0,3.0,3.0,4.0,6.0,2.0,5.0,6.0,4.0,2.0,2.0,3.0,3.0,6.0,3.0,3.0,2.0,2.0,3.0,3.0,4.0,4.0,1.0,2.0,4.0,3.0,3.0,2.0,3.0,2.0,2.0,3.0,1.0,2.0,1.0,1.0,4.0,1.0,4.0,1.0,4.0,2.0,1.0,1.0,0,0.0,0
163,32,Male,Crypto,Other,28,6,628,2.0,2.0,2.0,2.0,2.0,2.0,2.0,2.0,2.0,2.0,2.0,2.0,2.0,2.0,2.0,2.0,2.0,2.0,2.0,2.0,2.0,2.0,2.0,2.0,2.0,2.0,2.0,2.0,2.0,2.0,2.0,2.0,2.0,2.0,2.0,2.0,2.0,2.0,2.0,2.0,2.0,2.0,2.0,2.0,2.0,2.0,2.0,2.0,2.0,2.0,2.0,2.0,2.0,2.0,2.0,2.0,2.0,2.0,2.0,2.0,2.0,2.0,2.0,2.0,2.0,2.0,2.0,2.0,2.0,2.0,2.0,2.0,2.0,2.0,2.0,2.0,2.0,2.0,2.0,2.0,2.0,2.0,2.0,2.0,2.0,2.0,2.0,2.0,2.0,2.0,2.0,2.0,2.0,2.0,2.0,3.0,3.0,3.0,3.0,3.0,3.0,3.0,3.0,3.0,3.0,3.0,3.0,3.0,1,0.0,1
164,54,Male,Crypto,Bachelor,45,7,284,1.0,4.0,3.0,3.0,1.0,3.0,1.0,4.0,1.0,3.0,1.0,4.0,3.0,2.0,1.0,3.0,3.0,2.0,2.0,1.0,6.0,4.0,3.0,5.0,6.0,5.0,5.0,6.0,4.0,6.0,6.0,3.0,4.0,6.0,4.0,4.0,3.0,6.0,4.0,2.0,2.0,5.0,4.0,1.0,3.0,3.0,5.0,2.0,2.0,3.0,4.0,1.0,3.0,5.0,4.0,2.0,6.0,6.0,6.0,4.0,6.0,2.0,6.0,6.0,5.0,4.0,4.0,6.0,3.0,6.0,6.0,5.0,1.0,5.0,3.0,4.0,5.0,4.0,5.0,4.0,1.0,6.0,5.0,2.0,4.0,3.0,5.0,1.0,2.0,2.0,3.0,3.0,2.0,4.0,4.0,2.0,5.0,3.0,5.0,2.0,4.0,4.0,4.0,4.0,3.0,3.0,3.0,4.0,1,0.0,0
165,48,Female,Gold,Other,43,12,773,1.0,4.0,2.0,4.0,1.0,4.0,1.0,4.0,1.0,4.0,1.0,4.0,2.0,3.0,2.0,3.0,1.0,3.0,1.0,2.0,5.0,5.0,3.0,6.0,4.0,4.0,6.0,3.0,5.0,5.0,5.0,6.0,4.0,5.0,2.0,3.0,6.0,4.0,6.0,3.0,6.0,3.0,4.0,2.0,3.0,5.0,4.0,2.0,5.0,4.0,5.0,6.0,2.0,1.0,4.0,4.0,5.0,2.0,4.0,5.0,2.0,6.0,6.0,5.0,4.0,3.0,3.0,3.0,4.0,1.0,2.0,2.0,5.0,4.0,2.0,4.0,1.0,3.0,4.0,4.0,4.0,3.0,1.0,1.0,1.0,2.0,3.0,4.0,1.0,2.0,3.0,1.0,3.0,4.0,2.0,3.0,2.0,2.0,4.0,3.0,5.0,2.0,4.0,3.0,4.0,3.0,2.0,2.0,1,0.0,0
166,25,Female,Bourse,Master,81,3,417,2.0,2.0,2.0,2.0,2.0,4.0,1.0,2.0,3.0,2.0,3.0,2.0,3.0,2.0,2.0,3.0,3.0,2.0,3.0,2.0,6.0,3.0,1.0,6.0,5.0,3.0,1.0,2.0,3.0,1.0,4.0,2.0,3.0,3.0,4.0,3.0,2.0,6.0,2.0,3.0,5.0,4.0,6.0,2.0,2.0,5.0,2.0,2.0,2.0,2.0,2.0,2.0,1.0,4.0,3.0,2.0,2.0,2.0,1.0,6.0,2.0,1.0,2.0,2.0,5.0,1.0,2.0,3.0,6.0,2.0,2.0,2.0,4.0,5.0,1.0,3.0,2.0,2.0,2.0,4.0,2.0,5.0,2.0,2.0,2.0,2.0,4.0,1.0,2.0,1.0,3.0,3.0,3.0,2.0,5.0,1.0,1.0,2.0,2.0,2.0,4.0,4.0,3.0,3.0,5.0,1.0,2.0,4.0,1,0.0,0
167,23,Female,Bourse,Master,15,5,431,3.0,1.0,2.0,2.0,3.0,3.0,2.0,4.0,3.0,3.0,1.0,1.0,4.0,2.0,3.0,1.0,3.0,1.0,2.0,1.0,3.0,5.0,6.0,6.0,5.0,5.0,5.0,4.0,3.0,3.0,3.0,3.0,2.0,2.0,1.0,4.0,2.0,6.0,5.0,4.0,5.0,6.0,5.0,3.0,3.0,2.0,2.0,3.0,5.0,2.0,1.0,2.0,3.0,2.0,2.0,2.0,2.0,2.0,5.0,3.0,5.0,3.0,2.0,3.0,3.0,5.0,4.0,5.0,4.0,4.0,4.0,1.0,6.0,3.0,2.0,3.0,1.0,4.0,2.0,5.0,2.0,2.0,2.0,2.0,2.0,1.0,1.0,1.0,2.0,4.0,3.0,1.0,3.0,2.0,1.0,2.0,1.0,2.0,4.0,1.0,1.0,2.0,2.0,3.0,2.0,2.0,3.0,3.0,1,0.0,0
168,35,Male,Bourse,Other,117,5,71,2.0,2.0,2.0,2.0,2.0,2.0,2.0,2.0,2.0,2.0,2.0,2.0,2.0,2.0,2.0,2.0,2.0,2.0,2.0,2.0,2.0,2.0,2.0,2.0,2.0,2.0,2.0,2.0,2.0,2.0,2.0,2.0,2.0,2.0,2.0,2.0,2.0,2.0,2.0,2.0,2.0,2.0,2.0,2.0,2.0,2.0,2.0,2.0,2.0,2.0,2.0,2.0,2.0,2.0,2.0,2.0,2.0,2.0,2.0,2.0,2.0,2.0,2.0,2.0,2.0,2.0,2.0,2.0,2.0,2.0,2.0,2.0,2.0,2.0,2.0,2.0,2.0,2.0,2.0,2.0,2.0,2.0,2.0,2.0,2.0,2.0,2.0,2.0,2.0,2.0,2.0,2.0,2.0,2.0,2.0,2.0,2.0,2.0,2.0,2.0,2.0,2.0,2.0,2.0,2.0,2.0,2.0,2.0,1,0.0,0
169,36,Male,Bourse,Master,21,5,401,2.0,2.0,3.0,1.0,3.0,2.0,3.0,1.0,3.0,1.0,4.0,3.0,2.0,2.0,4.0,1.0,4.0,1.0,3.0,1.0,3.0,3.0,6.0,6.0,5.0,5.0,5.0,6.0,5.0,5.0,6.0,2.0,3.0,6.0,5.0,2.0,3.0,3.0,4.0,2.0,5.0,6.0,3.0,4.0,3.0,2.0,5.0,3.0,2.0,4.0,4.0,3.0,4.0,2.0,2.0,1.0,4.0,4.0,3.0,2.0,4.0,4.0,3.0,5.0,5.0,4.0,5.0,6.0,3.0,4.0,5.0,4.0,3.0,2.0,3.0,4.0,1.0,6.0,4.0,5.0,1.0,1.0,1.0,1.0,2.0,2.0,4.0,3.0,2.0,3.0,3.0,4.0,1.0,2.0,1.0,1.0,1.0,1.0,3.0,2.0,2.0,2.0,2.0,1.0,2.0,1.0,1.0,4.0,1,0.0,0
170,40,Female,Gold,Master,89,16,117,2.0,2.0,2.0,2.0,2.0,2.0,2.0,2.0,2.0,2.0,2.0,2.0,2.0,2.0,2.0,2.0,2.0,2.0,2.0,2.0,2.0,2.0,2.0,2.0,2.0,2.0,2.0,2.0,2.0,2.0,2.0,2.0,2.0,2.0,2.0,2.0,2.0,2.0,2.0,2.0,2.0,2.0,2.0,2.0,2.0,2.0,2.0,2.0,2.0,2.0,2.0,2.0,2.0,2.0,2.0,2.0,2.0,2.0,2.0,2.0,2.0,2.0,2.0,2.0,2.0,2.0,2.0,2.0,2.0,2.0,2.0,2.0,2.0,2.0,2.0,2.0,2.0,2.0,2.0,2.0,2.0,2.0,2.0,2.0,2.0,2.0,2.0,2.0,2.0,2.0,2.0,2.0,2.0,2.0,2.0,2.0,2.0,2.0,2.0,2.0,2.0,2.0,2.0,2.0,2.0,2.0,2.0,2.0,1,0.0,0
171,34,Male,Forex,Bachelor,25,7,1327,3.0,1.0,4.0,1.0,1.0,3.0,3.0,2.0,2.0,2.0,3.0,1.0,3.0,2.0,4.0,2.0,2.0,2.0,3.0,2.0,4.0,5.0,4.0,2.0,1.0,1.0,5.0,5.0,5.0,5.0,1.0,2.0,2.0,2.0,3.0,2.0,2.0,1.0,2.0,2.0,2.0,1.0,1.0,2.0,2.0,1.0,2.0,1.0,2.0,1.0,3.0,2.0,2.0,1.0,2.0,4.0,4.0,2.0,1.0,3.0,4.0,2.0,1.0,2.0,1.0,3.0,3.0,1.0,6.0,1.0,2.0,2.0,3.0,5.0,1.0,1.0,1.0,6.0,4.0,1.0,1.0,3.0,1.0,1.0,1.0,2.0,1.0,2.0,2.0,2.0,1.0,1.0,1.0,2.0,1.0,1.0,1.0,1.0,2.0,1.0,1.0,1.0,1.0,1.0,1.0,1.0,1.0,1.0,1,0.0,0
172,37,Male,Gold,Master,18,2,607,3.0,4.0,1.0,4.0,2.0,3.0,2.0,3.0,2.0,2.0,1.0,4.0,2.0,3.0,2.0,2.0,2.0,2.0,2.0,2.0,6.0,6.0,6.0,3.0,6.0,4.0,4.0,5.0,5.0,6.0,3.0,5.0,2.0,3.0,5.0,2.0,2.0,4.0,6.0,3.0,3.0,4.0,3.0,2.0,2.0,3.0,2.0,2.0,1.0,4.0,2.0,3.0,6.0,2.0,4.0,5.0,2.0,5.0,3.0,2.0,2.0,3.0,3.0,5.0,3.0,3.0,2.0,4.0,4.0,4.0,2.0,4.0,3.0,2.0,3.0,2.0,1.0,2.0,6.0,2.0,3.0,2.0,2.0,2.0,3.0,2.0,3.0,3.0,4.0,2.0,1.0,2.0,3.0,2.0,2.0,1.0,4.0,1.0,2.0,3.0,2.0,4.0,3.0,5.0,3.0,2.0,2.0,5.0,1,0.0,0
173,27,Male,Bourse,Bachelor,46,6,430,1.0,1.0,1.0,3.0,1.0,2.0,1.0,4.0,1.0,3.0,2.0,4.0,3.0,1.0,3.0,3.0,1.0,1.0,1.0,2.0,3.0,5.0,5.0,6.0,6.0,3.0,6.0,3.0,5.0,6.0,4.0,2.0,3.0,3.0,5.0,2.0,2.0,2.0,3.0,1.0,3.0,3.0,4.0,2.0,2.0,1.0,2.0,2.0,1.0,4.0,4.0,2.0,1.0,5.0,2.0,2.0,2.0,2.0,3.0,3.0,4.0,3.0,3.0,3.0,6.0,5.0,4.0,5.0,5.0,5.0,4.0,3.0,2.0,2.0,3.0,2.0,3.0,3.0,4.0,3.0,2.0,3.0,2.0,2.0,5.0,3.0,2.0,3.0,1.0,1.0,2.0,3.0,4.0,6.0,1.0,2.0,2.0,1.0,1.0,2.0,2.0,2.0,1.0,3.0,3.0,4.0,2.0,4.0,1,0.0,0
174,40,Female,Gold,Master,13,10,477,4.0,,,1.0,2.0,3.0,2.0,,,2.0,3.0,1.0,2.0,1.0,3.0,1.0,2.0,,3.0,2.0,,2.0,,,2.0,,,,,4.0,1.0,1.0,2.0,,,,1.0,,1.0,,2.0,,,,3.0,,2.0,1.0,,,,1.0,1.0,1.0,2.0,,,1.0,1.0,1.0,,,1.0,,1.0,,1.0,,,,,,,1.0,1.0,,,1.0,1.0,1.0,,,,,,1.0,,,2.0,1.0,,,,1.0,,,,,1.0,2.0,1.0,,1.0,1.0,,2.0,2.0,1.0,1,0.5,0
175,36,Female,Forex,Bachelor,29,12,838,3.0,1.0,2.0,1.0,3.0,2.0,3.0,2.0,2.0,1.0,2.0,3.0,3.0,2.0,3.0,1.0,4.0,1.0,3.0,1.0,4.0,5.0,3.0,2.0,6.0,3.0,2.0,4.0,3.0,1.0,2.0,2.0,1.0,2.0,1.0,1.0,2.0,1.0,2.0,3.0,1.0,2.0,1.0,1.0,2.0,1.0,2.0,1.0,2.0,1.0,3.0,3.0,2.0,1.0,1.0,3.0,3.0,3.0,4.0,3.0,1.0,3.0,3.0,2.0,3.0,2.0,1.0,1.0,1.0,1.0,1.0,1.0,1.0,1.0,2.0,1.0,2.0,2.0,1.0,2.0,2.0,2.0,1.0,3.0,2.0,1.0,1.0,3.0,1.0,2.0,1.0,1.0,1.0,2.0,2.0,1.0,1.0,3.0,3.0,2.0,2.0,2.0,1.0,4.0,1.0,2.0,4.0,3.0,1,0.0,0
176,30,Female,Forex,Bachelor,72,10,2289,1.0,3.0,1.0,4.0,2.0,3.0,1.0,3.0,1.0,3.0,1.0,2.0,2.0,2.0,2.0,3.0,2.0,1.0,2.0,2.0,5.0,4.0,6.0,6.0,6.0,6.0,6.0,5.0,5.0,4.0,3.0,6.0,5.0,5.0,6.0,3.0,4.0,2.0,2.0,2.0,3.0,2.0,3.0,3.0,1.0,4.0,1.0,3.0,2.0,1.0,4.0,6.0,2.0,2.0,3.0,5.0,4.0,6.0,3.0,2.0,5.0,6.0,3.0,5.0,4.0,5.0,3.0,3.0,2.0,3.0,3.0,2.0,3.0,2.0,2.0,5.0,3.0,2.0,3.0,3.0,4.0,5.0,3.0,3.0,3.0,5.0,3.0,3.0,3.0,3.0,2.0,4.0,2.0,4.0,4.0,3.0,3.0,1.0,4.0,2.0,1.0,1.0,4.0,2.0,2.0,3.0,5.0,5.0,1,0.0,0
177,34,Male,Bourse,Bachelor,57,9,200,2.0,3.0,3.0,2.0,2.0,3.0,1.0,2.0,2.0,2.0,3.0,4.0,1.0,1.0,2.0,2.0,2.0,1.0,4.0,4.0,5.0,6.0,4.0,3.0,5.0,2.0,4.0,6.0,4.0,3.0,6.0,6.0,5.0,5.0,6.0,2.0,3.0,1.0,2.0,3.0,2.0,2.0,2.0,4.0,4.0,3.0,4.0,3.0,3.0,1.0,4.0,3.0,1.0,4.0,4.0,1.0,2.0,4.0,1.0,2.0,3.0,4.0,2.0,4.0,3.0,3.0,5.0,2.0,3.0,2.0,2.0,3.0,3.0,4.0,4.0,2.0,4.0,3.0,2.0,3.0,2.0,1.0,2.0,1.0,1.0,2.0,1.0,2.0,1.0,1.0,3.0,1.0,2.0,2.0,5.0,1.0,1.0,3.0,2.0,2.0,1.0,1.0,1.0,1.0,3.0,1.0,1.0,1.0,1,0.0,0
178,32,Female,Forex,Bachelor,15,7,344,3.0,2.0,1.0,4.0,1.0,4.0,1.0,4.0,2.0,3.0,2.0,3.0,3.0,4.0,3.0,1.0,2.0,2.0,2.0,3.0,6.0,3.0,5.0,2.0,6.0,5.0,6.0,4.0,2.0,4.0,2.0,3.0,3.0,1.0,5.0,4.0,3.0,2.0,5.0,5.0,4.0,5.0,5.0,2.0,3.0,2.0,4.0,5.0,2.0,2.0,2.0,4.0,4.0,3.0,2.0,3.0,2.0,3.0,3.0,4.0,2.0,4.0,2.0,1.0,4.0,4.0,4.0,5.0,4.0,3.0,4.0,4.0,2.0,3.0,1.0,5.0,3.0,4.0,3.0,5.0,4.0,4.0,4.0,3.0,2.0,1.0,2.0,2.0,4.0,3.0,1.0,2.0,2.0,3.0,3.0,1.0,1.0,3.0,2.0,1.0,2.0,1.0,1.0,1.0,3.0,1.0,2.0,1.0,1,0.0,0
179,22,Male,Bourse,Diploma,17,3,421,2.0,4.0,2.0,4.0,1.0,2.0,1.0,4.0,1.0,3.0,2.0,3.0,1.0,4.0,2.0,4.0,2.0,2.0,2.0,2.0,6.0,5.0,4.0,5.0,5.0,4.0,5.0,6.0,3.0,5.0,2.0,3.0,1.0,5.0,4.0,5.0,4.0,3.0,2.0,6.0,2.0,4.0,3.0,4.0,3.0,2.0,2.0,2.0,4.0,5.0,3.0,5.0,2.0,3.0,2.0,3.0,6.0,4.0,2.0,5.0,3.0,4.0,5.0,2.0,2.0,6.0,2.0,5.0,4.0,6.0,3.0,5.0,3.0,4.0,4.0,3.0,6.0,6.0,3.0,3.0,2.0,4.0,3.0,2.0,5.0,4.0,1.0,1.0,5.0,1.0,1.0,4.0,2.0,5.0,2.0,1.0,1.0,1.0,3.0,3.0,3.0,1.0,1.0,2.0,1.0,1.0,1.0,5.0,1,0.0,0
180,32,Male,Forex,Bachelor,58,7,538,4.0,1.0,2.0,2.0,2.0,2.0,3.0,4.0,2.0,2.0,4.0,2.0,4.0,2.0,4.0,2.0,2.0,1.0,4.0,1.0,5.0,2.0,6.0,5.0,6.0,6.0,2.0,6.0,3.0,6.0,4.0,3.0,6.0,6.0,3.0,1.0,3.0,1.0,2.0,5.0,2.0,1.0,2.0,1.0,1.0,1.0,1.0,1.0,2.0,1.0,1.0,3.0,1.0,4.0,2.0,2.0,6.0,2.0,1.0,3.0,2.0,6.0,3.0,3.0,2.0,1.0,2.0,2.0,2.0,2.0,2.0,2.0,5.0,2.0,2.0,1.0,3.0,6.0,2.0,4.0,4.0,2.0,2.0,3.0,2.0,1.0,1.0,2.0,5.0,2.0,1.0,3.0,4.0,1.0,1.0,1.0,2.0,4.0,4.0,2.0,3.0,2.0,2.0,2.0,2.0,1.0,5.0,4.0,1,0.0,0
181,26,Male,Forex,Master,37,3,368,3.0,3.0,3.0,3.0,3.0,3.0,3.0,3.0,3.0,3.0,3.0,3.0,3.0,3.0,3.0,3.0,3.0,3.0,3.0,3.0,3.0,3.0,3.0,3.0,3.0,3.0,3.0,3.0,3.0,3.0,3.0,3.0,3.0,3.0,3.0,3.0,3.0,3.0,3.0,3.0,3.0,3.0,3.0,3.0,3.0,3.0,3.0,3.0,3.0,3.0,3.0,3.0,3.0,3.0,3.0,3.0,3.0,3.0,3.0,3.0,3.0,3.0,3.0,3.0,3.0,3.0,3.0,3.0,3.0,3.0,3.0,3.0,3.0,3.0,3.0,3.0,3.0,3.0,3.0,3.0,3.0,3.0,3.0,3.0,3.0,3.0,3.0,3.0,3.0,3.0,3.0,3.0,3.0,3.0,3.0,2.0,2.0,2.0,2.0,2.0,2.0,2.0,2.0,2.0,2.0,2.0,2.0,2.0,1,0.0,1
182,28,Female,Crypto,Diploma,35,2,517,2.0,2.0,2.0,2.0,2.0,2.0,2.0,2.0,2.0,2.0,2.0,2.0,2.0,2.0,2.0,2.0,2.0,2.0,2.0,2.0,2.0,2.0,2.0,2.0,2.0,2.0,2.0,2.0,2.0,2.0,2.0,2.0,2.0,2.0,2.0,2.0,2.0,2.0,2.0,2.0,2.0,2.0,2.0,2.0,2.0,2.0,2.0,2.0,2.0,2.0,2.0,2.0,2.0,2.0,2.0,2.0,2.0,2.0,2.0,2.0,2.0,2.0,2.0,2.0,2.0,2.0,2.0,2.0,2.0,2.0,2.0,2.0,2.0,2.0,2.0,2.0,2.0,2.0,2.0,2.0,2.0,2.0,2.0,2.0,2.0,2.0,2.0,2.0,2.0,2.0,2.0,2.0,2.0,2.0,2.0,3.0,3.0,3.0,3.0,3.0,3.0,3.0,3.0,3.0,3.0,3.0,3.0,3.0,1,0.0,1
183,30,Female,Bourse,Diploma,101,15,1133,1.0,2.0,1.0,4.0,3.0,2.0,2.0,4.0,1.0,1.0,1.0,2.0,2.0,2.0,2.0,2.0,3.0,2.0,4.0,2.0,5.0,3.0,4.0,3.0,2.0,6.0,6.0,3.0,4.0,4.0,2.0,6.0,5.0,5.0,3.0,2.0,6.0,4.0,5.0,3.0,5.0,5.0,5.0,2.0,4.0,6.0,2.0,5.0,2.0,1.0,5.0,1.0,1.0,4.0,2.0,2.0,1.0,4.0,2.0,4.0,4.0,1.0,3.0,4.0,4.0,2.0,4.0,3.0,3.0,2.0,2.0,3.0,3.0,2.0,1.0,3.0,1.0,3.0,3.0,3.0,1.0,1.0,4.0,5.0,2.0,1.0,2.0,2.0,2.0,2.0,1.0,1.0,5.0,2.0,2.0,1.0,2.0,1.0,1.0,1.0,1.0,1.0,1.0,1.0,1.0,2.0,1.0,1.0,1,0.0,0
184,37,Male,Crypto,Diploma,21,9,1192,2.0,2.0,2.0,3.0,3.0,3.0,2.0,2.0,1.0,4.0,2.0,2.0,2.0,4.0,4.0,1.0,2.0,2.0,1.0,2.0,1.0,5.0,3.0,5.0,5.0,4.0,2.0,6.0,1.0,6.0,3.0,2.0,1.0,4.0,1.0,3.0,5.0,3.0,4.0,4.0,5.0,4.0,2.0,2.0,2.0,2.0,2.0,2.0,1.0,2.0,2.0,1.0,3.0,2.0,2.0,3.0,4.0,1.0,6.0,5.0,4.0,5.0,4.0,2.0,5.0,4.0,4.0,1.0,5.0,3.0,4.0,1.0,2.0,2.0,5.0,2.0,5.0,5.0,4.0,4.0,3.0,1.0,3.0,3.0,2.0,3.0,5.0,1.0,1.0,3.0,6.0,3.0,4.0,3.0,4.0,3.0,2.0,1.0,1.0,5.0,2.0,1.0,3.0,5.0,3.0,2.0,2.0,4.0,1,0.0,0
185,31,Female,Bourse,Bachelor,30,14,1134,3.0,2.0,1.0,2.0,1.0,2.0,3.0,3.0,2.0,2.0,2.0,2.0,4.0,1.0,2.0,3.0,3.0,2.0,2.0,1.0,3.0,5.0,2.0,3.0,2.0,3.0,2.0,4.0,2.0,4.0,2.0,3.0,2.0,1.0,2.0,3.0,3.0,2.0,2.0,4.0,1.0,3.0,3.0,3.0,5.0,1.0,1.0,1.0,5.0,2.0,5.0,3.0,2.0,2.0,2.0,3.0,2.0,1.0,6.0,2.0,3.0,2.0,2.0,3.0,3.0,3.0,2.0,1.0,2.0,4.0,5.0,2.0,1.0,3.0,2.0,3.0,1.0,4.0,3.0,2.0,3.0,3.0,1.0,1.0,2.0,1.0,2.0,2.0,1.0,2.0,2.0,1.0,1.0,2.0,1.0,2.0,1.0,5.0,1.0,3.0,2.0,1.0,3.0,3.0,3.0,3.0,4.0,5.0,1,0.0,0
186,36,Male,Bourse,Bachelor,54,12,355,2.0,4.0,1.0,2.0,1.0,2.0,1.0,2.0,1.0,4.0,1.0,4.0,2.0,4.0,2.0,2.0,1.0,1.0,1.0,2.0,5.0,4.0,3.0,6.0,2.0,5.0,6.0,3.0,5.0,4.0,2.0,2.0,3.0,3.0,4.0,3.0,3.0,5.0,1.0,3.0,6.0,6.0,3.0,5.0,2.0,5.0,3.0,3.0,4.0,4.0,3.0,1.0,2.0,3.0,3.0,4.0,3.0,2.0,2.0,3.0,6.0,3.0,4.0,5.0,3.0,1.0,2.0,4.0,2.0,2.0,3.0,6.0,3.0,6.0,2.0,3.0,4.0,1.0,2.0,1.0,2.0,3.0,3.0,3.0,3.0,2.0,2.0,1.0,1.0,2.0,1.0,4.0,1.0,2.0,1.0,1.0,2.0,2.0,2.0,1.0,3.0,1.0,4.0,2.0,1.0,2.0,2.0,3.0,0,0.0,0
187,40,Male,Crypto,Master,45,3,381,2.0,3.0,4.0,2.0,1.0,4.0,1.0,2.0,1.0,3.0,4.0,4.0,4.0,4.0,3.0,2.0,3.0,3.0,2.0,1.0,3.0,3.0,5.0,3.0,5.0,4.0,2.0,3.0,5.0,3.0,5.0,1.0,2.0,3.0,3.0,2.0,3.0,5.0,3.0,4.0,3.0,2.0,1.0,2.0,1.0,1.0,3.0,1.0,4.0,2.0,1.0,1.0,2.0,3.0,1.0,2.0,5.0,4.0,2.0,1.0,4.0,2.0,5.0,3.0,1.0,3.0,5.0,3.0,1.0,3.0,4.0,5.0,2.0,3.0,1.0,2.0,3.0,5.0,3.0,5.0,1.0,2.0,6.0,4.0,2.0,1.0,5.0,2.0,2.0,1.0,1.0,2.0,2.0,4.0,3.0,2.0,3.0,1.0,1.0,1.0,2.0,2.0,2.0,3.0,1.0,2.0,3.0,2.0,1,0.0,0
188,28,Female,Gold,Diploma,41,7,112,2.0,2.0,2.0,2.0,2.0,2.0,2.0,2.0,2.0,2.0,2.0,2.0,2.0,2.0,2.0,2.0,2.0,2.0,2.0,2.0,2.0,2.0,2.0,2.0,2.0,2.0,2.0,2.0,2.0,2.0,2.0,2.0,2.0,2.0,2.0,2.0,2.0,2.0,2.0,2.0,2.0,2.0,2.0,2.0,2.0,2.0,2.0,2.0,2.0,2.0,2.0,2.0,2.0,2.0,2.0,2.0,2.0,2.0,2.0,2.0,2.0,2.0,2.0,2.0,2.0,2.0,2.0,2.0,2.0,2.0,2.0,2.0,2.0,2.0,2.0,2.0,2.0,2.0,2.0,2.0,2.0,2.0,2.0,2.0,2.0,2.0,2.0,2.0,2.0,2.0,2.0,2.0,2.0,2.0,2.0,2.0,2.0,2.0,2.0,2.0,2.0,2.0,2.0,2.0,2.0,2.0,2.0,2.0,1,0.0,0
189,29,Female,Crypto,Diploma,40,7,356,2.0,2.0,2.0,2.0,3.0,2.0,2.0,1.0,2.0,3.0,4.0,1.0,4.0,1.0,4.0,1.0,4.0,1.0,3.0,2.0,4.0,1.0,6.0,2.0,5.0,3.0,3.0,2.0,2.0,1.0,1.0,4.0,2.0,2.0,2.0,1.0,2.0,2.0,1.0,4.0,1.0,3.0,3.0,2.0,2.0,1.0,2.0,2.0,1.0,1.0,1.0,1.0,2.0,1.0,1.0,2.0,3.0,3.0,1.0,1.0,2.0,3.0,3.0,2.0,2.0,1.0,3.0,1.0,2.0,2.0,2.0,2.0,1.0,1.0,1.0,1.0,2.0,1.0,3.0,3.0,2.0,3.0,2.0,1.0,1.0,3.0,2.0,1.0,1.0,1.0,2.0,3.0,4.0,2.0,1.0,2.0,2.0,2.0,1.0,2.0,3.0,1.0,3.0,2.0,3.0,3.0,2.0,2.0,1,0.0,0
190,20,Male,Crypto,Master,6,4,619,2.0,3.0,3.0,,1.0,,,3.0,1.0,,1.0,,,,2.0,,1.0,3.0,,2.0,,,,,,,,,5.0,6.0,,4.0,,4.0,3.0,,6.0,4.0,,,4.0,3.0,,,,,6.0,5.0,,,,,,,,,2.0,,2.0,2.0,,,5.0,4.0,,,6.0,2.0,4.0,5.0,,6.0,,,,,,6.0,,,5.0,,2.0,,,5.0,,2.0,5.0,3.0,,,,,,4.0,3.0,2.0,,2.0,,2.0,3.0,,5.0,,,3.0,1,0.565,0
191,44,Female,Bourse,Bachelor,81,8,514,2.0,2.0,3.0,1.0,4.0,2.0,3.0,2.0,3.0,2.0,3.0,2.0,3.0,1.0,2.0,1.0,4.0,1.0,3.0,1.0,5.0,3.0,3.0,2.0,2.0,2.0,1.0,1.0,5.0,1.0,2.0,6.0,5.0,2.0,3.0,2.0,5.0,2.0,4.0,3.0,3.0,1.0,4.0,2.0,3.0,2.0,3.0,5.0,4.0,1.0,3.0,4.0,3.0,3.0,5.0,2.0,2.0,2.0,3.0,4.0,1.0,5.0,5.0,5.0,2.0,3.0,2.0,6.0,2.0,4.0,4.0,2.0,2.0,4.0,3.0,2.0,2.0,4.0,2.0,2.0,3.0,1.0,3.0,2.0,4.0,6.0,2.0,5.0,1.0,2.0,2.0,1.0,2.0,2.0,1.0,1.0,1.0,1.0,2.0,1.0,1.0,1.0,1.0,2.0,2.0,1.0,1.0,2.0,1,0.0,0
192,27,Female,Gold,Bachelor,78,6,1852,4.0,1.0,3.0,1.0,2.0,1.0,4.0,1.0,3.0,1.0,4.0,1.0,1.0,1.0,4.0,1.0,4.0,1.0,4.0,2.0,5.0,5.0,5.0,4.0,2.0,4.0,3.0,4.0,1.0,5.0,2.0,3.0,2.0,2.0,1.0,1.0,3.0,2.0,3.0,4.0,2.0,1.0,3.0,2.0,1.0,2.0,3.0,4.0,1.0,1.0,1.0,1.0,2.0,2.0,3.0,3.0,2.0,3.0,3.0,3.0,4.0,2.0,1.0,2.0,3.0,1.0,3.0,4.0,3.0,1.0,1.0,5.0,2.0,2.0,3.0,2.0,2.0,2.0,1.0,4.0,3.0,3.0,1.0,3.0,3.0,3.0,1.0,1.0,1.0,1.0,2.0,2.0,1.0,2.0,2.0,2.0,1.0,1.0,1.0,5.0,1.0,2.0,2.0,2.0,3.0,3.0,2.0,3.0,1,0.0,0
193,19,Female,Forex,Bachelor,11,4,1573,3.0,2.0,1.0,2.0,1.0,3.0,2.0,2.0,2.0,2.0,1.0,3.0,2.0,3.0,1.0,3.0,2.0,1.0,1.0,2.0,3.0,5.0,3.0,4.0,4.0,3.0,1.0,2.0,4.0,2.0,4.0,2.0,2.0,4.0,4.0,5.0,4.0,3.0,3.0,3.0,5.0,5.0,3.0,3.0,2.0,3.0,5.0,2.0,1.0,6.0,1.0,2.0,1.0,2.0,1.0,1.0,1.0,1.0,1.0,1.0,1.0,1.0,1.0,2.0,1.0,2.0,4.0,5.0,1.0,5.0,1.0,2.0,1.0,2.0,6.0,3.0,6.0,2.0,2.0,1.0,1.0,1.0,1.0,1.0,4.0,1.0,1.0,3.0,1.0,1.0,4.0,1.0,2.0,3.0,1.0,1.0,2.0,2.0,2.0,1.0,1.0,2.0,2.0,3.0,3.0,1.0,2.0,5.0,1,0.0,0
194,49,Female,Bourse,Bachelor,18,1,584,3.0,3.0,2.0,1.0,4.0,1.0,3.0,1.0,2.0,1.0,3.0,1.0,4.0,2.0,2.0,1.0,4.0,1.0,4.0,1.0,4.0,5.0,6.0,6.0,4.0,2.0,2.0,4.0,2.0,4.0,4.0,4.0,5.0,1.0,5.0,3.0,2.0,1.0,4.0,3.0,2.0,2.0,1.0,2.0,1.0,1.0,5.0,2.0,3.0,1.0,4.0,5.0,2.0,1.0,1.0,2.0,4.0,1.0,1.0,3.0,4.0,4.0,2.0,1.0,3.0,3.0,4.0,3.0,4.0,3.0,2.0,2.0,1.0,1.0,2.0,6.0,3.0,3.0,2.0,2.0,2.0,2.0,1.0,2.0,3.0,4.0,6.0,3.0,1.0,3.0,3.0,4.0,6.0,2.0,5.0,1.0,2.0,2.0,1.0,1.0,1.0,2.0,1.0,2.0,1.0,3.0,3.0,1.0,1,0.0,0
195,28,Male,Bourse,Master,14,1,100,2.0,2.0,2.0,2.0,2.0,2.0,2.0,2.0,2.0,2.0,2.0,2.0,2.0,2.0,2.0,2.0,2.0,2.0,2.0,2.0,2.0,2.0,2.0,2.0,2.0,2.0,2.0,2.0,2.0,2.0,2.0,2.0,2.0,2.0,2.0,2.0,2.0,2.0,2.0,2.0,2.0,2.0,2.0,2.0,2.0,2.0,2.0,2.0,2.0,2.0,2.0,2.0,2.0,2.0,2.0,2.0,2.0,2.0,2.0,2.0,2.0,2.0,2.0,2.0,2.0,2.0,2.0,2.0,2.0,2.0,2.0,2.0,2.0,2.0,2.0,2.0,2.0,2.0,2.0,2.0,2.0,2.0,2.0,2.0,2.0,2.0,2.0,2.0,2.0,2.0,2.0,2.0,2.0,2.0,2.0,2.0,2.0,2.0,2.0,2.0,2.0,2.0,2.0,2.0,2.0,2.0,2.0,2.0,1,0.0,0
196,29,Male,Crypto,Master,22,3,914,2.0,3.0,1.0,3.0,2.0,2.0,3.0,1.0,2.0,3.0,1.0,2.0,3.0,2.0,2.0,2.0,2.0,1.0,3.0,2.0,2.0,5.0,5.0,5.0,4.0,2.0,1.0,3.0,5.0,1.0,2.0,4.0,5.0,2.0,4.0,3.0,3.0,5.0,3.0,4.0,5.0,5.0,2.0,4.0,3.0,3.0,4.0,2.0,2.0,6.0,2.0,3.0,1.0,2.0,2.0,2.0,1.0,1.0,3.0,2.0,5.0,4.0,4.0,5.0,2.0,4.0,3.0,5.0,1.0,2.0,3.0,4.0,2.0,4.0,3.0,1.0,6.0,4.0,1.0,2.0,3.0,2.0,1.0,2.0,2.0,2.0,1.0,4.0,1.0,1.0,2.0,1.0,3.0,2.0,3.0,4.0,1.0,1.0,2.0,1.0,1.0,1.0,1.0,2.0,1.0,2.0,3.0,3.0,1,0.0,0
197,21,Male,Crypto,Bachelor,19,3,617,3.0,4.0,2.0,1.0,3.0,3.0,3.0,4.0,3.0,1.0,4.0,3.0,3.0,3.0,3.0,1.0,3.0,2.0,3.0,1.0,2.0,5.0,6.0,5.0,6.0,3.0,5.0,2.0,3.0,4.0,6.0,5.0,3.0,4.0,3.0,3.0,2.0,1.0,3.0,2.0,3.0,3.0,4.0,6.0,1.0,2.0,2.0,1.0,1.0,3.0,4.0,3.0,1.0,4.0,2.0,3.0,2.0,2.0,4.0,2.0,1.0,4.0,1.0,1.0,2.0,2.0,2.0,2.0,2.0,5.0,1.0,4.0,1.0,3.0,3.0,3.0,1.0,3.0,3.0,2.0,2.0,1.0,1.0,5.0,3.0,1.0,1.0,1.0,1.0,2.0,2.0,1.0,4.0,2.0,3.0,2.0,1.0,3.0,1.0,1.0,2.0,1.0,1.0,2.0,1.0,2.0,1.0,3.0,1,0.0,0
198,27,Male,Bourse,Bachelor,50,21,983,4.0,1.0,4.0,1.0,4.0,1.0,3.0,2.0,4.0,2.0,4.0,1.0,4.0,1.0,4.0,2.0,4.0,2.0,1.0,1.0,5.0,2.0,6.0,5.0,2.0,3.0,2.0,2.0,3.0,3.0,2.0,2.0,6.0,2.0,2.0,1.0,2.0,2.0,4.0,3.0,5.0,2.0,1.0,5.0,2.0,5.0,1.0,2.0,3.0,2.0,2.0,2.0,2.0,1.0,2.0,6.0,2.0,3.0,1.0,4.0,3.0,2.0,1.0,1.0,3.0,1.0,2.0,2.0,1.0,3.0,4.0,1.0,2.0,2.0,3.0,2.0,3.0,2.0,1.0,1.0,1.0,3.0,2.0,1.0,2.0,3.0,3.0,1.0,2.0,1.0,4.0,1.0,4.0,2.0,1.0,4.0,1.0,1.0,2.0,1.0,3.0,1.0,2.0,4.0,3.0,4.0,3.0,3.0,1,0.0,0
199,29,Male,Gold,Bachelor,84,6,429,3.0,1.0,3.0,3.0,3.0,2.0,2.0,1.0,2.0,2.0,2.0,2.0,4.0,2.0,4.0,1.0,3.0,1.0,3.0,1.0,3.0,1.0,3.0,1.0,1.0,3.0,1.0,1.0,1.0,5.0,2.0,2.0,1.0,1.0,3.0,5.0,2.0,2.0,1.0,3.0,2.0,4.0,2.0,3.0,2.0,1.0,1.0,4.0,2.0,1.0,3.0,1.0,3.0,1.0,3.0,1.0,2.0,1.0,1.0,1.0,1.0,1.0,1.0,2.0,2.0,1.0,1.0,2.0,4.0,3.0,1.0,2.0,2.0,4.0,1.0,2.0,3.0,3.0,2.0,2.0,4.0,2.0,2.0,3.0,1.0,3.0,3.0,2.0,1.0,1.0,4.0,1.0,2.0,1.0,2.0,1.0,1.0,1.0,3.0,3.0,2.0,2.0,3.0,3.0,2.0,2.0,4.0,5.0,1,0.0,0
200,25,Male,Bourse,Other,45,4,558,4.0,1.0,2.0,1.0,4.0,1.0,3.0,4.0,2.0,1.0,2.0,1.0,4.0,2.0,3.0,2.0,4.0,1.0,4.0,1.0,3.0,3.0,2.0,3.0,2.0,1.0,4.0,2.0,2.0,4.0,2.0,2.0,3.0,3.0,1.0,3.0,3.0,3.0,2.0,1.0,2.0,4.0,2.0,4.0,2.0,2.0,3.0,1.0,3.0,1.0,3.0,1.0,1.0,3.0,4.0,2.0,6.0,3.0,3.0,2.0,1.0,3.0,2.0,3.0,1.0,5.0,1.0,2.0,3.0,2.0,1.0,2.0,1.0,3.0,1.0,1.0,1.0,3.0,1.0,1.0,2.0,2.0,5.0,3.0,2.0,1.0,2.0,2.0,1.0,3.0,3.0,2.0,2.0,2.0,5.0,1.0,1.0,2.0,2.0,1.0,1.0,2.0,1.0,3.0,2.0,3.0,1.0,2.0,1,0.0,0
201,40,Male,Forex,Diploma,41,2,799,2.0,3.0,3.0,3.0,2.0,3.0,3.0,3.0,3.0,2.0,3.0,2.0,2.0,2.0,3.0,2.0,3.0,1.0,3.0,2.0,1.0,3.0,3.0,1.0,3.0,2.0,3.0,3.0,2.0,3.0,3.0,3.0,4.0,3.0,3.0,5.0,4.0,4.0,4.0,1.0,6.0,6.0,4.0,3.0,2.0,5.0,5.0,3.0,3.0,5.0,2.0,3.0,1.0,4.0,5.0,3.0,2.0,4.0,2.0,1.0,4.0,3.0,3.0,3.0,2.0,5.0,3.0,2.0,3.0,2.0,2.0,2.0,1.0,2.0,2.0,1.0,1.0,2.0,3.0,2.0,2.0,4.0,3.0,1.0,3.0,1.0,5.0,2.0,3.0,4.0,1.0,3.0,2.0,1.0,4.0,1.0,2.0,1.0,1.0,3.0,2.0,2.0,1.0,3.0,2.0,3.0,2.0,1.0,1,0.0,0
202,52,Female,Bourse,Diploma,37,4,445,3.0,1.0,4.0,1.0,4.0,1.0,2.0,1.0,3.0,2.0,2.0,1.0,4.0,3.0,4.0,1.0,4.0,1.0,4.0,1.0,3.0,6.0,3.0,3.0,4.0,5.0,6.0,4.0,2.0,3.0,2.0,6.0,2.0,6.0,3.0,4.0,1.0,2.0,2.0,1.0,2.0,3.0,4.0,2.0,1.0,3.0,2.0,5.0,1.0,4.0,2.0,2.0,2.0,1.0,1.0,2.0,4.0,6.0,2.0,1.0,4.0,4.0,1.0,5.0,1.0,1.0,2.0,3.0,4.0,3.0,2.0,3.0,3.0,4.0,5.0,4.0,3.0,2.0,5.0,4.0,3.0,3.0,3.0,4.0,3.0,1.0,1.0,5.0,3.0,2.0,1.0,2.0,2.0,4.0,4.0,1.0,2.0,3.0,1.0,2.0,2.0,3.0,1.0,2.0,1.0,3.0,5.0,4.0,1,0.0,0
203,20,Male,Forex,Bachelor,52,2,197,4.0,2.0,3.0,2.0,4.0,2.0,3.0,1.0,3.0,1.0,4.0,1.0,4.0,2.0,4.0,1.0,4.0,1.0,4.0,1.0,5.0,2.0,4.0,4.0,6.0,5.0,4.0,1.0,5.0,3.0,6.0,3.0,5.0,3.0,4.0,5.0,4.0,4.0,3.0,4.0,3.0,6.0,4.0,5.0,5.0,5.0,5.0,2.0,4.0,2.0,4.0,4.0,2.0,3.0,2.0,3.0,4.0,2.0,4.0,3.0,3.0,1.0,1.0,1.0,4.0,2.0,2.0,6.0,3.0,6.0,4.0,5.0,2.0,6.0,5.0,1.0,3.0,2.0,5.0,4.0,4.0,4.0,2.0,3.0,2.0,1.0,2.0,3.0,1.0,5.0,3.0,1.0,4.0,2.0,2.0,1.0,1.0,1.0,1.0,1.0,1.0,1.0,2.0,1.0,1.0,1.0,1.0,2.0,1,0.0,0
204,34,Female,Bourse,Bachelor,58,11,870,2.0,2.0,3.0,3.0,1.0,4.0,2.0,3.0,2.0,4.0,3.0,3.0,1.0,1.0,2.0,2.0,2.0,1.0,2.0,1.0,4.0,6.0,5.0,4.0,3.0,5.0,6.0,3.0,4.0,3.0,3.0,4.0,3.0,2.0,4.0,2.0,4.0,1.0,6.0,3.0,6.0,6.0,5.0,3.0,3.0,5.0,2.0,3.0,2.0,3.0,4.0,3.0,1.0,4.0,3.0,1.0,4.0,3.0,1.0,1.0,6.0,3.0,3.0,4.0,3.0,4.0,2.0,6.0,2.0,3.0,2.0,4.0,2.0,3.0,4.0,2.0,1.0,4.0,3.0,5.0,2.0,2.0,3.0,6.0,2.0,4.0,3.0,4.0,1.0,5.0,1.0,4.0,6.0,2.0,1.0,2.0,3.0,2.0,2.0,1.0,3.0,4.0,1.0,4.0,5.0,4.0,5.0,3.0,1,0.0,0
205,51,Male,Gold,Master,21,5,770,2.0,2.0,2.0,2.0,2.0,2.0,2.0,2.0,2.0,2.0,2.0,2.0,2.0,2.0,2.0,2.0,2.0,2.0,2.0,2.0,2.0,2.0,2.0,2.0,2.0,2.0,2.0,2.0,2.0,2.0,2.0,2.0,2.0,2.0,2.0,2.0,2.0,2.0,2.0,2.0,2.0,2.0,2.0,2.0,2.0,2.0,2.0,2.0,2.0,2.0,2.0,2.0,2.0,2.0,2.0,2.0,2.0,2.0,2.0,2.0,2.0,2.0,2.0,2.0,2.0,2.0,2.0,2.0,2.0,2.0,2.0,2.0,2.0,2.0,2.0,2.0,2.0,2.0,2.0,2.0,2.0,2.0,2.0,2.0,2.0,2.0,2.0,2.0,2.0,2.0,2.0,2.0,2.0,2.0,2.0,2.0,2.0,2.0,2.0,2.0,2.0,2.0,2.0,2.0,2.0,2.0,2.0,2.0,1,0.0,1
206,20,Female,Gold,Bachelor,30,1,477,1.0,3.0,1.0,2.0,3.0,3.0,2.0,3.0,3.0,3.0,1.0,3.0,3.0,2.0,3.0,2.0,2.0,3.0,4.0,2.0,3.0,5.0,6.0,1.0,4.0,5.0,4.0,4.0,3.0,5.0,2.0,5.0,3.0,5.0,3.0,4.0,2.0,3.0,2.0,3.0,4.0,4.0,6.0,2.0,1.0,4.0,6.0,2.0,2.0,5.0,4.0,4.0,3.0,4.0,3.0,5.0,5.0,3.0,3.0,3.0,2.0,5.0,2.0,4.0,3.0,4.0,3.0,5.0,4.0,4.0,5.0,3.0,4.0,3.0,5.0,4.0,4.0,1.0,5.0,1.0,1.0,1.0,2.0,3.0,3.0,3.0,1.0,1.0,2.0,2.0,2.0,1.0,5.0,3.0,3.0,2.0,3.0,3.0,3.0,3.0,3.0,5.0,2.0,4.0,4.0,5.0,5.0,3.0,1,0.0,0
207,27,Male,Bourse,Diploma,47,3,334,1.0,2.0,1.0,2.0,2.0,2.0,2.0,2.0,2.0,2.0,3.0,1.0,3.0,1.0,3.0,1.0,4.0,2.0,3.0,3.0,2.0,5.0,3.0,3.0,2.0,1.0,1.0,3.0,1.0,1.0,3.0,2.0,3.0,3.0,2.0,1.0,3.0,2.0,4.0,4.0,3.0,1.0,3.0,1.0,3.0,2.0,1.0,2.0,1.0,2.0,2.0,3.0,1.0,3.0,2.0,3.0,2.0,1.0,4.0,5.0,1.0,1.0,5.0,2.0,3.0,4.0,4.0,5.0,2.0,2.0,2.0,2.0,3.0,2.0,1.0,2.0,1.0,1.0,2.0,3.0,1.0,2.0,2.0,6.0,1.0,1.0,1.0,1.0,2.0,2.0,1.0,1.0,4.0,2.0,2.0,1.0,1.0,5.0,3.0,1.0,2.0,3.0,1.0,1.0,3.0,2.0,2.0,2.0,1,0.0,0
208,49,Male,Crypto,Other,21,16,295,2.0,2.0,2.0,2.0,2.0,2.0,2.0,3.0,2.0,1.0,1.0,2.0,4.0,1.0,2.0,1.0,4.0,1.0,4.0,1.0,3.0,6.0,6.0,6.0,6.0,3.0,6.0,5.0,6.0,4.0,5.0,5.0,5.0,5.0,3.0,5.0,4.0,4.0,6.0,6.0,2.0,3.0,4.0,4.0,3.0,2.0,1.0,3.0,3.0,4.0,4.0,5.0,4.0,3.0,4.0,1.0,3.0,5.0,1.0,6.0,4.0,6.0,3.0,4.0,4.0,4.0,3.0,2.0,5.0,2.0,4.0,6.0,6.0,6.0,2.0,2.0,6.0,4.0,5.0,2.0,4.0,4.0,2.0,2.0,2.0,6.0,3.0,2.0,1.0,4.0,2.0,2.0,3.0,3.0,4.0,3.0,2.0,3.0,3.0,4.0,2.0,2.0,3.0,5.0,1.0,5.0,4.0,2.0,1,0.0,0
209,33,Male,Gold,Bachelor,17,6,545,,1.0,4.0,2.0,4.0,,,,,,,3.0,2.0,4.0,2.0,1.0,,1.0,,,5.0,4.0,2.0,,1.0,3.0,,,1.0,3.0,,,5.0,5.0,2.0,,3.0,6.0,,,,2.0,4.0,,,2.0,,,,,,6.0,,2.0,4.0,,,4.0,,,4.0,,,5.0,4.0,4.0,,2.0,5.0,3.0,,,4.0,,,,2.0,3.0,,2.0,,,2.0,,,,2.0,2.0,,,,1.0,,,,,,,5.0,1.0,,1.0,4.0,1.0,,,,3.0,1,0.537,0
210,27,Female,Bourse,Bachelor,24,4,377,3.0,2.0,3.0,2.0,2.0,3.0,2.0,4.0,1.0,2.0,4.0,2.0,2.0,2.0,1.0,3.0,3.0,2.0,2.0,2.0,3.0,6.0,6.0,5.0,4.0,5.0,4.0,4.0,2.0,6.0,3.0,2.0,3.0,4.0,6.0,4.0,3.0,3.0,3.0,4.0,2.0,3.0,4.0,5.0,3.0,5.0,1.0,3.0,3.0,4.0,4.0,2.0,4.0,5.0,2.0,6.0,3.0,3.0,6.0,2.0,6.0,6.0,2.0,2.0,3.0,1.0,4.0,3.0,3.0,5.0,4.0,3.0,2.0,4.0,4.0,2.0,3.0,6.0,1.0,3.0,4.0,6.0,2.0,1.0,3.0,1.0,2.0,4.0,6.0,2.0,3.0,2.0,4.0,3.0,5.0,1.0,1.0,1.0,2.0,2.0,3.0,3.0,2.0,3.0,3.0,4.0,2.0,4.0,1,0.0,0
211,32,Male,Gold,Diploma,26,12,876,1.0,2.0,2.0,3.0,1.0,4.0,1.0,2.0,1.0,3.0,2.0,4.0,1.0,3.0,1.0,2.0,1.0,3.0,2.0,2.0,4.0,2.0,1.0,6.0,3.0,4.0,1.0,5.0,2.0,5.0,5.0,6.0,1.0,1.0,3.0,6.0,6.0,2.0,3.0,6.0,5.0,4.0,5.0,5.0,4.0,2.0,2.0,4.0,3.0,3.0,4.0,3.0,1.0,2.0,3.0,5.0,6.0,4.0,3.0,4.0,6.0,3.0,3.0,4.0,3.0,2.0,5.0,5.0,5.0,5.0,2.0,3.0,4.0,3.0,5.0,2.0,6.0,1.0,4.0,4.0,4.0,4.0,1.0,2.0,1.0,3.0,2.0,1.0,5.0,2.0,3.0,5.0,3.0,4.0,3.0,3.0,4.0,3.0,2.0,4.0,3.0,5.0,2.0,3.0,5.0,5.0,4.0,5.0,1,0.0,0
212,30,Male,Bourse,Other,16,6,454,3.0,2.0,,,3.0,1.0,,2.0,3.0,,3.0,2.0,4.0,,,,4.0,,3.0,,,2.0,,,1.0,4.0,3.0,,,,1.0,,3.0,,6.0,2.0,3.0,,,,4.0,2.0,,,1.0,1.0,,,4.0,,4.0,3.0,1.0,2.0,,2.0,2.0,1.0,1.0,,4.0,2.0,,,,,1.0,4.0,3.0,1.0,,,1.0,,1.0,,2.0,,,1.0,,,,,,,2.0,,1.0,1.0,,,2.0,,,,,,,,,1.0,,5.0,1.0,3.0,2.0,4.0,1,0.509,0
